{
    "0": [
        {
            "time": 1238.4309,
            "slot": 6,
            "text": "carry"
        },
        {
            "time": 1248.4285,
            "slot": 0,
            "text": "yes dog"
        },
        {
            "time": 1253.7605,
            "slot": 6,
            "text": "lul"
        },
        {
            "time": 1281.9536,
            "slot": 4,
            "text": "HAHAH"
        },
        {
            "time": 1559.0526,
            "slot": 0,
            "text": "yeah "
        },
        {
            "time": 1563.1849,
            "slot": 0,
            "text": "fast and furious"
        },
        {
            "time": 1757.5132,
            "slot": 0,
            "text": "too fas"
        },
        {
            "time": 1996.3936,
            "slot": 8,
            "text": "idiot drow"
        },
        {
            "time": 2006.2939,
            "slot": 2,
            "text": "no idiot"
        },
        {
            "time": 2009.4379,
            "slot": 2,
            "text": "we too pro"
        },
        {
            "time": 2016.4619,
            "slot": 0,
            "text": "haha"
        },
        {
            "time": 2262.5669,
            "slot": 0,
            "text": "sad"
        },
        {
            "time": 2262.7676,
            "slot": 7,
            "text": "fkasjfoiashnfiplwqjdf80q23iwkm d123q"
        },
        {
            "time": 2263.3697,
            "slot": 2,
            "text": "lol"
        },
        {
            "time": 2263.9049,
            "slot": 4,
            "text": "COMMEND ME TY"
        },
        {
            "time": 2266.4469,
            "slot": 4,
            "text": "EZ"
        }
    ],
    "1": [
        {
            "time": 293.1951,
            "slot": 5,
            "text": "otstan'te"
        },
        {
            "time": 295.06131,
            "slot": 5,
            "text": "ebat'"
        },
        {
            "time": 349.58133,
            "slot": 2,
            "text": "ez)"
        },
        {
            "time": 404.63457,
            "slot": 2,
            "text": "xDDDD"
        },
        {
            "time": 853.65827,
            "slot": 5,
            "text": "piton"
        },
        {
            "time": 1941.12907,
            "slot": 5,
            "text": "stou"
        },
        {
            "time": 1963.73957,
            "slot": 5,
            "text": "govoril stou"
        }
    ],
    "2": [
        {
            "time": -253.145735,
            "slot": 4,
            "text": "axe is axe"
        },
        {
            "time": -60.85363,
            "slot": 2,
            "text": "FUCK"
        },
        {
            "time": 13.73,
            "slot": 1,
            "text": "reprot"
        },
        {
            "time": 14.6631,
            "slot": 7,
            "text": "ty"
        },
        {
            "time": 241.3744,
            "slot": 1,
            "text": "SAD"
        },
        {
            "time": 241.4411,
            "slot": 2,
            "text": "report"
        },
        {
            "time": 241.4411,
            "slot": 0,
            "text": "so ya mama likes dick ehh?"
        },
        {
            "time": 241.4411,
            "slot": 2,
            "text": ":/"
        },
        {
            "time": 241.4411,
            "slot": 0,
            "text": "figures"
        },
        {
            "time": 241.4411,
            "slot": 1,
            "text": "fucking reported axe"
        },
        {
            "time": 241.4411,
            "slot": 9,
            "text": "why axe is raping me top "
        },
        {
            "time": 242.5408,
            "slot": 8,
            "text": "sorry nex"
        },
        {
            "time": 247.47294,
            "slot": 8,
            "text": "i killed u "
        },
        {
            "time": 414.2322,
            "slot": 1,
            "text": "WORST HOOK IN HISTORY"
        },
        {
            "time": 424.6297,
            "slot": 0,
            "text": "ur not even a good hooker kid"
        },
        {
            "time": 620.7818,
            "slot": 8,
            "text": "almost "
        },
        {
            "time": 626.7803,
            "slot": 1,
            "text": "YOU THOUGHT"
        },
        {
            "time": 631.3792,
            "slot": 1,
            "text": "IM THE #1 ROAMER NA"
        },
        {
            "time": 874.7864,
            "slot": 1,
            "text": "STUPIDD PIUDGE"
        },
        {
            "time": 876.4527,
            "slot": 1,
            "text": "STUPID!"
        },
        {
            "time": 915.1765,
            "slot": 5,
            "text": "?"
        },
        {
            "time": 1072.4715,
            "slot": 2,
            "text": "report!!!!!!!!!!!!!!!!!@!!!!!!!~!!!!!!!!!!!!!!~!"
        },
        {
            "time": 1094.1995,
            "slot": 1,
            "text": "nice ult medusa"
        },
        {
            "time": 1095.7325,
            "slot": 1,
            "text": "commended"
        },
        {
            "time": 1102.5975,
            "slot": 1,
            "text": "DOWNYS  GET DUMKED"
        },
        {
            "time": 1712.3819,
            "slot": 0,
            "text": "passive shadow blade?"
        },
        {
            "time": 2279.1628,
            "slot": 2,
            "text": "what is the best soup?"
        },
        {
            "time": 2307.5929,
            "slot": 8,
            "text": "gg"
        },
        {
            "time": 2483.0907,
            "slot": 1,
            "text": "ez game"
        },
        {
            "time": 2484.83,
            "slot": 1,
            "text": "Ty ty "
        },
        {
            "time": 2525.1675,
            "slot": 0,
            "text": "gg"
        },
        {
            "time": 2525.1675,
            "slot": 3,
            "text": "gg"
        },
        {
            "time": 2525.5353,
            "slot": 2,
            "text": "gg"
        },
        {
            "time": 2527.2077,
            "slot": 1,
            "text": "SOOO EZQ!!"
        },
        {
            "time": 2527.9435,
            "slot": 2,
            "text": "I guess"
        },
        {
            "time": 2529.2815,
            "slot": 1,
            "text": "COMMEND ME!"
        },
        {
            "time": 2531.6227,
            "slot": 1,
            "text": "COMMAND ME!!"
        }
    ],
    "3": [
        {
            "time": -101.669062,
            "slot": 5,
            "text": "nice random ... lol"
        },
        {
            "time": 1199.79106,
            "slot": 0,
            "text": "?"
        },
        {
            "time": 1349.88776,
            "slot": 6,
            "text": "PUSH"
        },
        {
            "time": 1357.75246,
            "slot": 6,
            "text": "not defending"
        },
        {
            "time": 1582.23106,
            "slot": 6,
            "text": "dodger lc"
        },
        {
            "time": 1747.65726,
            "slot": 6,
            "text": "swap commend ty"
        },
        {
            "time": 1792.27976,
            "slot": 0,
            "text": "UPS"
        },
        {
            "time": 1794.21256,
            "slot": 6,
            "text": "swap commend ty"
        }
    ],
    "4": [
        {
            "time": -60.8518,
            "slot": 4,
            "text": "heartshaker"
        },
        {
            "time": 364.87762,
            "slot": 9,
            "text": "wtf"
        },
        {
            "time": 994.65712,
            "slot": 9,
            "text": "hsaha"
        },
        {
            "time": 999.92252,
            "slot": 9,
            "text": "dont roam mid more"
        },
        {
            "time": 1001.52212,
            "slot": 9,
            "text": "hasha"
        },
        {
            "time": 1011.11982,
            "slot": 4,
            "text": "man that silence on axe"
        },
        {
            "time": 1013.85242,
            "slot": 5,
            "text": "YEAH"
        },
        {
            "time": 1016.91832,
            "slot": 5,
            "text": "WELL PLAYED"
        },
        {
            "time": 1016.91832,
            "slot": 3,
            "text": "what"
        },
        {
            "time": 1064.14012,
            "slot": 7,
            "text": "Wa"
        },
        {
            "time": 1412.18852,
            "slot": 9,
            "text": "mkjill me"
        },
        {
            "time": 1759.47112,
            "slot": 3,
            "text": "jeje fAM"
        },
        {
            "time": 1764.08682,
            "slot": 5,
            "text": "GEGE GUYS"
        },
        {
            "time": 1767.16402,
            "slot": 3,
            "text": "free farming ls"
        },
        {
            "time": 1769.30452,
            "slot": 3,
            "text": "not coming into play"
        },
        {
            "time": 1771.44522,
            "slot": 5,
            "text": "HAHAHAHAHA"
        },
        {
            "time": 1772.64932,
            "slot": 5,
            "text": "SAD"
        },
        {
            "time": 1793.05212,
            "slot": 3,
            "text": "let end"
        },
        {
            "time": 1875.06482,
            "slot": 3,
            "text": "storm fat yet"
        },
        {
            "time": 1897.07312,
            "slot": 5,
            "text": "Y"
        },
        {
            "time": 1898.74552,
            "slot": 5,
            "text": "CLASH"
        },
        {
            "time": 1903.42812,
            "slot": 5,
            "text": "ZZZ"
        },
        {
            "time": 1905.97012,
            "slot": 3,
            "text": "zZZ"
        },
        {
            "time": 1913.72992,
            "slot": 5,
            "text": "u lost 4v4"
        },
        {
            "time": 1921.89102,
            "slot": 3,
            "text": "ok"
        },
        {
            "time": 1926.23912,
            "slot": 3,
            "text": "U useless anyways"
        },
        {
            "time": 1927.64392,
            "slot": 3,
            "text": "does it matter"
        },
        {
            "time": 1930.45352,
            "slot": 5,
            "text": "YEAH"
        },
        {
            "time": 1934.06582,
            "slot": 5,
            "text": "DO I CARE"
        },
        {
            "time": 1938.07952,
            "slot": 3,
            "text": "30mins in"
        },
        {
            "time": 1940.82222,
            "slot": 3,
            "text": "cant seem to hit a singel call"
        },
        {
            "time": 1941.22352,
            "slot": 3,
            "text": "ROFL"
        },
        {
            "time": 1946.24052,
            "slot": 5,
            "text": "ROFL"
        },
        {
            "time": 1986.97952,
            "slot": 3,
            "text": "still didnt hirt"
        },
        {
            "time": 1987.91592,
            "slot": 3,
            "text": "Aha"
        },
        {
            "time": 1996.81292,
            "slot": 5,
            "text": "CALL YOUR MOM"
        },
        {
            "time": 2027.91882,
            "slot": 5,
            "text": "YOU BETTER CALL YOUR MOM OD"
        },
        {
            "time": 2036.41452,
            "slot": 5,
            "text": "U NEED HER BREASTFEED"
        },
        {
            "time": 2037.28412,
            "slot": 3,
            "text": "better share hero contorl"
        },
        {
            "time": 2039.55852,
            "slot": 3,
            "text": "to someone else"
        },
        {
            "time": 2042.36812,
            "slot": 3,
            "text": "might start hitting ur Q"
        },
        {
            "time": 2042.97012,
            "slot": 3,
            "text": "ROFL"
        },
        {
            "time": 2043.83972,
            "slot": 3,
            "text": "fuckING"
        },
        {
            "time": 2046.44852,
            "slot": 7,
            "text": "stfu pls"
        },
        {
            "time": 2047.58582,
            "slot": 5,
            "text": "?"
        },
        {
            "time": 2047.98722,
            "slot": 3,
            "text": "Retard"
        },
        {
            "time": 2048.45552,
            "slot": 5,
            "text": "Q?"
        },
        {
            "time": 2050.66302,
            "slot": 5,
            "text": "WHATS Q"
        },
        {
            "time": 2052.87052,
            "slot": 7,
            "text": "my storm also cry"
        },
        {
            "time": 2057.28552,
            "slot": 3,
            "text": "yea"
        },
        {
            "time": 2058.89102,
            "slot": 3,
            "text": "he had an"
        },
        {
            "time": 2062.03502,
            "slot": 3,
            "text": "amazing blast laen"
        },
        {
            "time": 2063.43982,
            "slot": 3,
            "text": "at mid"
        },
        {
            "time": 2064.51012,
            "slot": 5,
            "text": "I DONT KNOW Q BRUH?"
        },
        {
            "time": 2076.01602,
            "slot": 5,
            "text": "I PLAY LEGACY"
        },
        {
            "time": 2077.48772,
            "slot": 3,
            "text": "20mins scythe on od"
        },
        {
            "time": 2078.82552,
            "slot": 3,
            "text": "Yet my "
        },
        {
            "time": 2080.09652,
            "slot": 3,
            "text": "LS "
        },
        {
            "time": 2081.50142,
            "slot": 3,
            "text": "wants to farm"
        },
        {
            "time": 2082.70552,
            "slot": 3,
            "text": "His orchid"
        },
        {
            "time": 2082.70552,
            "slot": 5,
            "text": "u play LOL"
        },
        {
            "time": 2098.62642,
            "slot": 5,
            "text": "GG"
        },
        {
            "time": 2099.49602,
            "slot": 5,
            "text": "END"
        },
        {
            "time": 2099.76352,
            "slot": 3,
            "text": "Die btich"
        },
        {
            "time": 2100.09802,
            "slot": 5,
            "text": "END"
        },
        {
            "time": 2100.70012,
            "slot": 5,
            "text": "EHND"
        },
        {
            "time": 2101.36902,
            "slot": 5,
            "text": "SADSADNSADSA"
        },
        {
            "time": 2101.77052,
            "slot": 5,
            "text": "DSAD"
        },
        {
            "time": 2136.75622,
            "slot": 5,
            "text": "GET BACK"
        },
        {
            "time": 2137.35832,
            "slot": 5,
            "text": "OD"
        },
        {
            "time": 2138.16102,
            "slot": 5,
            "text": "PLS"
        },
        {
            "time": 2164.24992,
            "slot": 7,
            "text": "cw no ulti>"
        },
        {
            "time": 2167.86222,
            "slot": 3,
            "text": "oh"
        },
        {
            "time": 2168.73182,
            "slot": 3,
            "text": "my god"
        },
        {
            "time": 2169.03282,
            "slot": 9,
            "text": "xD"
        },
        {
            "time": 2169.30052,
            "slot": 3,
            "text": "oh my god"
        },
        {
            "time": 2172.44452,
            "slot": 3,
            "text": "oh"
        },
        {
            "time": 2172.97962,
            "slot": 3,
            "text": "My"
        },
        {
            "time": 2174.18372,
            "slot": 3,
            "text": "Fucking god"
        },
        {
            "time": 2356.10352,
            "slot": 5,
            "text": "I GOT YOU"
        },
        {
            "time": 2365.93692,
            "slot": 5,
            "text": "NO CALL"
        },
        {
            "time": 2367.40852,
            "slot": 5,
            "text": "NO LOAD"
        },
        {
            "time": 2972.40272,
            "slot": 4,
            "text": "Gg"
        },
        {
            "time": 2978.02192,
            "slot": 5,
            "text": "WER R U OD"
        },
        {
            "time": 2981.90172,
            "slot": 9,
            "text": "ez"
        },
        {
            "time": 2985.11272,
            "slot": 9,
            "text": "Ez def"
        }
    ],
    "5": [
        {
            "time": 1740.75061,
            "slot": 6,
            "text": "GG"
        }
    ],
    "6": [
        {
            "time": 722.11752,
            "slot": 8,
            "text": "gg"
        },
        {
            "time": 722.58409,
            "slot": 2,
            "text": "?"
        },
        {
            "time": 732.24842,
            "slot": 2,
            "text": "????"
        },
        {
            "time": 1580.17462,
            "slot": 2,
            "text": "??????????????????????"
        },
        {
            "time": 2044.13162,
            "slot": 8,
            "text": "????????????????????????"
        },
        {
            "time": 2045.60342,
            "slot": 5,
            "text": "?"
        },
        {
            "time": 2050.88802,
            "slot": 2,
            "text": "!"
        },
        {
            "time": 2052.02522,
            "slot": 6,
            "text": "????????????????????????????"
        },
        {
            "time": 2053.56382,
            "slot": 1,
            "text": "HUY"
        },
        {
            "time": 2064.60142,
            "slot": 2,
            "text": "prosto est' igroki v moey komande"
        },
        {
            "time": 2078.04722,
            "slot": 2,
            "text": "kotorye ne uspevaut sledit' za peremesheniyami po karte"
        },
        {
            "time": 2087.14492,
            "slot": 2,
            "text": "po kakim-to prichinam"
        },
        {
            "time": 2725.35212,
            "slot": 8,
            "text": "????????????????????????????"
        },
        {
            "time": 2730.36922,
            "slot": 5,
            "text": "?"
        },
        {
            "time": 2734.04842,
            "slot": 2,
            "text": ")))"
        },
        {
            "time": 2755.98982,
            "slot": 2,
            "text": "klinkz 2 slota"
        },
        {
            "time": 2759.66902,
            "slot": 2,
            "text": "kakie voprosyt"
        },
        {
            "time": 2774.51962,
            "slot": 9,
            "text": "GG"
        },
        {
            "time": 2776.09162,
            "slot": 5,
            "text": "EZ"
        },
        {
            "time": 2779.10192,
            "slot": 8,
            "text": "ez"
        },
        {
            "time": 2780.43982,
            "slot": 2,
            "text": "aga, aga"
        }
    ],
    "7": [
        {
            "time": -60.55188,
            "slot": 1,
            "text": "drow "
        },
        {
            "time": -55.953,
            "slot": 1,
            "text": "remember me last game"
        },
        {
            "time": -54.02014,
            "slot": 1,
            "text": "haha"
        },
        {
            "time": 4.83215,
            "slot": 6,
            "text": "end"
        },
        {
            "time": 12.4303,
            "slot": 5,
            "text": "ez"
        },
        {
            "time": 15.96277,
            "slot": 2,
            "text": "then dont def? xD"
        },
        {
            "time": 20.02844,
            "slot": 9,
            "text": "hi axe "
        },
        {
            "time": 36.35779,
            "slot": 5,
            "text": "entertain me pls "
        },
        {
            "time": 366.71048,
            "slot": 1,
            "text": "waot"
        },
        {
            "time": 366.71048,
            "slot": 6,
            "text": "i am just feeding :?"
        },
        {
            "time": 1051.84312,
            "slot": 6,
            "text": "fl"
        },
        {
            "time": 1055.70892,
            "slot": 6,
            "text": "zeus"
        },
        {
            "time": 1271.48952,
            "slot": 6,
            "text": "i am so noob"
        },
        {
            "time": 1388.92752,
            "slot": 6,
            "text": "end"
        },
        {
            "time": 2063.06752,
            "slot": 3,
            "text": "Ec"
        },
        {
            "time": 2093.90592,
            "slot": 2,
            "text": "GG"
        },
        {
            "time": 2094.57482,
            "slot": 1,
            "text": "haha"
        },
        {
            "time": 2094.77552,
            "slot": 3,
            "text": "haha"
        },
        {
            "time": 2095.54482,
            "slot": 0,
            "text": "Hahyha"
        },
        {
            "time": 2095.81242,
            "slot": 8,
            "text": "ggwp"
        },
        {
            "time": 2099.49162,
            "slot": 3,
            "text": "nca game"
        },
        {
            "time": 2101.56532,
            "slot": 3,
            "text": "commend me"
        }
    ],
    "8": [
        {
            "time": 365.2775,
            "slot": 6,
            "text": "????"
        },
        {
            "time": 1135.02286,
            "slot": 1,
            "text": "?"
        },
        {
            "time": 1164.41566,
            "slot": 1,
            "text": "daun"
        },
        {
            "time": 1284.98626,
            "slot": 3,
            "text": "its gg"
        },
        {
            "time": 1285.71936,
            "slot": 3,
            "text": "guys"
        },
        {
            "time": 1286.71916,
            "slot": 3,
            "text": "wtf"
        },
        {
            "time": 1519.52896,
            "slot": 6,
            "text": "xd"
        },
        {
            "time": 1574.71546,
            "slot": 6,
            "text": "so good game"
        },
        {
            "time": 1579.98086,
            "slot": 6,
            "text": "3 griefers on my team"
        },
        {
            "time": 1580.64736,
            "slot": 6,
            "text": "xd"
        },
        {
            "time": 1608.37396,
            "slot": 2,
            "text": "am?"
        },
        {
            "time": 1632.50136,
            "slot": 4,
            "text": "gg"
        },
        {
            "time": 1635.63396,
            "slot": 6,
            "text": "xDDDD"
        },
        {
            "time": 1652.16326,
            "slot": 6,
            "text": "3 griefers vs ti finals tryhards"
        },
        {
            "time": 1653.02966,
            "slot": 6,
            "text": "yes"
        },
        {
            "time": 1655.82906,
            "slot": 6,
            "text": "good game was had"
        }
    ],
    "9": [
        {
            "time": 1707.64696,
            "slot": 2,
            "text": "GG"
        },
        {
            "time": 1769.42406,
            "slot": 9,
            "text": "WELL PLAYED SHIT CUNTS"
        }
    ],
    "10": [
        {
            "time": -44.58912,
            "slot": 6,
            "text": "happy no cour day "
        },
        {
            "time": -39.32374,
            "slot": 1,
            "text": "feed me"
        },
        {
            "time": -35.12476,
            "slot": 6,
            "text": "i will "
        },
        {
            "time": -32.32545,
            "slot": 1,
            "text": "go bot"
        },
        {
            "time": -27.99317,
            "slot": 6,
            "text": "sure"
        },
        {
            "time": -18.46217,
            "slot": 1,
            "text": "please dont be a trap"
        },
        {
            "time": -13.3301,
            "slot": 6,
            "text": "no trap "
        },
        {
            "time": -10.86402,
            "slot": 6,
            "text": "only me "
        },
        {
            "time": 288.52956,
            "slot": 6,
            "text": "lol"
        },
        {
            "time": 2138.2671,
            "slot": 1,
            "text": "EE SAMA IS HERE"
        },
        {
            "time": 2396.7141,
            "slot": 6,
            "text": "EE "
        },
        {
            "time": 2621.2122,
            "slot": 8,
            "text": "gg?"
        },
        {
            "time": 2630.0423,
            "slot": 0,
            "text": "already since the picking phase"
        },
        {
            "time": 2639.9426,
            "slot": 8,
            "text": "ez jugg"
        }
    ],
    "11": [
        {
            "time": 67.05028,
            "slot": 3,
            "text": "proper cunts"
        },
        {
            "time": 128.9685,
            "slot": 1,
            "text": "THIS GAME"
        },
        {
            "time": 129.96825,
            "slot": 1,
            "text": "IS DYING"
        },
        {
            "time": 133.43407,
            "slot": 1,
            "text": "FUCKING"
        },
        {
            "time": 134.23387,
            "slot": 1,
            "text": "LOST"
        },
        {
            "time": 134.83373,
            "slot": 1,
            "text": "OVER"
        },
        {
            "time": 135.96678,
            "slot": 1,
            "text": "8 LASTHITS"
        },
        {
            "time": 137.833,
            "slot": 1,
            "text": "CAUSE FO FUCKING HG"
        },
        {
            "time": 140.499,
            "slot": 1,
            "text": "8 ROW MISS"
        },
        {
            "time": 141.36546,
            "slot": 1,
            "text": "THEFUCK"
        },
        {
            "time": 1658.5283,
            "slot": 3,
            "text": "OP WR"
        }
    ],
    "12": [
        {
            "time": 1311.84633,
            "slot": 7,
            "text": "DIE "
        },
        {
            "time": 1798.48023,
            "slot": 5,
            "text": "XDDDDDDD"
        },
        {
            "time": 1799.75123,
            "slot": 5,
            "text": "HAAEZAEZHA"
        },
        {
            "time": 2041.10683,
            "slot": 0,
            "text": ".!."
        },
        {
            "time": 3174.80183,
            "slot": 5,
            "text": "????????????????"
        },
        {
            "time": 3175.47083,
            "slot": 5,
            "text": "team"
        },
        {
            "time": 3287.71983,
            "slot": 7,
            "text": "gg"
        },
        {
            "time": 3654.66983,
            "slot": 5,
            "text": "gg end"
        },
        {
            "time": 3668.04863,
            "slot": 7,
            "text": "why i have juger "
        },
        {
            "time": 3680.29033,
            "slot": 5,
            "text": "did my job but still getting flame hard game XD"
        },
        {
            "time": 3684.97283,
            "slot": 5,
            "text": "so lucky 2k archons"
        },
        {
            "time": 3716.14583,
            "slot": 6,
            "text": "u did your job are u fulcking kidding me ?"
        },
        {
            "time": 3727.98613,
            "slot": 5,
            "text": "u wouldhave hit the throne u jebaited 2k"
        },
        {
            "time": 3728.72193,
            "slot": 5,
            "text": "XD"
        },
        {
            "time": 3738.58883,
            "slot": 5,
            "text": "gg wp guys"
        },
        {
            "time": 3739.52543,
            "slot": 7,
            "text": "cant beleive we lsoe this "
        },
        {
            "time": 3743.87353,
            "slot": 5,
            "text": "so mad deutch"
        }
    ],
    "13": [
        {
            "time": 440.85905,
            "slot": 4,
            "text": "gg"
        },
        {
            "time": 583.95744,
            "slot": 4,
            "text": "vv"
        },
        {
            "time": 2044.1521,
            "slot": 4,
            "text": "gg "
        }
    ],
    "14": [
        {
            "time": -58.78564,
            "slot": 9,
            "text": "GLHF"
        },
        {
            "time": -55.18652,
            "slot": 1,
            "text": "hf"
        },
        {
            "time": -52.92042,
            "slot": 7,
            "text": "HF"
        },
        {
            "time": -27.59326,
            "slot": 7,
            "text": "and please, don't fight, just play and be happy."
        },
        {
            "time": -19.06202,
            "slot": 1,
            "text": "fuck off lol"
        },
        {
            "time": -15.72949,
            "slot": 4,
            "text": "feed"
        },
        {
            "time": -8.93115,
            "slot": 8,
            "text": "kill mi i mid :V"
        },
        {
            "time": 23.39428,
            "slot": 4,
            "text": "rubick "
        },
        {
            "time": 2158.17138,
            "slot": 9,
            "text": "eZ"
        },
        {
            "time": 2505.82218,
            "slot": 8,
            "text": "N.n"
        },
        {
            "time": 2509.56838,
            "slot": 3,
            "text": "gg wp "
        },
        {
            "time": 2511.97638,
            "slot": 8,
            "text": "Ggwp"
        },
        {
            "time": 2518.79968,
            "slot": 3,
            "text": "gg"
        },
        {
            "time": 2520.07068,
            "slot": 3,
            "text": "gg"
        }
    ],
    "15": [
        {
            "time": 1179.54536,
            "slot": 1,
            "text": "MAAN"
        },
        {
            "time": 1309.51356,
            "slot": 1,
            "text": "OK"
        },
        {
            "time": 1314.57896,
            "slot": 1,
            "text": "SVEN RICH"
        },
        {
            "time": 1498.96736,
            "slot": 1,
            "text": "OK"
        },
        {
            "time": 1612.07306,
            "slot": 1,
            "text": "STRAIGHT"
        },
        {
            "time": 2553.39166,
            "slot": 1,
            "text": "GG"
        },
        {
            "time": 2860.83886,
            "slot": 3,
            "text": "stupid medusa"
        },
        {
            "time": 2907.12996,
            "slot": 3,
            "text": "FUCKING MEDUSA"
        },
        {
            "time": 2907.79886,
            "slot": 3,
            "text": "NICE"
        },
        {
            "time": 2909.53816,
            "slot": 3,
            "text": "FORCESTAFF"
        },
        {
            "time": 2910.47466,
            "slot": 3,
            "text": "ASSHOLE"
        },
        {
            "time": 3228.39086,
            "slot": 3,
            "text": "this game"
        },
        {
            "time": 3230.93286,
            "slot": 3,
            "text": "will be a year ender"
        },
        {
            "time": 3234.94656,
            "slot": 1,
            "text": "HAHAHA"
        },
        {
            "time": 3526.27216,
            "slot": 3,
            "text": "this will be the last game played in 2017"
        },
        {
            "time": 3535.57056,
            "slot": 3,
            "text": "and i got 500 ping"
        },
        {
            "time": 3684.94616,
            "slot": 3,
            "text": "happy new year"
        },
        {
            "time": 3685.07986,
            "slot": 4,
            "text": "happy new year"
        },
        {
            "time": 3737.29116,
            "slot": 9,
            "text": "FCK U"
        },
        {
            "time": 3737.39136,
            "slot": 5,
            "text": "GGWP"
        },
        {
            "time": 3743.17776,
            "slot": 9,
            "text": "my teammates"
        },
        {
            "time": 3743.31156,
            "slot": 7,
            "text": "gg"
        },
        {
            "time": 3744.58256,
            "slot": 6,
            "text": "happy new year"
        }
    ],
    "16": [
        {
            "time": 54.67706,
            "slot": 8,
            "text": "? lol"
        },
        {
            "time": 400.99252,
            "slot": 8,
            "text": "?"
        },
        {
            "time": 441.14938,
            "slot": 5,
            "text": "wtf"
        },
        {
            "time": 665.32797,
            "slot": 9,
            "text": "gg"
        },
        {
            "time": 667.06088,
            "slot": 9,
            "text": "i go afk"
        },
        {
            "time": 682.85702,
            "slot": 0,
            "text": "You go nahooy"
        },
        {
            "time": 773.23495,
            "slot": 9,
            "text": "all report tinker"
        },
        {
            "time": 774.03476,
            "slot": 9,
            "text": "plz"
        },
        {
            "time": 776.76742,
            "slot": 9,
            "text": "he is troller"
        },
        {
            "time": 883.47472,
            "slot": 9,
            "text": "that team"
        },
        {
            "time": 1056.26582,
            "slot": 9,
            "text": "commend me"
        }
    ],
    "17": [
        {
            "time": 18.1289,
            "slot": 7,
            "text": "lol"
        },
        {
            "time": 56.18627,
            "slot": 5,
            "text": "gg"
        },
        {
            "time": 230.47707,
            "slot": 1,
            "text": ">"
        },
        {
            "time": 232.01004,
            "slot": 1,
            "text": "?"
        },
        {
            "time": 1460.70997,
            "slot": 5,
            "text": ":D"
        },
        {
            "time": 2353.52807,
            "slot": 5,
            "text": "gg"
        },
        {
            "time": 2360.61897,
            "slot": 7,
            "text": "gg EIZY"
        }
    ],
    "18": [
        {
            "time": 1469.90774,
            "slot": 2,
            "text": "ORKUDA"
        },
        {
            "time": 1471.84064,
            "slot": 2,
            "text": "UEBISHE"
        },
        {
            "time": 2001.56814,
            "slot": 2,
            "text": "REPORT"
        },
        {
            "time": 2003.70874,
            "slot": 2,
            "text": "DAZZKE"
        },
        {
            "time": 2124.05204,
            "slot": 8,
            "text": "gg wp "
        },
        {
            "time": 2168.33624,
            "slot": 2,
            "text": "WHY"
        },
        {
            "time": 2169.40654,
            "slot": 2,
            "text": "ME"
        },
        {
            "time": 2172.68434,
            "slot": 2,
            "text": "3 VS 5"
        },
        {
            "time": 2174.22294,
            "slot": 2,
            "text": "WHY ME"
        },
        {
            "time": 2182.58474,
            "slot": 2,
            "text": "WHY"
        },
        {
            "time": 2189.14044,
            "slot": 8,
            "text": "because u have blink "
        },
        {
            "time": 2195.36154,
            "slot": 2,
            "text": "L O L"
        },
        {
            "time": 2196.96704,
            "slot": 2,
            "text": "BITCH"
        },
        {
            "time": 2218.94194,
            "slot": 5,
            "text": "gg"
        }
    ],
    "19": [
        {
            "time": 1052.77623,
            "slot": 7,
            "text": "rude"
        },
        {
            "time": 1057.70843,
            "slot": 8,
            "text": "meanies"
        },
        {
            "time": 2353.50913,
            "slot": 1,
            "text": "cool"
        },
        {
            "time": 2398.32843,
            "slot": 0,
            "text": "this is kotl from last game, can you just let us finish?"
        },
        {
            "time": 2402.87713,
            "slot": 7,
            "text": "yeah"
        },
        {
            "time": 2406.28883,
            "slot": 8,
            "text": ":("
        },
        {
            "time": 2406.89093,
            "slot": 7,
            "text": "i'm afk"
        },
        {
            "time": 2414.24933,
            "slot": 5,
            "text": "fair is fair"
        },
        {
            "time": 2420.47053,
            "slot": 6,
            "text": "lmaoooo hi kotl"
        },
        {
            "time": 2421.67463,
            "slot": 2,
            "text": "never give up"
        },
        {
            "time": 2427.36063,
            "slot": 1,
            "text": "lol"
        },
        {
            "time": 2429.56813,
            "slot": 8,
            "text": "sup kotl baby"
        },
        {
            "time": 2431.90943,
            "slot": 9,
            "text": "report ss"
        },
        {
            "time": 2435.65553,
            "slot": 8,
            "text": "how you doin?"
        },
        {
            "time": 2435.72243,
            "slot": 9,
            "text": "quitter"
        },
        {
            "time": 2437.32793,
            "slot": 5,
            "text": "lol"
        },
        {
            "time": 2441.74293,
            "slot": 6,
            "text": "lmao"
        },
        {
            "time": 2463.18263,
            "slot": 7,
            "text": "gg"
        },
        {
            "time": 2464.85513,
            "slot": 6,
            "text": "gg"
        },
        {
            "time": 2464.98883,
            "slot": 3,
            "text": "gg"
        },
        {
            "time": 2466.32673,
            "slot": 5,
            "text": "gg"
        }
    ],
    "20": [
        {
            "time": 365.1442,
            "slot": 6,
            "text": "ty]"
        },
        {
            "time": 990.5581,
            "slot": 6,
            "text": "ty"
        },
        {
            "time": 992.5576,
            "slot": 6,
            "text": "dis"
        },
        {
            "time": 1002.2219,
            "slot": 2,
            "text": "))))"
        },
        {
            "time": 1644.0343,
            "slot": 5,
            "text": "end"
        },
        {
            "time": 1653.1989,
            "slot": 5,
            "text": "can't win with wr support and invoker offlane"
        },
        {
            "time": 2427.1686,
            "slot": 5,
            "text": "report this invoker"
        }
    ],
    "21": [
        {
            "time": -306.701557,
            "slot": 9,
            "text": "why am i here"
        },
        {
            "time": -303.701603,
            "slot": 9,
            "text": "fuckign ancients"
        },
        {
            "time": -299.30167,
            "slot": 9,
            "text": "qwjeiqheuqwhewqu"
        },
        {
            "time": 263.73563,
            "slot": 8,
            "text": "rofl"
        },
        {
            "time": 1202.57303,
            "slot": 2,
            "text": "end fast"
        },
        {
            "time": 1528.82673,
            "slot": 2,
            "text": "SLOW HAND TINKER"
        },
        {
            "time": 2142.99233,
            "slot": 4,
            "text": "bro"
        },
        {
            "time": 2144.09613,
            "slot": 4,
            "text": "U CAN"
        },
        {
            "time": 2144.09613,
            "slot": 4,
            "text": "SEE AXE?"
        },
        {
            "time": 2144.09613,
            "slot": 4,
            "text": "CALL?"
        },
        {
            "time": 2202.62883,
            "slot": 6,
            "text": "die idoot"
        },
        {
            "time": 2327.08613,
            "slot": 5,
            "text": "WTf?"
        },
        {
            "time": 2420.53773,
            "slot": 6,
            "text": "divine for the win"
        },
        {
            "time": 2422.00953,
            "slot": 6,
            "text": "so noob"
        },
        {
            "time": 2423.14653,
            "slot": 6,
            "text": "fucker"
        },
        {
            "time": 2562.32073,
            "slot": 2,
            "text": "GG CAL"
        },
        {
            "time": 2573.62593,
            "slot": 8,
            "text": "no bb"
        },
        {
            "time": 2574.76313,
            "slot": 6,
            "text": "Tk"
        },
        {
            "time": 2575.63273,
            "slot": 8,
            "text": "go end"
        },
        {
            "time": 2575.76653,
            "slot": 6,
            "text": "ahahaha"
        },
        {
            "time": 2576.97053,
            "slot": 8,
            "text": "xD"
        },
        {
            "time": 2577.17133,
            "slot": 6,
            "text": "so sad"
        },
        {
            "time": 2582.92423,
            "slot": 8,
            "text": "ez counter all"
        },
        {
            "time": 2586.00133,
            "slot": 6,
            "text": "triggerd"
        },
        {
            "time": 2862.24233,
            "slot": 2,
            "text": "AAAHA"
        },
        {
            "time": 3111.95953,
            "slot": 0,
            "text": "DANCE"
        },
        {
            "time": 3212.76973,
            "slot": 6,
            "text": "rep[ort jugg"
        },
        {
            "time": 3213.50553,
            "slot": 6,
            "text": "ty"
        },
        {
            "time": 3439.80973,
            "slot": 5,
            "text": "rofl"
        },
        {
            "time": 3441.21453,
            "slot": 5,
            "text": "end"
        },
        {
            "time": 3443.48893,
            "slot": 2,
            "text": "AHAHA"
        },
        {
            "time": 3445.09443,
            "slot": 0,
            "text": "gg"
        },
        {
            "time": 3445.42883,
            "slot": 2,
            "text": "LMAO"
        },
        {
            "time": 3448.03773,
            "slot": 8,
            "text": "gg"
        },
        {
            "time": 3452.85413,
            "slot": 2,
            "text": "it definitely is gg"
        },
        {
            "time": 3454.32583,
            "slot": 0,
            "text": "fking clock"
        },
        {
            "time": 3456.19883,
            "slot": 0,
            "text": "talking more"
        },
        {
            "time": 3463.22283,
            "slot": 6,
            "text": "ez"
        },
        {
            "time": 3466.63453,
            "slot": 0,
            "text": "ez dog"
        },
        {
            "time": 3471.11633,
            "slot": 6,
            "text": "just erport this jugg"
        },
        {
            "time": 3471.45083,
            "slot": 8,
            "text": "tang ina"
        },
        {
            "time": 3471.91913,
            "slot": 6,
            "text": "ty"
        },
        {
            "time": 3474.46113,
            "slot": 8,
            "text": "sobrang tanga"
        },
        {
            "time": 3481.15053,
            "slot": 3,
            "text": "counter more"
        },
        {
            "time": 3481.68573,
            "slot": 0,
            "text": "otak cibai"
        },
        {
            "time": 3486.70283,
            "slot": 0,
            "text": "lancau"
        },
        {
            "time": 3522.69203,
            "slot": 6,
            "text": "gg"
        },
        {
            "time": 3540.68663,
            "slot": 2,
            "text": "sf def?"
        },
        {
            "time": 3541.55633,
            "slot": 2,
            "text": "AHAHA"
        },
        {
            "time": 3558.84853,
            "slot": 0,
            "text": "pro clock"
        },
        {
            "time": 3559.45053,
            "slot": 0,
            "text": "haha"
        },
        {
            "time": 3561.72503,
            "slot": 4,
            "text": "gg"
        },
        {
            "time": 3567.24383,
            "slot": 2,
            "text": "GGWP"
        },
        {
            "time": 3569.71893,
            "slot": 8,
            "text": "aghs jugg"
        },
        {
            "time": 3569.85273,
            "slot": 3,
            "text": "counter more"
        }
    ],
    "22": [
        {
            "time": -26.09364,
            "slot": 1,
            "text": "HI"
        },
        {
            "time": 200.51776,
            "slot": 0,
            "text": "hi"
        },
        {
            "time": 467.25259,
            "slot": 1,
            "text": "LOL"
        },
        {
            "time": 469.91861,
            "slot": 4,
            "text": "lol"
        },
        {
            "time": 471.18496,
            "slot": 0,
            "text": "chapa tus alas"
        },
        {
            "time": 473.71766,
            "slot": 0,
            "text": "MARICON"
        },
        {
            "time": 791.90666,
            "slot": 1,
            "text": "EISI"
        },
        {
            "time": 1354.96916,
            "slot": 1,
            "text": "RUN"
        },
        {
            "time": 1361.83416,
            "slot": 4,
            "text": "q"
        },
        {
            "time": 1501.06676,
            "slot": 9,
            "text": "gg"
        },
        {
            "time": 1605.47466,
            "slot": 9,
            "text": "gg"
        },
        {
            "time": 1887.00826,
            "slot": 0,
            "text": "Ez"
        },
        {
            "time": 1887.61026,
            "slot": 8,
            "text": "gg wp"
        },
        {
            "time": 1888.41296,
            "slot": 0,
            "text": "basuras"
        },
        {
            "time": 1889.08196,
            "slot": 5,
            "text": "gg"
        }
    ],
    "23": [
        {
            "time": -131.21776,
            "slot": 4,
            "text": "come on try harder"
        },
        {
            "time": 456.05534,
            "slot": 3,
            "text": "what's happening boyz ?"
        },
        {
            "time": 456.05534,
            "slot": 6,
            "text": "idk"
        },
        {
            "time": 456.05534,
            "slot": 8,
            "text": "W8"
        },
        {
            "time": 456.05534,
            "slot": 8,
            "text": "he will "
        },
        {
            "time": 456.05534,
            "slot": 8,
            "text": "reconnect"
        },
        {
            "time": 456.05534,
            "slot": 8,
            "text": "3 min "
        },
        {
            "time": 456.05534,
            "slot": 3,
            "text": "as you can see we are waiting "
        },
        {
            "time": 456.05534,
            "slot": 3,
            "text": ":D"
        },
        {
            "time": 456.05534,
            "slot": 3,
            "text": "I am just asking what happened"
        },
        {
            "time": 456.05534,
            "slot": 4,
            "text": "and we wait 5 for now "
        },
        {
            "time": 456.05534,
            "slot": 2,
            "text": ":kiss1:"
        },
        {
            "time": 456.05534,
            "slot": 3,
            "text": "<3"
        },
        {
            "time": 456.05534,
            "slot": 3,
            "text": "how many more x3 mins do we have to wait"
        },
        {
            "time": 456.05534,
            "slot": 8,
            "text": "2 min "
        },
        {
            "time": 456.05534,
            "slot": 3,
            "text": ":D"
        },
        {
            "time": 456.05534,
            "slot": 4,
            "text": "kek "
        },
        {
            "time": 456.05534,
            "slot": 3,
            "text": "BOI"
        },
        {
            "time": 456.05534,
            "slot": 4,
            "text": "YAAAA"
        },
        {
            "time": 456.05534,
            "slot": 3,
            "text": "you don't know how time works"
        },
        {
            "time": 456.05534,
            "slot": 4,
            "text": "guys i think we wait too much "
        },
        {
            "time": 456.05534,
            "slot": 3,
            "text": "look"
        },
        {
            "time": 456.05534,
            "slot": 4,
            "text": "i know its your fr but "
        },
        {
            "time": 456.05534,
            "slot": 4,
            "text": "i dont want to sleep here :D "
        },
        {
            "time": 456.05534,
            "slot": 2,
            "text": " "
        },
        {
            "time": 456.05534,
            "slot": 6,
            "text": ":D"
        },
        {
            "time": 456.05534,
            "slot": 3,
            "text": "you will have more gold if he leaves"
        },
        {
            "time": 456.05534,
            "slot": 5,
            "text": "oh why u wake me up"
        },
        {
            "time": 456.05534,
            "slot": 6,
            "text": "its our midlaner lol"
        },
        {
            "time": 456.05534,
            "slot": 3,
            "text": "If I roll a one"
        },
        {
            "time": 456.05534,
            "slot": 3,
            "text": "WE GO"
        },
        {
            "time": 457.12174,
            "slot": 3,
            "text": "izi"
        },
        {
            "time": 496.3122,
            "slot": 6,
            "text": "Dat was lucky"
        },
        {
            "time": 500.0446,
            "slot": 3,
            "text": "+"
        },
        {
            "time": 557.6972,
            "slot": 5,
            "text": "hh"
        },
        {
            "time": 563.09587,
            "slot": 5,
            "text": "gg guys"
        },
        {
            "time": 662.8715,
            "slot": 6,
            "text": " -.-"
        },
        {
            "time": 723.1901,
            "slot": 3,
            "text": "now you are lucky"
        },
        {
            "time": 725.0563,
            "slot": 3,
            "text": ":D"
        },
        {
            "time": 726.5226,
            "slot": 6,
            "text": "hahahah"
        },
        {
            "time": 817.5671,
            "slot": 6,
            "text": "Rfl"
        },
        {
            "time": 826.4316,
            "slot": 6,
            "text": "we aren't playing hide and seek !"
        },
        {
            "time": 858.4237,
            "slot": 3,
            "text": "naah we ain't"
        },
        {
            "time": 859.2902,
            "slot": 3,
            "text": ":D"
        },
        {
            "time": 930.2729,
            "slot": 6,
            "text": "u see this fair ?"
        },
        {
            "time": 937.0712,
            "slot": 4,
            "text": "bro just quit :D "
        },
        {
            "time": 1263.9914,
            "slot": 6,
            "text": "shame :D"
        },
        {
            "time": 1293.6508,
            "slot": 5,
            "text": "?"
        },
        {
            "time": 1507.8652,
            "slot": 3,
            "text": "gg wp"
        },
        {
            "time": 1543.4231,
            "slot": 1,
            "text": "gg wp"
        }
    ],
    "24": [
        {
            "time": 132.6569,
            "slot": 2,
            "text": "u mad?"
        },
        {
            "time": 137.32244,
            "slot": 3,
            "text": "lol"
        },
        {
            "time": 301.61565,
            "slot": 3,
            "text": "ez gang?"
        },
        {
            "time": 2327.0605,
            "slot": 4,
            "text": "ff"
        }
    ],
    "25": [
        {
            "time": 459.02127,
            "slot": 4,
            "text": "?"
        },
        {
            "time": 459.12127,
            "slot": 8,
            "text": "TY"
        },
        {
            "time": 775.64397,
            "slot": 8,
            "text": "report sf and lycan"
        },
        {
            "time": 803.70377,
            "slot": 8,
            "text": "retard take lycan for hard "
        },
        {
            "time": 818.30017,
            "slot": 8,
            "text": "second rtard lose lane with help"
        },
        {
            "time": 1209.27137,
            "slot": 8,
            "text": "just end"
        },
        {
            "time": 1219.20227,
            "slot": 8,
            "text": "dont forget report lycan and sf"
        },
        {
            "time": 1227.73357,
            "slot": 5,
            "text": "ahaha"
        },
        {
            "time": 1233.86537,
            "slot": 8,
            "text": "next game can come to yours team"
        },
        {
            "time": 1404.42377,
            "slot": 4,
            "text": "10k"
        },
        {
            "time": 1455.14467,
            "slot": 4,
            "text": "DENAY"
        },
        {
            "time": 1458.54387,
            "slot": 5,
            "text": "+"
        },
        {
            "time": 1471.00747,
            "slot": 4,
            "text": "HAROSH"
        },
        {
            "time": 1479.93867,
            "slot": 5,
            "text": "DOBEU"
        },
        {
            "time": 1503.26627,
            "slot": 8,
            "text": "end"
        },
        {
            "time": 1505.99897,
            "slot": 8,
            "text": "im afk"
        },
        {
            "time": 1506.86537,
            "slot": 4,
            "text": "kk"
        },
        {
            "time": 1510.66447,
            "slot": 4,
            "text": "dont def"
        },
        {
            "time": 1513.33047,
            "slot": 8,
            "text": "k"
        },
        {
            "time": 1514.93007,
            "slot": 4,
            "text": "going"
        },
        {
            "time": 1553.45397,
            "slot": 4,
            "text": "https://www.twitch.tv/vt_negative"
        },
        {
            "time": 1561.48537,
            "slot": 8,
            "text": "da ti raq"
        },
        {
            "time": 1565.35107,
            "slot": 4,
            "text": "https://www.twitch.tv/vt_negative"
        },
        {
            "time": 1567.81717,
            "slot": 8,
            "text": "nahuy spamiw twitch"
        }
    ],
    "26": [
        {
            "time": 2081.36144,
            "slot": 3,
            "text": "MERRY CHRISTMAS"
        },
        {
            "time": 2086.04414,
            "slot": 9,
            "text": " you too"
        },
        {
            "time": 2088.78674,
            "slot": 9,
            "text": ":X"
        },
        {
            "time": 2108.31994,
            "slot": 1,
            "text": "GG"
        },
        {
            "time": 2108.78824,
            "slot": 2,
            "text": "gg wp"
        }
    ],
    "27": [
        {
            "time": 519.52999,
            "slot": 4,
            "text": "tsk tsk"
        },
        {
            "time": 651.63104,
            "slot": 2,
            "text": "end"
        },
        {
            "time": 1091.45699,
            "slot": 2,
            "text": "sds"
        },
        {
            "time": 1093.78969,
            "slot": 1,
            "text": "End"
        },
        {
            "time": 1095.18939,
            "slot": 1,
            "text": "gg mid"
        },
        {
            "time": 1101.45449,
            "slot": 1,
            "text": "mana shield lvl 1"
        },
        {
            "time": 1103.52069,
            "slot": 1,
            "text": "What a noob dogh"
        },
        {
            "time": 1622.72719,
            "slot": 4,
            "text": "lmao"
        },
        {
            "time": 2258.82219,
            "slot": 5,
            "text": "wow !"
        },
        {
            "time": 2264.03989,
            "slot": 1,
            "text": "Dont wow me"
        },
        {
            "time": 2266.44819,
            "slot": 1,
            "text": "my team just noob"
        },
        {
            "time": 2268.78949,
            "slot": 5,
            "text": "hahaha"
        },
        {
            "time": 2272.26789,
            "slot": 5,
            "text": "chill dude"
        },
        {
            "time": 2277.95399,
            "slot": 5,
            "text": "why so hot headed"
        },
        {
            "time": 2282.90419,
            "slot": 4,
            "text": "no clue"
        },
        {
            "time": 2283.77389,
            "slot": 5,
            "text": "I've been there"
        },
        {
            "time": 2312.53849,
            "slot": 5,
            "text": "just by looking at your set you are pro dude"
        },
        {
            "time": 2318.02389,
            "slot": 1,
            "text": "haha"
        },
        {
            "time": 2323.77689,
            "slot": 5,
            "text": "hahaha"
        },
        {
            "time": 2465.29219,
            "slot": 7,
            "text": "wever is so sacred"
        },
        {
            "time": 2467.36589,
            "slot": 7,
            "text": "lol"
        },
        {
            "time": 2599.48259,
            "slot": 1,
            "text": "emd"
        },
        {
            "time": 2600.35219,
            "slot": 1,
            "text": "end"
        },
        {
            "time": 2635.20429,
            "slot": 1,
            "text": "wp"
        },
        {
            "time": 2636.27459,
            "slot": 5,
            "text": "ahahahahaha"
        },
        {
            "time": 2637.81319,
            "slot": 3,
            "text": "wp"
        },
        {
            "time": 2637.91349,
            "slot": 5,
            "text": "ggwp"
        }
    ],
    "28": [
        {
            "time": 453.38931,
            "slot": 4,
            "text": "lolol"
        },
        {
            "time": 455.18886,
            "slot": 4,
            "text": "150 bashes"
        },
        {
            "time": 902.47966,
            "slot": 1,
            "text": "BASHES"
        },
        {
            "time": 1406.08996,
            "slot": 0,
            "text": "BASH BASH)00"
        },
        {
            "time": 1415.42106,
            "slot": 1,
            "text": "CUZ THEY GOT VOID"
        },
        {
            "time": 1610.17346,
            "slot": 1,
            "text": "))))"
        },
        {
            "time": 1664.09366,
            "slot": 4,
            "text": "fucking dogs"
        },
        {
            "time": 2671.31556,
            "slot": 0,
            "text": "?"
        },
        {
            "time": 2691.71846,
            "slot": 4,
            "text": "ez"
        },
        {
            "time": 2692.65496,
            "slot": 4,
            "text": "game"
        }
    ],
    "29": [
        {
            "time": -26.62684,
            "slot": 0,
            "text": "Afk"
        },
        {
            "time": -26.42688,
            "slot": 0,
            "text": "afk"
        },
        {
            "time": -26.42688,
            "slot": 6,
            "text": "who afk"
        },
        {
            "time": -26.42688,
            "slot": 0,
            "text": "un rato"
        },
        {
            "time": -26.42688,
            "slot": 6,
            "text": "quien"
        },
        {
            "time": -26.42688,
            "slot": 0,
            "text": "one moment"
        },
        {
            "time": -26.42688,
            "slot": 9,
            "text": "idc"
        },
        {
            "time": -19.42859,
            "slot": 3,
            "text": "pudge me gustan tus royos"
        },
        {
            "time": 682.66664,
            "slot": 1,
            "text": "000000000-5   NICE FEDD"
        },
        {
            "time": 713.12584,
            "slot": 9,
            "text": "lmao"
        },
        {
            "time": 743.25184,
            "slot": 9,
            "text": "lol"
        },
        {
            "time": 759.11464,
            "slot": 1,
            "text": "FREEE  FEDDD"
        },
        {
            "time": 939.97044,
            "slot": 1,
            "text": "THIS SK OFF"
        },
        {
            "time": 946.83544,
            "slot": 6,
            "text": "this ES"
        },
        {
            "time": 953.10064,
            "slot": 1,
            "text": "NICE FEDDDD"
        },
        {
            "time": 978.82764,
            "slot": 1,
            "text": "SACRED RELIC SPECTRE  TY  SK"
        },
        {
            "time": 1002.55524,
            "slot": 0,
            "text": "gg sk"
        },
        {
            "time": 1006.28764,
            "slot": 1,
            "text": "END PLS "
        },
        {
            "time": 1011.01984,
            "slot": 1,
            "text": "FUCK   SK"
        },
        {
            "time": 1025.88284,
            "slot": 1,
            "text": "fED FED FED SK "
        },
        {
            "time": 1052.87624,
            "slot": 1,
            "text": "fED FED "
        },
        {
            "time": 1554.85364,
            "slot": 5,
            "text": "yo"
        },
        {
            "time": 1560.71894,
            "slot": 5,
            "text": "turn off ur map hacks"
        },
        {
            "time": 1561.78534,
            "slot": 5,
            "text": "plz"
        },
        {
            "time": 2391.69104,
            "slot": 2,
            "text": "1 vs 0"
        },
        {
            "time": 2395.83844,
            "slot": 1,
            "text": "YEP"
        },
        {
            "time": 2396.30664,
            "slot": 2,
            "text": "1 vs 9"
        },
        {
            "time": 2397.91204,
            "slot": 2,
            "text": "una caca"
        },
        {
            "time": 2399.98584,
            "slot": 2,
            "text": "todo mi team"
        },
        {
            "time": 2404.26704,
            "slot": 9,
            "text": "0-17 ak"
        },
        {
            "time": 2405.47124,
            "slot": 9,
            "text": "sk"
        },
        {
            "time": 2406.67534,
            "slot": 9,
            "text": "lmao"
        },
        {
            "time": 2414.10064,
            "slot": 1,
            "text": "REPORT PLS "
        },
        {
            "time": 2577.18944,
            "slot": 1,
            "text": "0-18"
        },
        {
            "time": 2580.40044,
            "slot": 1,
            "text": "NICE SK"
        },
        {
            "time": 2584.88234,
            "slot": 1,
            "text": "0-18"
        },
        {
            "time": 2748.23884,
            "slot": 8,
            "text": "ez"
        },
        {
            "time": 2760.04564,
            "slot": 5,
            "text": "GG"
        },
        {
            "time": 2760.38004,
            "slot": 6,
            "text": "ez"
        },
        {
            "time": 2760.38004,
            "slot": 8,
            "text": "ez zzzz"
        },
        {
            "time": 2761.11604,
            "slot": 9,
            "text": "ggwp commend"
        },
        {
            "time": 2762.98904,
            "slot": 4,
            "text": "REPORT TORO"
        },
        {
            "time": 2765.59804,
            "slot": 1,
            "text": "EZ"
        },
        {
            "time": 2767.40404,
            "slot": 1,
            "text": "FEDD"
        },
        {
            "time": 2769.07644,
            "slot": 1,
            "text": "EZ FEDD"
        },
        {
            "time": 2769.61164,
            "slot": 2,
            "text": "commend team"
        }
    ]
}