{
    "30": [
        {
            "time": 2232.9265,
            "slot": 8,
            "text": "Ez mid ,ez game"
        },
        {
            "time": 2242.6261,
            "slot": 8,
            "text": ":*"
        }
    ],
    "31": [
        {
            "time": 1542.75663,
            "slot": 3,
            "text": "wait a lit pl"
        },
        {
            "time": 1542.75663,
            "slot": 3,
            "text": "pls"
        },
        {
            "time": 1944.20073,
            "slot": 1,
            "text": "GG EZ"
        },
        {
            "time": 1964.60353,
            "slot": 8,
            "text": "=))"
        },
        {
            "time": 2070.93243,
            "slot": 9,
            "text": "GG EZ"
        },
        {
            "time": 2073.80883,
            "slot": 9,
            "text": "SOL'"
        }
    ],
    "32": [
        {
            "time": -20.16175,
            "slot": 3,
            "text": "EWND TI"
        },
        {
            "time": 140.06578,
            "slot": 6,
            "text": "WHAT THE ACTUAL FUCK"
        },
        {
            "time": 143.59826,
            "slot": 6,
            "text": "THIS IS FUCKING RETARad"
        },
        {
            "time": 151.26306,
            "slot": 0,
            "text": "cry"
        },
        {
            "time": 166.52603,
            "slot": 1,
            "text": "moar"
        },
        {
            "time": 243.97378,
            "slot": 0,
            "text": "lul"
        },
        {
            "time": 247.30628,
            "slot": 6,
            "text": "?"
        },
        {
            "time": 305.49208,
            "slot": 6,
            "text": "?"
        },
        {
            "time": 1322.11048,
            "slot": 1,
            "text": "gg"
        },
        {
            "time": 1324.10998,
            "slot": 1,
            "text": "20 min"
        },
        {
            "time": 1325.04318,
            "slot": 0,
            "text": "gg"
        }
    ],
    "33": [
        {
            "time": 1571.94953,
            "slot": 9,
            "text": "gg"
        },
        {
            "time": 1576.88163,
            "slot": 9,
            "text": "report void"
        },
        {
            "time": 1577.61473,
            "slot": 2,
            "text": "gg"
        },
        {
            "time": 1684.24373,
            "slot": 4,
            "text": "ggwp"
        }
    ],
    "34": [
        {
            "time": 1559.0193,
            "slot": 3,
            "text": "liga o hard"
        },
        {
            "time": 1618.3715,
            "slot": 6,
            "text": "gg"
        },
        {
            "time": 1620.9709,
            "slot": 2,
            "text": "gg"
        },
        {
            "time": 1622.6371,
            "slot": 1,
            "text": "ez"
        }
    ],
    "35": [
        {
            "time": 1414.6213,
            "slot": 9,
            "text": "okay "
        },
        {
            "time": 3793.2371,
            "slot": 2,
            "text": "gg"
        },
        {
            "time": 3797.3545,
            "slot": 2,
            "text": "wp"
        },
        {
            "time": 3920.9365,
            "slot": 4,
            "text": "ggwp"
        },
        {
            "time": 3921.1355,
            "slot": 7,
            "text": "wp"
        },
        {
            "time": 3925.618,
            "slot": 2,
            "text": "wp"
        }
    ],
    "36": [
        {
            "time": 1912.74516,
            "slot": 3,
            "text": "gtg"
        },
        {
            "time": 2213.90436,
            "slot": 7,
            "text": "gg "
        },
        {
            "time": 2219.18896,
            "slot": 0,
            "text": "gg"
        },
        {
            "time": 2235.17676,
            "slot": 7,
            "text": "0 CARRY .. "
        },
        {
            "time": 2248.08746,
            "slot": 3,
            "text": "GEGE"
        },
        {
            "time": 2253.63966,
            "slot": 6,
            "text": "gg ez mid"
        }
    ],
    "37": [
        {
            "time": 255.77091,
            "slot": 7,
            "text": "..."
        },
        {
            "time": 255.87088,
            "slot": 7,
            "text": "really?"
        },
        {
            "time": 1421.18635,
            "slot": 5,
            "text": "GG"
        },
        {
            "time": 1424.25225,
            "slot": 0,
            "text": "GG"
        },
        {
            "time": 1425.71855,
            "slot": 7,
            "text": "why me =.="
        },
        {
            "time": 1435.91605,
            "slot": 0,
            "text": "report sf pleae"
        },
        {
            "time": 1436.98245,
            "slot": 1,
            "text": "gg"
        },
        {
            "time": 1440.44825,
            "slot": 4,
            "text": "u have not rs luna"
        },
        {
            "time": 1441.51465,
            "slot": 4,
            "text": "XD"
        },
        {
            "time": 1444.24735,
            "slot": 7,
            "text": "lol"
        },
        {
            "time": 1452.37865,
            "slot": 0,
            "text": "report sf pleeaes"
        },
        {
            "time": 1467.57495,
            "slot": 1,
            "text": "ez"
        },
        {
            "time": 1480.30525,
            "slot": 7,
            "text": "lol pang"
        },
        {
            "time": 1502.03325,
            "slot": 7,
            "text": "lol bug"
        },
        {
            "time": 1503.89945,
            "slot": 7,
            "text": "see me"
        },
        {
            "time": 1516.86295,
            "slot": 7,
            "text": "see me"
        },
        {
            "time": 1520.86195,
            "slot": 7,
            "text": "that bug"
        },
        {
            "time": 1521.72845,
            "slot": 7,
            "text": "lol"
        },
        {
            "time": 1533.92545,
            "slot": 0,
            "text": "please report sf "
        },
        {
            "time": 1554.38715,
            "slot": 9,
            "text": "copmmend me"
        },
        {
            "time": 1555.05365,
            "slot": 7,
            "text": "see me"
        },
        {
            "time": 1555.72015,
            "slot": 5,
            "text": "gg"
        },
        {
            "time": 1556.38665,
            "slot": 7,
            "text": "haha"
        },
        {
            "time": 1565.71765,
            "slot": 5,
            "text": "haha"
        },
        {
            "time": 1569.65005,
            "slot": 7,
            "text": "ez AM"
        }
    ],
    "38": [
        {
            "time": 2160.11792,
            "slot": 1,
            "text": "?"
        },
        {
            "time": 2165.33572,
            "slot": 3,
            "text": "gg"
        }
    ],
    "39": [
        {
            "time": 518.00685,
            "slot": 2,
            "text": "lol"
        },
        {
            "time": 1501.7999,
            "slot": 8,
            "text": "aw"
        },
        {
            "time": 1508.5983,
            "slot": 8,
            "text": "ramp "
        },
        {
            "time": 1510.1979,
            "slot": 6,
            "text": "haha"
        },
        {
            "time": 1518.2626,
            "slot": 5,
            "text": "no more ramp"
        },
        {
            "time": 1578.3812,
            "slot": 5,
            "text": "boom"
        },
        {
            "time": 1878.5966,
            "slot": 5,
            "text": "boom"
        },
        {
            "time": 1887.4935,
            "slot": 1,
            "text": "stun"
        },
        {
            "time": 2233.4051,
            "slot": 2,
            "text": "DIE"
        },
        {
            "time": 2288.3256,
            "slot": 5,
            "text": "commend ty"
        },
        {
            "time": 2291.6034,
            "slot": 8,
            "text": "new year na magbagoi na kayo "
        },
        {
            "time": 2293.0081,
            "slot": 2,
            "text": "lol"
        },
        {
            "time": 2304.6478,
            "slot": 4,
            "text": "i will commend u sniper if u commend me too"
        },
        {
            "time": 2372.8134,
            "slot": 8,
            "text": "lol "
        },
        {
            "time": 2378.5663,
            "slot": 7,
            "text": "ty"
        },
        {
            "time": 2379.1684,
            "slot": 2,
            "text": "IDIOT"
        },
        {
            "time": 2388.1321,
            "slot": 8,
            "text": "has gem walked intio bomb "
        },
        {
            "time": 2421.7133,
            "slot": 7,
            "text": "why run"
        },
        {
            "time": 2433.1522,
            "slot": 4,
            "text": "gg"
        }
    ],
    "40": [
        {
            "time": -79.0807,
            "slot": 2,
            "text": "alright alright"
        },
        {
            "time": 7.49817,
            "slot": 5,
            "text": "wait"
        },
        {
            "time": 7.83142,
            "slot": 5,
            "text": "afk"
        },
        {
            "time": 7.83142,
            "slot": 9,
            "text": "gg"
        },
        {
            "time": 1023.2501,
            "slot": 2,
            "text": "xhase ?"
        },
        {
            "time": 1025.6496,
            "slot": 2,
            "text": "@@"
        },
        {
            "time": 1154.2182,
            "slot": 2,
            "text": "omng warding"
        },
        {
            "time": 1172.2138,
            "slot": 2,
            "text": "so whats ur new year resolutioin"
        },
        {
            "time": 1416.8207,
            "slot": 5,
            "text": "gg"
        },
        {
            "time": 1613.8059,
            "slot": 4,
            "text": "Can you guys deni mid tower"
        },
        {
            "time": 1643.9319,
            "slot": 5,
            "text": "gg"
        },
        {
            "time": 1645.5315,
            "slot": 5,
            "text": "end "
        },
        {
            "time": 1646.2647,
            "slot": 5,
            "text": "ty"
        },
        {
            "time": 1705.7592,
            "slot": 5,
            "text": "gg carry"
        },
        {
            "time": 1722.9511,
            "slot": 7,
            "text": "now he rolls"
        },
        {
            "time": 1738.7382,
            "slot": 9,
            "text": "wow gyro got aghas"
        },
        {
            "time": 1791.3842,
            "slot": 9,
            "text": "end"
        },
        {
            "time": 1954.2389,
            "slot": 9,
            "text": "wombo combo"
        },
        {
            "time": 2039.6298,
            "slot": 5,
            "text": "report gryo ?"
        },
        {
            "time": 2061.2366,
            "slot": 7,
            "text": "END "
        },
        {
            "time": 2063.3773,
            "slot": 7,
            "text": "NEXT GAME"
        },
        {
            "time": 2065.518,
            "slot": 1,
            "text": "Ez dodge"
        },
        {
            "time": 2065.9862,
            "slot": 7,
            "text": "FUCK THIS PANGO"
        },
        {
            "time": 2067.391,
            "slot": 0,
            "text": "end"
        },
        {
            "time": 2094.6171,
            "slot": 1,
            "text": "ez pango"
        },
        {
            "time": 2094.7509,
            "slot": 7,
            "text": "SAVE ROLL FOR NEXT GAME"
        },
        {
            "time": 2101.5741,
            "slot": 7,
            "text": "SEE"
        },
        {
            "time": 2103.9823,
            "slot": 7,
            "text": "LOOK AT HIM"
        },
        {
            "time": 2105.454,
            "slot": 7,
            "text": "PASSIVE"
        },
        {
            "time": 2126.5258,
            "slot": 0,
            "text": "woow"
        },
        {
            "time": 2127.9306,
            "slot": 7,
            "text": "NOW HE ROLL"
        },
        {
            "time": 2129.0678,
            "slot": 0,
            "text": "comback is real"
        },
        {
            "time": 2129.8706,
            "slot": 7,
            "text": "AGAIN"
        },
        {
            "time": 2152.8153,
            "slot": 7,
            "text": "IF I KNOW HIM IN REAL LIFE"
        },
        {
            "time": 2158.4679,
            "slot": 7,
            "text": "I WOULD HAVE KILL HIM"
        },
        {
            "time": 2190.477,
            "slot": 3,
            "text": "gg"
        },
        {
            "time": 2190.8783,
            "slot": 5,
            "text": "gg"
        },
        {
            "time": 2190.9452,
            "slot": 0,
            "text": "gg noob"
        },
        {
            "time": 2192.2162,
            "slot": 9,
            "text": "ez top"
        },
        {
            "time": 2192.8852,
            "slot": 1,
            "text": "ez "
        },
        {
            "time": 2194.1562,
            "slot": 5,
            "text": "report gryo"
        },
        {
            "time": 2194.6244,
            "slot": 1,
            "text": "ez"
        },
        {
            "time": 2195.5609,
            "slot": 1,
            "text": "ez"
        },
        {
            "time": 2196.163,
            "slot": 2,
            "text": "like i sid we win "
        },
        {
            "time": 2197.5678,
            "slot": 7,
            "text": "FUCKING NOOB PANGO"
        }
    ],
    "41": [
        {
            "time": -91.29272,
            "slot": 2,
            "text": "report wk"
        },
        {
            "time": 5.23206,
            "slot": 2,
            "text": "WJAJHHAHAHHA"
        },
        {
            "time": 7.76476,
            "slot": 2,
            "text": "WTF"
        }
    ],
    "42": [
        {
            "time": 922.90795,
            "slot": 5,
            "text": "k by"
        },
        {
            "time": 1816.25455,
            "slot": 8,
            "text": "petmalu"
        },
        {
            "time": 1824.61655,
            "slot": 6,
            "text": "GG"
        },
        {
            "time": 1851.84255,
            "slot": 1,
            "text": "gg"
        },
        {
            "time": 1970.04515,
            "slot": 1,
            "text": "lol"
        },
        {
            "time": 1976.86855,
            "slot": 5,
            "text": "lel"
        },
        {
            "time": 1979.41055,
            "slot": 0,
            "text": "lol"
        },
        {
            "time": 1982.82205,
            "slot": 0,
            "text": "gg"
        },
        {
            "time": 2006.80375,
            "slot": 3,
            "text": "gg"
        },
        {
            "time": 2013.29255,
            "slot": 1,
            "text": "commend me"
        },
        {
            "time": 2017.03855,
            "slot": 6,
            "text": "Fuck you for playing huskar"
        }
    ],
    "43": [
        {
            "time": 832.76332,
            "slot": 3,
            "text": "g"
        },
        {
            "time": 1463.50932,
            "slot": 3,
            "text": "NOOB team"
        },
        {
            "time": 1468.37482,
            "slot": 3,
            "text": "archon"
        },
        {
            "time": 1469.77442,
            "slot": 3,
            "text": "wtf"
        },
        {
            "time": 1577.01492,
            "slot": 9,
            "text": "lol"
        },
        {
            "time": 1604.40822,
            "slot": 5,
            "text": "dude he rage quit"
        },
        {
            "time": 1604.40822,
            "slot": 5,
            "text": "not coming back"
        },
        {
            "time": 1604.40822,
            "slot": 9,
            "text": "haha"
        },
        {
            "time": 1619.73782,
            "slot": 9,
            "text": "ez"
        },
        {
            "time": 1628.53572,
            "slot": 9,
            "text": "haha"
        },
        {
            "time": 2079.21382,
            "slot": 7,
            "text": "fuckin axe"
        },
        {
            "time": 2370.27192,
            "slot": 3,
            "text": "end"
        },
        {
            "time": 2376.96132,
            "slot": 5,
            "text": "leave la idiot"
        },
        {
            "time": 2396.09322,
            "slot": 7,
            "text": "fuck"
        },
        {
            "time": 2471.61702,
            "slot": 9,
            "text": "void ?"
        },
        {
            "time": 2475.09562,
            "slot": 9,
            "text": "u"
        },
        {
            "time": 2483.59122,
            "slot": 9,
            "text": "u can def haha"
        },
        {
            "time": 2544.33142,
            "slot": 9,
            "text": "haha"
        },
        {
            "time": 2556.23872,
            "slot": 9,
            "text": "haha"
        },
        {
            "time": 2559.11512,
            "slot": 8,
            "text": "lol"
        },
        {
            "time": 2569.61762,
            "slot": 3,
            "text": "SAD"
        },
        {
            "time": 2583.79922,
            "slot": 7,
            "text": "JUGNERNAUTTTTTTT"
        },
        {
            "time": 2594.97062,
            "slot": 9,
            "text": "haha"
        },
        {
            "time": 2622.19672,
            "slot": 9,
            "text": "ggwp"
        }
    ],
    "44": [
        {
            "time": 116.50493,
            "slot": 4,
            "text": "wow"
        },
        {
            "time": 137.36648,
            "slot": 4,
            "text": "apparently"
        },
        {
            "time": 142.16533,
            "slot": 4,
            "text": "aggro doesn't switch"
        },
        {
            "time": 999.95583,
            "slot": 4,
            "text": "the white snow"
        },
        {
            "time": 1002.88843,
            "slot": 4,
            "text": "didn't see shit"
        },
        {
            "time": 1406.32323,
            "slot": 5,
            "text": "and then"
        },
        {
            "time": 1412.65503,
            "slot": 1,
            "text": "my team"
        },
        {
            "time": 1416.32083,
            "slot": 5,
            "text": "right"
        },
        {
            "time": 1421.78613,
            "slot": 4,
            "text": "XD"
        },
        {
            "time": 1422.38603,
            "slot": 5,
            "text": "crucial"
        },
        {
            "time": 1426.05183,
            "slot": 1,
            "text": "XD"
        },
        {
            "time": 1969.01843,
            "slot": 4,
            "text": "wow"
        },
        {
            "time": 1971.42663,
            "slot": 4,
            "text": "right after"
        },
        {
            "time": 1974.03553,
            "slot": 4,
            "text": "great"
        },
        {
            "time": 1978.45063,
            "slot": 5,
            "text": "QQ"
        },
        {
            "time": 1989.28753,
            "slot": 4,
            "text": "exactly"
        },
        {
            "time": 2839.95183,
            "slot": 7,
            "text": "fucking axe retard cunt"
        },
        {
            "time": 3405.61193,
            "slot": 6,
            "text": "ggwp"
        },
        {
            "time": 3408.95673,
            "slot": 3,
            "text": "gg"
        },
        {
            "time": 3414.27483,
            "slot": 9,
            "text": "gg wp"
        },
        {
            "time": 3415.71303,
            "slot": 1,
            "text": "gg"
        }
    ],
    "45": [
        {
            "time": 2928.56668,
            "slot": 6,
            "text": "GG"
        },
        {
            "time": 2992.04958,
            "slot": 4,
            "text": "GGWP"
        },
        {
            "time": 2999.14038,
            "slot": 6,
            "text": "GG CARRYS"
        }
    ],
    "46": [
        {
            "time": -68.05005,
            "slot": 0,
            "text": "glhf"
        },
        {
            "time": -60.51855,
            "slot": 5,
            "text": "shutup nerd"
        },
        {
            "time": -56.25293,
            "slot": 4,
            "text": "happy new year"
        },
        {
            "time": 181.48904,
            "slot": 9,
            "text": "wtf"
        },
        {
            "time": 865.4554,
            "slot": 9,
            "text": "ok"
        },
        {
            "time": 1855.4047,
            "slot": 7,
            "text": "lag the fuck up"
        },
        {
            "time": 1920.9613,
            "slot": 1,
            "text": "wp"
        },
        {
            "time": 1974.9118,
            "slot": 3,
            "text": "gg wp"
        },
        {
            "time": 1976.9186,
            "slot": 0,
            "text": "ggwp"
        }
    ],
    "47": [
        {
            "time": 1772.10757,
            "slot": 0,
            "text": "Ez team"
        },
        {
            "time": 1956.80337,
            "slot": 6,
            "text": "pro huskar"
        },
        {
            "time": 1958.07437,
            "slot": 6,
            "text": "commend"
        }
    ],
    "195": [
        {
            "time": 1488.64997,
            "slot": 5,
            "text": "i will show this game to all my support"
        },
        {
            "time": 1493.58207,
            "slot": 5,
            "text": "how to win"
        },
        {
            "time": 1503.44637,
            "slot": 5,
            "text": "oracle win this shit solo"
        },
        {
            "time": 1540.03737,
            "slot": 4,
            "text": "ez"
        }
    ],
    "196": [
        {
            "time": 1512.364,
            "slot": 4,
            "text": "WP"
        },
        {
            "time": 1512.364,
            "slot": 3,
            "text": "pasue for wat ?"
        },
        {
            "time": 1512.364,
            "slot": 5,
            "text": "dc od"
        },
        {
            "time": 1512.364,
            "slot": 5,
            "text": "wait please"
        },
        {
            "time": 1512.364,
            "slot": 5,
            "text": "Thanks"
        },
        {
            "time": 1512.364,
            "slot": 4,
            "text": "PL "
        },
        {
            "time": 1512.364,
            "slot": 4,
            "text": "OK"
        },
        {
            "time": 1512.364,
            "slot": 2,
            "text": "can win"
        },
        {
            "time": 1512.364,
            "slot": 4,
            "text": ":D"
        },
        {
            "time": 1530.4929,
            "slot": 4,
            "text": "cant win bro "
        },
        {
            "time": 1530.4929,
            "slot": 4,
            "text": "let us end"
        },
        {
            "time": 1530.4929,
            "slot": 4,
            "text": "xD"
        },
        {
            "time": 1530.4929,
            "slot": 4,
            "text": "warlock has scepter"
        },
        {
            "time": 1530.4929,
            "slot": 2,
            "text": "let us end fast"
        },
        {
            "time": 1530.4929,
            "slot": 4,
            "text": "i has scepter"
        },
        {
            "time": 1600.9091,
            "slot": 3,
            "text": "t manh vai lon "
        },
        {
            "time": 1622.5038,
            "slot": 4,
            "text": "Game de "
        },
        {
            "time": 1624.5033,
            "slot": 4,
            "text": ":D"
        },
        {
            "time": 1627.3693,
            "slot": 5,
            "text": "GG"
        }
    ],
    "197": [
        {
            "time": 3240.9022,
            "slot": 0,
            "text": "Go"
        },
        {
            "time": 3242.7753,
            "slot": 0,
            "text": "Finish"
        },
        {
            "time": 3248.06,
            "slot": 1,
            "text": "And report tinker"
        },
        {
            "time": 3301.4418,
            "slot": 0,
            "text": "Come guys"
        },
        {
            "time": 3304.0507,
            "slot": 0,
            "text": "We w8"
        },
        {
            "time": 3505.7377,
            "slot": 3,
            "text": "Gg"
        },
        {
            "time": 3668.0907,
            "slot": 1,
            "text": "report tinker"
        },
        {
            "time": 3670.432,
            "slot": 4,
            "text": "+"
        }
    ],
    "198": [
        {
            "time": -65.29221,
            "slot": 6,
            "text": "THERE CAN ONLY BE ONE"
        },
        {
            "time": -57.89063,
            "slot": 0,
            "text": "lol"
        },
        {
            "time": -57.02377,
            "slot": 6,
            "text": "GLHF"
        },
        {
            "time": -52.22275,
            "slot": 8,
            "text": "hfhf"
        },
        {
            "time": -48.22189,
            "slot": 6,
            "text": "rude"
        },
        {
            "time": -41.08997,
            "slot": 4,
            "text": "WHO WANTS TO LIVE FOREVER"
        },
        {
            "time": -39.49036,
            "slot": 0,
            "text": "hf boys, i love you"
        },
        {
            "time": -35.29138,
            "slot": 6,
            "text": "<3"
        },
        {
            "time": -21.89465,
            "slot": 4,
            "text": "clan mcloud for lyf"
        },
        {
            "time": 913.07707,
            "slot": 8,
            "text": "ty"
        },
        {
            "time": 2916.19847,
            "slot": 6,
            "text": "ah well"
        },
        {
            "time": 2917.20187,
            "slot": 6,
            "text": "gg"
        },
        {
            "time": 2937.06957,
            "slot": 0,
            "text": "ggwp"
        },
        {
            "time": 2939.47787,
            "slot": 4,
            "text": "omni does"
        },
        {
            "time": 2941.21707,
            "slot": 4,
            "text": "so much damage"
        },
        {
            "time": 2942.55487,
            "slot": 4,
            "text": "holy shit"
        },
        {
            "time": 2943.92627,
            "slot": 9,
            "text": "now the natures buys right click items"
        },
        {
            "time": 2945.93317,
            "slot": 8,
            "text": "gg"
        },
        {
            "time": 2946.06687,
            "slot": 9,
            "text": "fuck me"
        },
        {
            "time": 2946.80287,
            "slot": 4,
            "text": "LOL"
        },
        {
            "time": 2949.34487,
            "slot": 4,
            "text": "I KNOW RIGHT"
        }
    ],
    "199": [
        {
            "time": 595.92116,
            "slot": 6,
            "text": "ty"
        },
        {
            "time": 1227.43366,
            "slot": 6,
            "text": "LOL"
        },
        {
            "time": 1230.76616,
            "slot": 6,
            "text": "HI"
        },
        {
            "time": 1241.89676,
            "slot": 5,
            "text": "lmfao"
        },
        {
            "time": 1481.17166,
            "slot": 5,
            "text": "lol I was talking to my brother"
        },
        {
            "time": 1492.63556,
            "slot": 8,
            "text": "and i wasnt there"
        },
        {
            "time": 1786.52516,
            "slot": 8,
            "text": "gg"
        },
        {
            "time": 1800.17166,
            "slot": 1,
            "text": "es team"
        },
        {
            "time": 1804.85426,
            "slot": 7,
            "text": "gg"
        },
        {
            "time": 1809.57036,
            "slot": 8,
            "text": "cant fuck with oracle!"
        },
        {
            "time": 1812.91496,
            "slot": 8,
            "text": "gg"
        }
    ],
    "200": [
        {
            "time": 311.09073,
            "slot": 8,
            "text": "mnogo vnimaniya mne"
        },
        {
            "time": 318.82218,
            "slot": 8,
            "text": " u vas pogibayut ludi :D"
        },
        {
            "time": 1809.54393,
            "slot": 5,
            "text": "2 dauna defaut"
        },
        {
            "time": 1813.75833,
            "slot": 5,
            "text": "nadeutsya na vin"
        },
        {
            "time": 1818.24023,
            "slot": 5,
            "text": "kogda proebali draft"
        },
        {
            "time": 1819.31063,
            "slot": 5,
            "text": "))"
        },
        {
            "time": 1834.56253,
            "slot": 5,
            "text": "slomaite"
        },
        {
            "time": 1838.04093,
            "slot": 5,
            "text": "etot kusok gavna"
        },
        {
            "time": 1844.93123,
            "slot": 5,
            "text": "nahui vi tyanite?"
        },
        {
            "time": 1852.08893,
            "slot": 5,
            "text": "eti 2 imbicila nihuya ne mogut"
        }
    ],
    "201": [
        {
            "time": 818.20023,
            "slot": 5,
            "text": "??"
        },
        {
            "time": 1704.88373,
            "slot": 5,
            "text": "sf .))"
        },
        {
            "time": 1767.80963,
            "slot": 5,
            "text": "es you in wrong team :("
        }
    ],
    "202": [
        {
            "time": 975.69514,
            "slot": 1,
            "text": "lompat"
        },
        {
            "time": 1844.72404,
            "slot": 5,
            "text": "y me rubick?"
        },
        {
            "time": 1850.00864,
            "slot": 0,
            "text": "why not"
        },
        {
            "time": 1858.50434,
            "slot": 5,
            "text": "poor me haha"
        },
        {
            "time": 1865.59514,
            "slot": 5,
            "text": "give a bless"
        },
        {
            "time": 3142.74554,
            "slot": 6,
            "text": "nc"
        },
        {
            "time": 3251.51604,
            "slot": 4,
            "text": "bye"
        },
        {
            "time": 3259.94464,
            "slot": 7,
            "text": "hehe"
        },
        {
            "time": 3555.11684,
            "slot": 5,
            "text": "wp"
        },
        {
            "time": 3819.99764,
            "slot": 7,
            "text": "wp"
        },
        {
            "time": 3821.49164,
            "slot": 2,
            "text": "gg"
        },
        {
            "time": 3822.62064,
            "slot": 3,
            "text": "ggwp"
        },
        {
            "time": 3822.62064,
            "slot": 1,
            "text": "ggwp"
        },
        {
            "time": 3823.28464,
            "slot": 5,
            "text": "commend me bro"
        },
        {
            "time": 3825.07764,
            "slot": 5,
            "text": "hahahah"
        },
        {
            "time": 3826.67134,
            "slot": 3,
            "text": "I commend your fucking rat"
        },
        {
            "time": 3826.87064,
            "slot": 1,
            "text": "rasta won you the game"
        },
        {
            "time": 3834.17524,
            "slot": 7,
            "text": "ok"
        }
    ],
    "203": [
        {
            "time": -64.4176,
            "slot": 8,
            "text": "glhf"
        },
        {
            "time": -60.68518,
            "slot": 4,
            "text": "gl"
        },
        {
            "time": -60.68518,
            "slot": 1,
            "text": "calla ctm"
        },
        {
            "time": 12.39697,
            "slot": 8,
            "text": "SF afk"
        },
        {
            "time": 15.72949,
            "slot": 0,
            "text": "apurate prro"
        },
        {
            "time": 15.72949,
            "slot": 8,
            "text": "g"
        },
        {
            "time": 15.72949,
            "slot": 8,
            "text": "he's back"
        },
        {
            "time": 243.60722,
            "slot": 4,
            "text": "this is a funny dota"
        },
        {
            "time": 375.27506,
            "slot": 1,
            "text": ".."
        },
        {
            "time": 375.27506,
            "slot": 0,
            "text": ":S"
        },
        {
            "time": 375.27506,
            "slot": 1,
            "text": "que fue"
        },
        {
            "time": 375.27506,
            "slot": 0,
            "text": "apura weom"
        },
        {
            "time": 375.27506,
            "slot": 1,
            "text": "escribe algo p ctm"
        },
        {
            "time": 375.27506,
            "slot": 8,
            "text": "he's reading the purge guide"
        },
        {
            "time": 375.27506,
            "slot": 8,
            "text": "to learn how to mid"
        },
        {
            "time": 375.27506,
            "slot": 8,
            "text": "if you want to invest in my crypto mining let me know minimum $3000"
        },
        {
            "time": 375.27506,
            "slot": 1,
            "text": "apura rktm"
        },
        {
            "time": 1291.98452,
            "slot": 1,
            "text": "Xd"
        },
        {
            "time": 2445.60292,
            "slot": 1,
            "text": "kagon"
        },
        {
            "time": 2650.43402,
            "slot": 1,
            "text": "haha"
        },
        {
            "time": 2713.11412,
            "slot": 8,
            "text": "gg"
        },
        {
            "time": 2713.31482,
            "slot": 3,
            "text": "XD"
        },
        {
            "time": 2713.71622,
            "slot": 0,
            "text": "GG"
        },
        {
            "time": 2713.78312,
            "slot": 1,
            "text": "gg"
        },
        {
            "time": 2714.65262,
            "slot": 3,
            "text": "GG"
        },
        {
            "time": 2715.32162,
            "slot": 1,
            "text": "bsuras"
        }
    ],
    "204": [
        {
            "time": -70.84937,
            "slot": 5,
            "text": "g"
        },
        {
            "time": 2221.362,
            "slot": 1,
            "text": "GG"
        },
        {
            "time": 2230.3927,
            "slot": 6,
            "text": "NO"
        },
        {
            "time": 2237.9518,
            "slot": 1,
            "text": "GG wp"
        }
    ],
    "205": [
        {
            "time": -66.91698,
            "slot": 0,
            "text": "wait for ward"
        },
        {
            "time": -60.1853,
            "slot": 9,
            "text": "ok"
        },
        {
            "time": 1116.66072,
            "slot": 7,
            "text": "u  don't  need to  focus on me .."
        },
        {
            "time": 1123.92562,
            "slot": 7,
            "text": "3  carries  out  there .."
        },
        {
            "time": 1319.07792,
            "slot": 0,
            "text": "cant touch this"
        },
        {
            "time": 1389.59402,
            "slot": 9,
            "text": "noob lc"
        },
        {
            "time": 1413.28822,
            "slot": 9,
            "text": "useless lc and dark"
        },
        {
            "time": 1420.48652,
            "slot": 1,
            "text": "kunka 2"
        },
        {
            "time": 1420.95302,
            "slot": 7,
            "text": "lol"
        },
        {
            "time": 1850.54702,
            "slot": 6,
            "text": "gj"
        },
        {
            "time": 1959.38442,
            "slot": 4,
            "text": "gg"
        },
        {
            "time": 1974.10122,
            "slot": 0,
            "text": "gg"
        },
        {
            "time": 2511.06362,
            "slot": 2,
            "text": "ACTUALLY KUNKA WHO DOESNT HAVE SHADOW BLADE IS IDIOT"
        },
        {
            "time": 2525.11152,
            "slot": 5,
            "text": ".i."
        },
        {
            "time": 2557.82302,
            "slot": 7,
            "text": "russian Guardians .."
        },
        {
            "time": 2564.11102,
            "slot": 7,
            "text": "im  done   :)"
        },
        {
            "time": 2570.39902,
            "slot": 5,
            "text": "you suck"
        },
        {
            "time": 2838.27822,
            "slot": 3,
            "text": "Report lich for cyring"
        },
        {
            "time": 2843.49602,
            "slot": 2,
            "text": "i have now SB im not idiot anymore"
        },
        {
            "time": 2852.45992,
            "slot": 8,
            "text": "gj !"
        },
        {
            "time": 3265.03192,
            "slot": 4,
            "text": "NOW"
        },
        {
            "time": 3294.33172,
            "slot": 4,
            "text": "WHAT SHOUD I DO?"
        },
        {
            "time": 3324.23352,
            "slot": 5,
            "text": "push"
        },
        {
            "time": 3327.17702,
            "slot": 5,
            "text": "kids"
        },
        {
            "time": 3328.58172,
            "slot": 5,
            "text": "Push"
        },
        {
            "time": 3338.48202,
            "slot": 7,
            "text": "so ....carry  VS  lose  lol"
        },
        {
            "time": 3496.15252,
            "slot": 9,
            "text": "gg i dont have team ]"
        },
        {
            "time": 3502.84202,
            "slot": 9,
            "text": "lc and moph useless"
        },
        {
            "time": 3505.45082,
            "slot": 0,
            "text": "we have sniper"
        },
        {
            "time": 3554.81902,
            "slot": 9,
            "text": "ez lc"
        },
        {
            "time": 3566.05732,
            "slot": 9,
            "text": "the must noob lc ever"
        },
        {
            "time": 3790.97672,
            "slot": 4,
            "text": "void plz ff"
        },
        {
            "time": 3793.23452,
            "slot": 0,
            "text": "gg"
        },
        {
            "time": 3797.08602,
            "slot": 0,
            "text": "report sniper"
        },
        {
            "time": 4047.23842,
            "slot": 9,
            "text": "loot at this moph with 2 skadi lo"
        },
        {
            "time": 4050.62502,
            "slot": 9,
            "text": "lol"
        },
        {
            "time": 4056.86732,
            "slot": 9,
            "text": "pls report my team "
        },
        {
            "time": 4059.39102,
            "slot": 0,
            "text": ":))))"
        },
        {
            "time": 4067.22672,
            "slot": 5,
            "text": "luck win"
        },
        {
            "time": 4068.15642,
            "slot": 5,
            "text": "gj"
        },
        {
            "time": 4073.26972,
            "slot": 4,
            "text": "gg wp"
        },
        {
            "time": 4074.99602,
            "slot": 9,
            "text": "pls report moph and lc"
        },
        {
            "time": 4081.10562,
            "slot": 0,
            "text": "report lich"
        },
        {
            "time": 4094.32042,
            "slot": 7,
            "text": "how  can  this  LC  get  4  stars'  Archon ?"
        },
        {
            "time": 4105.74232,
            "slot": 0,
            "text": "buyed account ?"
        },
        {
            "time": 4107.56852,
            "slot": 3,
            "text": "please report medusa for being useless"
        },
        {
            "time": 4109.06262,
            "slot": 9,
            "text": "pls report lc and moph"
        },
        {
            "time": 4109.52752,
            "slot": 2,
            "text": "gg"
        }
    ],
    "206": [
        {
            "time": 1145.5203,
            "slot": 1,
            "text": "lol"
        },
        {
            "time": 3263.1598,
            "slot": 2,
            "text": "commend me pls"
        },
        {
            "time": 3264.8322,
            "slot": 2,
            "text": "guys"
        },
        {
            "time": 3270.953,
            "slot": 7,
            "text": "ggg"
        },
        {
            "time": 3272.9599,
            "slot": 8,
            "text": "wp"
        },
        {
            "time": 3273.495,
            "slot": 2,
            "text": "gg ez"
        },
        {
            "time": 3274.2978,
            "slot": 6,
            "text": "GGWP"
        },
        {
            "time": 3278.9135,
            "slot": 7,
            "text": "cm all"
        }
    ],
    "207": [
        {
            "time": 952.4008,
            "slot": 2,
            "text": "nice hook"
        },
        {
            "time": 2269.1487,
            "slot": 8,
            "text": "brazzer"
        },
        {
            "time": 2298.7161,
            "slot": 4,
            "text": "what"
        },
        {
            "time": 2618.6392,
            "slot": 0,
            "text": "gg"
        },
        {
            "time": 2622.5525,
            "slot": 3,
            "text": "gg"
        },
        {
            "time": 2623.9908,
            "slot": 2,
            "text": "gg wp"
        }
    ],
    "208": [
        {
            "time": 2159.56373,
            "slot": 3,
            "text": "GG"
        },
        {
            "time": 2159.89823,
            "slot": 8,
            "text": "gg wp"
        },
        {
            "time": 2160.03203,
            "slot": 1,
            "text": "gg wp"
        },
        {
            "time": 2161.03543,
            "slot": 0,
            "text": "g"
        },
        {
            "time": 2162.44023,
            "slot": 0,
            "text": "gg"
        }
    ],
    "209": [
        {
            "time": 690.0315,
            "slot": 2,
            "text": "asfhiuasfhuhfasduafshdu"
        },
        {
            "time": 692.3643,
            "slot": 7,
            "text": "missclick"
        },
        {
            "time": 693.0308,
            "slot": 7,
            "text": "kkkk"
        },
        {
            "time": 696.69655,
            "slot": 7,
            "text": "era pra ficar inv"
        },
        {
            "time": 738.0531,
            "slot": 0,
            "text": "DASK DO"
        },
        {
            "time": 738.0531,
            "slot": 8,
            "text": "XDDDDDD"
        },
        {
            "time": 2355.0705,
            "slot": 2,
            "text": "gg ez game"
        },
        {
            "time": 2418.7541,
            "slot": 0,
            "text": "ez"
        },
        {
            "time": 2418.7541,
            "slot": 2,
            "text": "ez game"
        },
        {
            "time": 2420.0251,
            "slot": 2,
            "text": "ez mid"
        }
    ],
    "210": [
        {
            "time": 1192.94205,
            "slot": 2,
            "text": "gg"
        },
        {
            "time": 1198.20745,
            "slot": 2,
            "text": "go end pls"
        },
        {
            "time": 1454.81145,
            "slot": 2,
            "text": "end pls"
        },
        {
            "time": 1456.41105,
            "slot": 2,
            "text": "mid"
        },
        {
            "time": 1552.18765,
            "slot": 4,
            "text": "report luny ty"
        },
        {
            "time": 1568.91685,
            "slot": 4,
            "text": "or no u can commend him she won u game :)"
        },
        {
            "time": 1582.78015,
            "slot": 1,
            "text": "did what i could"
        },
        {
            "time": 1599.44275,
            "slot": 2,
            "text": "wp"
        }
    ],
    "211": [
        {
            "time": 2317.7454,
            "slot": 0,
            "text": "ez"
        }
    ],
    "212": [
        {
            "time": 393.10405,
            "slot": 7,
            "text": "lel"
        },
        {
            "time": 494.74585,
            "slot": 7,
            "text": "huh"
        },
        {
            "time": 499.67801,
            "slot": 4,
            "text": "lol"
        },
        {
            "time": 636.37795,
            "slot": 9,
            "text": "hook on chrono 100% accurate"
        },
        {
            "time": 914.97655,
            "slot": 7,
            "text": "calm lady boy"
        },
        {
            "time": 1041.81225,
            "slot": 7,
            "text": "owakowak"
        },
        {
            "time": 1049.14385,
            "slot": 7,
            "text": "NGAKAK"
        },
        {
            "time": 1392.99315,
            "slot": 7,
            "text": "CALM LADY BOY"
        },
        {
            "time": 1615.00565,
            "slot": 7,
            "text": "dont cry lady boy"
        },
        {
            "time": 1625.93635,
            "slot": 0,
            "text": "lol"
        },
        {
            "time": 1691.02935,
            "slot": 7,
            "text": "DONT CRY"
        },
        {
            "time": 1805.28535,
            "slot": 7,
            "text": "dont touch my support"
        },
        {
            "time": 1806.95765,
            "slot": 5,
            "text": "that bait. lol"
        },
        {
            "time": 1813.17885,
            "slot": 9,
            "text": "ty"
        },
        {
            "time": 1857.06165,
            "slot": 7,
            "text": "COME"
        },
        {
            "time": 1870.03925,
            "slot": 6,
            "text": "gg"
        },
        {
            "time": 1870.10615,
            "slot": 7,
            "text": "I AM NOT UR CLASS MAN"
        },
        {
            "time": 1874.25355,
            "slot": 7,
            "text": "UR NOT MY BRACKET"
        },
        {
            "time": 1920.27705,
            "slot": 7,
            "text": "i am not ur clas"
        }
    ],
    "213": [
        {
            "time": 1149.28604,
            "slot": 0,
            "text": "the chase is strong"
        },
        {
            "time": 1194.34174,
            "slot": 2,
            "text": "lol"
        },
        {
            "time": 1479.27214,
            "slot": 0,
            "text": "legion"
        },
        {
            "time": 1483.47114,
            "slot": 0,
            "text": "tryiong to be sneaky"
        },
        {
            "time": 1641.64924,
            "slot": 9,
            "text": "gg con mierda de mid"
        },
        {
            "time": 1800.65744,
            "slot": 0,
            "text": "gg"
        },
        {
            "time": 1942.37354,
            "slot": 2,
            "text": "gg"
        },
        {
            "time": 1943.37694,
            "slot": 3,
            "text": "gg"
        }
    ],
    "214": [
        {
            "time": -7.29822,
            "slot": 0,
            "text": "HI LC"
        },
        {
            "time": 844.39388,
            "slot": 6,
            "text": "gg"
        },
        {
            "time": 914.11018,
            "slot": 2,
            "text": "lol"
        },
        {
            "time": 915.57648,
            "slot": 3,
            "text": "lol"
        },
        {
            "time": 916.50958,
            "slot": 2,
            "text": "lol/"
        },
        {
            "time": 918.50908,
            "slot": 2,
            "text": "wat"
        },
        {
            "time": 921.70828,
            "slot": 0,
            "text": "gg"
        },
        {
            "time": 937.63778,
            "slot": 4,
            "text": "why rage when you just win 1k?"
        },
        {
            "time": 1061.34088,
            "slot": 1,
            "text": "sry man"
        }
    ],
    "215": [
        {
            "time": -337.962243,
            "slot": 5,
            "text": "HE-lo"
        },
        {
            "time": -332.49566,
            "slot": 0,
            "text": "why you ban berd"
        },
        {
            "time": -329.962365,
            "slot": 0,
            "text": "iz my berd"
        },
        {
            "time": -329.162377,
            "slot": 4,
            "text": "DIT ME x1n ch4o`"
        },
        {
            "time": -327.829064,
            "slot": 0,
            "text": "plz no ban"
        },
        {
            "time": -317.095894,
            "slot": 0,
            "text": "i name him "
        },
        {
            "time": -314.5626,
            "slot": 0,
            "text": "roberd"
        },
        {
            "time": -312.029305,
            "slot": 4,
            "text": "hello from vietnam"
        },
        {
            "time": -306.362725,
            "slot": 0,
            "text": "roberd the penix"
        },
        {
            "time": -304.362755,
            "slot": 4,
            "text": "my father mex my mom viet"
        },
        {
            "time": -299.96282,
            "slot": 4,
            "text": "perfect mix"
        },
        {
            "time": -295.496224,
            "slot": 0,
            "text": "my children africa"
        },
        {
            "time": -160.7439,
            "slot": 4,
            "text": "you look right cause I was left"
        },
        {
            "time": -150.47504,
            "slot": 4,
            "text": "I look left cause u aint right"
        },
        {
            "time": -147.20768,
            "slot": 0,
            "text": "???"
        },
        {
            "time": -134.13822,
            "slot": 0,
            "text": "Duact best drug"
        },
        {
            "time": -124.66955,
            "slot": 0,
            "text": "higher than twin tower"
        },
        {
            "time": -19.79516,
            "slot": 2,
            "text": "Wtf"
        },
        {
            "time": -15.52953,
            "slot": 2,
            "text": "halsennnnnnnnnnnnn"
        },
        {
            "time": -13.46337,
            "slot": 2,
            "text": "whyyy"
        },
        {
            "time": 405.43436,
            "slot": 2,
            "text": "hey divine"
        },
        {
            "time": 407.5672,
            "slot": 2,
            "text": "i dont know why"
        },
        {
            "time": 409.1668,
            "slot": 2,
            "text": "u last pick"
        },
        {
            "time": 409.9666,
            "slot": 2,
            "text": "LC"
        },
        {
            "time": 412.6326,
            "slot": 2,
            "text": "like noob"
        },
        {
            "time": 1420.4532,
            "slot": 2,
            "text": "i need rampage"
        },
        {
            "time": 1421.4529,
            "slot": 2,
            "text": "can i"
        },
        {
            "time": 1432.4502,
            "slot": 2,
            "text": "pls"
        },
        {
            "time": 1434.0498,
            "slot": 2,
            "text": "fuck u"
        },
        {
            "time": 1533.5589,
            "slot": 2,
            "text": "LOIL"
        },
        {
            "time": 1624.2034,
            "slot": 2,
            "text": "bb"
        },
        {
            "time": 1626.5362,
            "slot": 2,
            "text": "feed me rampage"
        },
        {
            "time": 1637.5335,
            "slot": 2,
            "text": "we got a deal"
        }
    ],
    "216": [
        {
            "time": -66.079705,
            "slot": 1,
            "text": "throwwarloard"
        },
        {
            "time": -54.27826,
            "slot": 2,
            "text": "Good luck, get fucked."
        },
        {
            "time": 1714.0453,
            "slot": 2,
            "text": "gg"
        },
        {
            "time": 1715.3783,
            "slot": 1,
            "text": "|gg"
        }
    ],
    "217": [
        {
            "time": 774.111,
            "slot": 5,
            "text": "kra 12 min"
        },
        {
            "time": 2058.1261,
            "slot": 7,
            "text": "ggwp"
        },
        {
            "time": 2059.1965,
            "slot": 7,
            "text": "no hc"
        },
        {
            "time": 2072.0402,
            "slot": 7,
            "text": "gg hc"
        },
        {
            "time": 2157.3975,
            "slot": 7,
            "text": "entra ai mano"
        },
        {
            "time": 2493.5092,
            "slot": 1,
            "text": "gg"
        },
        {
            "time": 2496.4191,
            "slot": 1,
            "text": "commend tatu boila"
        },
        {
            "time": 2497.0211,
            "slot": 7,
            "text": "commend am"
        },
        {
            "time": 2497.6901,
            "slot": 1,
            "text": "bola*"
        }
    ],
    "218": [
        {
            "time": -78.94756,
            "slot": 5,
            "text": "afk"
        },
        {
            "time": 2090.59976,
            "slot": 4,
            "text": "GG"
        }
    ],
    "219": [
        {
            "time": 784.40848,
            "slot": 0,
            "text": "wp-"
        },
        {
            "time": 1285.88598,
            "slot": 0,
            "text": "ss ca cer"
        },
        {
            "time": 1676.23978,
            "slot": 0,
            "text": "hahaha"
        }
    ],
    "220": [
        {
            "time": 885.88368,
            "slot": 1,
            "text": "report sf"
        },
        {
            "time": 1402.09098,
            "slot": 0,
            "text": "?"
        },
        {
            "time": 1661.96088,
            "slot": 0,
            "text": "REVENGE"
        },
        {
            "time": 1663.89368,
            "slot": 0,
            "text": "U FUCKER"
        },
        {
            "time": 1670.15888,
            "slot": 6,
            "text": "TU CULITO"
        },
        {
            "time": 1678.57728,
            "slot": 0,
            "text": "SILENCIO"
        },
        {
            "time": 1679.78138,
            "slot": 0,
            "text": "POR"
        },
        {
            "time": 1680.51728,
            "slot": 0,
            "text": "FA"
        },
        {
            "time": 1681.31998,
            "slot": 0,
            "text": "VOR"
        },
        {
            "time": 2093.59098,
            "slot": 0,
            "text": "EZ"
        },
        {
            "time": 2094.12618,
            "slot": 0,
            "text": "EZ"
        },
        {
            "time": 2094.25988,
            "slot": 1,
            "text": "gg"
        },
        {
            "time": 2095.79848,
            "slot": 4,
            "text": "eta gege"
        },
        {
            "time": 2095.99918,
            "slot": 0,
            "text": "FUCKING EZ"
        },
        {
            "time": 2097.06948,
            "slot": 0,
            "text": "SHISS"
        }
    ],
    "221": [
        {
            "time": 138.19959,
            "slot": 4,
            "text": "me deixa"
        },
        {
            "time": 574.02655,
            "slot": 9,
            "text": "q lixos"
        },
        {
            "time": 582.82435,
            "slot": 4,
            "text": "que amor"
        },
        {
            "time": 2010.04615,
            "slot": 4,
            "text": "jogo isso ai e dota"
        },
        {
            "time": 2199.22395,
            "slot": 2,
            "text": "baited"
        },
        {
            "time": 2420.14305,
            "slot": 1,
            "text": "vcs estao bringando entre si amiguinhos?"
        },
        {
            "time": 2536.10465,
            "slot": 4,
            "text": "=/"
        },
        {
            "time": 2536.10465,
            "slot": 1,
            "text": "ez"
        },
        {
            "time": 2537.44265,
            "slot": 0,
            "text": "achei facil"
        },
        {
            "time": 2538.51295,
            "slot": 2,
            "text": "ez"
        },
        {
            "time": 2541.05495,
            "slot": 4,
            "text": "na proxima vez eu ligo o monitor"
        }
    ],
    "222": [
        {
            "time": 772.11146,
            "slot": 9,
            "text": "CROSS"
        },
        {
            "time": 774.57756,
            "slot": 9,
            "text": "TORRENT"
        },
        {
            "time": 775.71056,
            "slot": 9,
            "text": "PLEASE"
        },
        {
            "time": 777.37686,
            "slot": 9,
            "text": "TODAY?"
        },
        {
            "time": 820.06646,
            "slot": 4,
            "text": "this is called balance"
        },
        {
            "time": 827.79786,
            "slot": 6,
            "text": "i see"
        },
        {
            "time": 832.39676,
            "slot": 4,
            "text": "i hate doin this"
        },
        {
            "time": 872.05376,
            "slot": 6,
            "text": "yeah"
        },
        {
            "time": 873.91996,
            "slot": 6,
            "text": "fucking hell"
        },
        {
            "time": 875.98616,
            "slot": 6,
            "text": "nmmice hero"
        },
        {
            "time": 882.38456,
            "slot": 4,
            "text": "i know"
        },
        {
            "time": 887.38336,
            "slot": 4,
            "text": "i hate myself"
        },
        {
            "time": 889.11626,
            "slot": 4,
            "text": "alreadyt"
        },
        {
            "time": 895.78126,
            "slot": 6,
            "text": "but too bad u r not playing mid"
        },
        {
            "time": 921.17506,
            "slot": 6,
            "text": "rly"
        },
        {
            "time": 959.89896,
            "slot": 2,
            "text": "24 armor lvl 14 hero"
        },
        {
            "time": 963.23146,
            "slot": 2,
            "text": "balanced af"
        },
        {
            "time": 963.96466,
            "slot": 7,
            "text": "27"
        },
        {
            "time": 1000.28906,
            "slot": 6,
            "text": ":)"
        },
        {
            "time": 1002.08866,
            "slot": 6,
            "text": "i am so bad"
        },
        {
            "time": 1003.08836,
            "slot": 6,
            "text": "sorry"
        },
        {
            "time": 1007.55396,
            "slot": 4,
            "text": "its just"
        },
        {
            "time": 1010.48656,
            "slot": 4,
            "text": "tjhis shitty hero"
        },
        {
            "time": 1012.88606,
            "slot": 4,
            "text": " i hate her"
        },
        {
            "time": 1160.64996,
            "slot": 4,
            "text": "this hero is broken"
        },
        {
            "time": 1164.38236,
            "slot": 4,
            "text": "ill start spamming"
        },
        {
            "time": 1890.21676,
            "slot": 6,
            "text": "report this lc ty"
        },
        {
            "time": 1908.61276,
            "slot": 4,
            "text": "we have sf if u didnt notice"
        },
        {
            "time": 2040.32806,
            "slot": 6,
            "text": "GG"
        },
        {
            "time": 2045.21136,
            "slot": 9,
            "text": "OOOO"
        }
    ],
    "223": [
        {
            "time": 1948.55567,
            "slot": 9,
            "text": "bpb"
        },
        {
            "time": 1948.62257,
            "slot": 2,
            "text": "gg"
        }
    ],
    "224": [
        {
            "time": 1104.53033,
            "slot": 6,
            "text": "go aim sniper"
        },
        {
            "time": 1108.39603,
            "slot": 6,
            "text": "he free fucking hit"
        },
        {
            "time": 1294.41723,
            "slot": 6,
            "text": "lululul"
        },
        {
            "time": 1296.08353,
            "slot": 6,
            "text": "lululululu"
        },
        {
            "time": 1560.68563,
            "slot": 6,
            "text": "rip"
        },
        {
            "time": 1566.88403,
            "slot": 6,
            "text": "i want report this shit"
        },
        {
            "time": 1600.07593,
            "slot": 6,
            "text": "lululu"
        },
        {
            "time": 1618.00493,
            "slot": 6,
            "text": "wajhahhaa"
        },
        {
            "time": 1720.98433,
            "slot": 6,
            "text": "rip"
        },
        {
            "time": 1746.53803,
            "slot": 6,
            "text": "weh"
        },
        {
            "time": 1944.41203,
            "slot": 6,
            "text": "gg"
        },
        {
            "time": 2604.12593,
            "slot": 6,
            "text": "rip echo"
        }
    ],
    "225": [
        {
            "time": 473.08452,
            "slot": 4,
            "text": "why would heralds pick mid"
        },
        {
            "time": 549.13262,
            "slot": 4,
            "text": "dead herald mid"
        },
        {
            "time": 551.06546,
            "slot": 4,
            "text": "again top"
        },
        {
            "time": 696.76322,
            "slot": 6,
            "text": "noob herald"
        },
        {
            "time": 712.15946,
            "slot": 0,
            "text": "I borrow this account :D"
        },
        {
            "time": 722.89017,
            "slot": 6,
            "text": "how dare u"
        },
        {
            "time": 723.09012,
            "slot": 4,
            "text": "by selling ur mom's anus?"
        },
        {
            "time": 749.28372,
            "slot": 6,
            "text": "playing with legend"
        },
        {
            "time": 751.48322,
            "slot": 6,
            "text": "how dare u"
        },
        {
            "time": 1191.10912,
            "slot": 4,
            "text": "7-27 still they out of base"
        },
        {
            "time": 1193.17532,
            "slot": 4,
            "text": "at t2"
        },
        {
            "time": 1604.64152,
            "slot": 4,
            "text": "wait dont racks"
        }
    ],
    "226": [
        {
            "time": -271.462855,
            "slot": 4,
            "text": "pick"
        },
        {
            "time": -265.929606,
            "slot": 4,
            "text": " wtf"
        },
        {
            "time": -262.92965,
            "slot": 3,
            "text": "gg"
        },
        {
            "time": -67.75012,
            "slot": 5,
            "text": "end"
        },
        {
            "time": 289.42933,
            "slot": 0,
            "text": "g"
        },
        {
            "time": 291.36223,
            "slot": 0,
            "text": "gg"
        },
        {
            "time": 361.07853,
            "slot": 0,
            "text": "end"
        },
        {
            "time": 362.54483,
            "slot": 0,
            "text": "please"
        },
        {
            "time": 528.53763,
            "slot": 7,
            "text": "hahaha"
        },
        {
            "time": 528.93753,
            "slot": 6,
            "text": "Hahaha"
        },
        {
            "time": 531.53689,
            "slot": 5,
            "text": "SPACE"
        },
        {
            "time": 758.81473,
            "slot": 5,
            "text": "predicted"
        },
        {
            "time": 1302.14873,
            "slot": 5,
            "text": "PRDICTED SIR?"
        },
        {
            "time": 1480.33853,
            "slot": 1,
            "text": "end pls "
        },
        {
            "time": 1485.40393,
            "slot": 5,
            "text": "he predictedf it"
        },
        {
            "time": 1535.45843,
            "slot": 5,
            "text": "?"
        },
        {
            "time": 1535.52503,
            "slot": 2,
            "text": "ggwp"
        },
        {
            "time": 1566.51753,
            "slot": 5,
            "text": "LETS"
        },
        {
            "time": 1567.11733,
            "slot": 5,
            "text": "WAIT"
        },
        {
            "time": 1568.05043,
            "slot": 5,
            "text": "5 mns"
        },
        {
            "time": 1568.91693,
            "slot": 5,
            "text": "HAHAH"
        },
        {
            "time": 1570.58313,
            "slot": 3,
            "text": ":)"
        },
        {
            "time": 1575.44863,
            "slot": 5,
            "text": "PREDICTED ES?"
        },
        {
            "time": 1606.30773,
            "slot": 6,
            "text": "hahaha"
        },
        {
            "time": 1654.29603,
            "slot": 7,
            "text": "humm"
        },
        {
            "time": 1656.82873,
            "slot": 5,
            "text": "EZ"
        },
        {
            "time": 1659.49483,
            "slot": 5,
            "text": "PREDICT HAHAH"
        },
        {
            "time": 1753.42613,
            "slot": 5,
            "text": "EZ"
        }
    ]
}