{
    "155": [
        {
            "time": 1579.7456,
            "slot": 7,
            "text": "GG"
        }
    ],
    "156": [
        {
            "time": -310.99122,
            "slot": 2,
            "text": "GG"
        }
    ],
    "157": [
        {
            "time": 12.06924,
            "slot": 3,
            "text": "maby"
        },
        {
            "time": 1725.87504,
            "slot": 6,
            "text": "gg"
        }
    ],
    "158": [
        {
            "time": 501.7775,
            "slot": 5,
            "text": "rofl"
        },
        {
            "time": 806.56973,
            "slot": 3,
            "text": "fury lycan boiys"
        },
        {
            "time": 811.10193,
            "slot": 3,
            "text": "run"
        },
        {
            "time": 1710.64893,
            "slot": 9,
            "text": "GODO GAME"
        },
        {
            "time": 1712.04863,
            "slot": 9,
            "text": "REALLY"
        },
        {
            "time": 2694.35413,
            "slot": 2,
            "text": "BS"
        },
        {
            "time": 2694.95623,
            "slot": 2,
            "text": "NS"
        },
        {
            "time": 2695.55823,
            "slot": 2,
            "text": "KEEP"
        },
        {
            "time": 2696.22723,
            "slot": 2,
            "text": "FARMING"
        },
        {
            "time": 2697.02993,
            "slot": 2,
            "text": "LIKE A "
        },
        {
            "time": 2697.76583,
            "slot": 2,
            "text": "MORON"
        },
        {
            "time": 2698.56863,
            "slot": 2,
            "text": "REALLY"
        },
        {
            "time": 2699.37123,
            "slot": 2,
            "text": "F CK THIS"
        },
        {
            "time": 2701.57873,
            "slot": 2,
            "text": "GUY"
        },
        {
            "time": 2703.51863,
            "slot": 5,
            "text": "farm more"
        },
        {
            "time": 2703.71943,
            "slot": 7,
            "text": "stfu"
        },
        {
            "time": 2704.58903,
            "slot": 7,
            "text": "cry"
        },
        {
            "time": 2757.33533,
            "slot": 7,
            "text": "EZ"
        }
    ],
    "159": [
        {
            "time": 1351.4033,
            "slot": 6,
            "text": "rage boiz"
        },
        {
            "time": 1823.3225,
            "slot": 8,
            "text": "gg"
        },
        {
            "time": 1827.2692,
            "slot": 3,
            "text": "po caralho"
        },
        {
            "time": 1828.8079,
            "slot": 7,
            "text": "gg"
        }
    ],
    "160": [
        {
            "time": -110.3064,
            "slot": 1,
            "text": "ggwp"
        },
        {
            "time": 1069.6388,
            "slot": 8,
            "text": "i mjust gonna sit in base"
        },
        {
            "time": 1075.7707,
            "slot": 8,
            "text": "this lineup is fucking stupid"
        },
        {
            "time": 1078.8366,
            "slot": 3,
            "text": "what happened"
        },
        {
            "time": 1086.3014,
            "slot": 8,
            "text": "this picks"
        },
        {
            "time": 1087.4345,
            "slot": 9,
            "text": "storm failed mid to ursa"
        },
        {
            "time": 1089.3673,
            "slot": 9,
            "text": "and he whine"
        },
        {
            "time": 1089.7006,
            "slot": 8,
            "text": "these*"
        },
        {
            "time": 1093.3664,
            "slot": 7,
            "text": "every1 throw toys out pram"
        },
        {
            "time": 1098.0319,
            "slot": 3,
            "text": "the picks were fine"
        },
        {
            "time": 1102.1642,
            "slot": 8,
            "text": "hell no"
        },
        {
            "time": 1109.9623,
            "slot": 3,
            "text": "we were jsut edgy"
        },
        {
            "time": 1119.6933,
            "slot": 8,
            "text": "these guys dont know how to play"
        },
        {
            "time": 1124.6921,
            "slot": 8,
            "text": "i had to ward "
        },
        {
            "time": 1132.6901,
            "slot": 8,
            "text": "and when i went to gank they"
        },
        {
            "time": 1135.4228,
            "slot": 8,
            "text": "would just look"
        },
        {
            "time": 1142.821,
            "slot": 7,
            "text": "and storm spends more time typing than anything else"
        },
        {
            "time": 1188.8764,
            "slot": 8,
            "text": "just end"
        },
        {
            "time": 1192.0756,
            "slot": 8,
            "text": "ill sit in base"
        },
        {
            "time": 1192.6088,
            "slot": 2,
            "text": "stop"
        },
        {
            "time": 1201.4067,
            "slot": 8,
            "text": "26 - 3"
        },
        {
            "time": 1203.7394,
            "slot": 9,
            "text": "Better if you do tbh"
        },
        {
            "time": 1215.9364,
            "slot": 8,
            "text": "doom, aba, keep, dusa"
        },
        {
            "time": 1216.8029,
            "slot": 9,
            "text": "i wish you sat in base since the start"
        },
        {
            "time": 1221.6017,
            "slot": 8,
            "text": "no lock down"
        },
        {
            "time": 1239.1974,
            "slot": 9,
            "text": "just push now"
        },
        {
            "time": 1245.0627,
            "slot": 3,
            "text": "we were gonna mid kunkka"
        },
        {
            "time": 1246.1291,
            "slot": 6,
            "text": "jus"
        },
        {
            "time": 1250.9945,
            "slot": 6,
            "text": "end ursa"
        },
        {
            "time": 1257.5263,
            "slot": 8,
            "text": "my lanes were dumb"
        },
        {
            "time": 1262.4584,
            "slot": 8,
            "text": "i had to ward myself "
        },
        {
            "time": 1263.7914,
            "slot": 9,
            "text": "storm failing mid to ursa"
        },
        {
            "time": 1265.6576,
            "slot": 9,
            "text": "just a joker"
        },
        {
            "time": 1269.0568,
            "slot": 2,
            "text": "look at this line up and honestly say your team was worse"
        },
        {
            "time": 1271.8561,
            "slot": 2,
            "text": "You just lost"
        },
        {
            "time": 1273.5224,
            "slot": 0,
            "text": "ursa is goo dmid tho"
        },
        {
            "time": 1273.6557,
            "slot": 3,
            "text": "ursas just a king"
        },
        {
            "time": 1280.2541,
            "slot": 8,
            "text": "ours was worse"
        },
        {
            "time": 1287.7856,
            "slot": 2,
            "text": "ur right"
        },
        {
            "time": 1289.7851,
            "slot": 8,
            "text": "you have 3 lock downs"
        },
        {
            "time": 1293.7174,
            "slot": 2,
            "text": "storm unconventional mid"
        },
        {
            "time": 1296.7834,
            "slot": 2,
            "text": "ursa classic"
        },
        {
            "time": 1305.1147,
            "slot": 8,
            "text": "i thought it'd be easy"
        },
        {
            "time": 1306.5143,
            "slot": 6,
            "text": "just end"
        },
        {
            "time": 1308.8471,
            "slot": 0,
            "text": "ive never heard of storm mid before tbh"
        },
        {
            "time": 1320.1776,
            "slot": 8,
            "text": "then at 8 mins you were already up 6-0"
        },
        {
            "time": 1323.8434,
            "slot": 8,
            "text": "before i did anything"
        },
        {
            "time": 1324.5766,
            "slot": 6,
            "text": "rofl"
        },
        {
            "time": 1331.2416,
            "slot": 6,
            "text": "this fucking ursa try hard"
        },
        {
            "time": 1331.5749,
            "slot": 3,
            "text": "did anything except feed lol"
        },
        {
            "time": 1368.0993,
            "slot": 0,
            "text": "ursa stop "
        },
        {
            "time": 1368.8324,
            "slot": 8,
            "text": "nothing i can do when my team just run when i come to gank"
        },
        {
            "time": 1371.4984,
            "slot": 0,
            "text": "leave them alone"
        },
        {
            "time": 1373.6313,
            "slot": 6,
            "text": "ursa is a cunt haha"
        },
        {
            "time": 1390.2272,
            "slot": 7,
            "text": "well im reporting storm and dusa"
        },
        {
            "time": 1396.2924,
            "slot": 7,
            "text": "because you both tilted each other"
        },
        {
            "time": 1403.8239,
            "slot": 3,
            "text": "sounds good"
        },
        {
            "time": 1409.9557,
            "slot": 9,
            "text": "lmao aba"
        },
        {
            "time": 1421.8862,
            "slot": 9,
            "text": "thats fine you can report me. i hardly said anything. just responded to this dipshit"
        },
        {
            "time": 1422.6193,
            "slot": 0,
            "text": "im gonna report ursa for ability abuse"
        },
        {
            "time": 1423.9523,
            "slot": 9,
            "text": "who kept whining"
        },
        {
            "time": 1430.3507,
            "slot": 7,
            "text": "lol"
        },
        {
            "time": 1430.8173,
            "slot": 2,
            "text": "lmao"
        },
        {
            "time": 1465.7421,
            "slot": 9,
            "text": "Storm dead"
        },
        {
            "time": 1466.4752,
            "slot": 9,
            "text": "LOL"
        },
        {
            "time": 1471.7406,
            "slot": 9,
            "text": "KILL HIM'"
        },
        {
            "time": 1472.0072,
            "slot": 3,
            "text": "ggwp"
        },
        {
            "time": 1473.3402,
            "slot": 9,
            "text": "GO"
        },
        {
            "time": 1474.4733,
            "slot": 9,
            "text": "NOW"
        },
        {
            "time": 1475.0732,
            "slot": 2,
            "text": "gg"
        },
        {
            "time": 1481.8715,
            "slot": 8,
            "text": "easy game"
        },
        {
            "time": 1484.4042,
            "slot": 0,
            "text": "ursa feeding"
        },
        {
            "time": 1485.204,
            "slot": 0,
            "text": "report"
        },
        {
            "time": 1499.2006,
            "slot": 4,
            "text": "gg"
        },
        {
            "time": 1501.3667,
            "slot": 6,
            "text": "gg"
        },
        {
            "time": 1505.4324,
            "slot": 9,
            "text": "report storm"
        }
    ],
    "161": [
        {
            "time": 1273.85557,
            "slot": 1,
            "text": "Ez mid"
        },
        {
            "time": 1278.72107,
            "slot": 6,
            "text": "yes we know that"
        },
        {
            "time": 1283.38657,
            "slot": 6,
            "text": "and ez offane"
        },
        {
            "time": 1285.45277,
            "slot": 6,
            "text": "je"
        },
        {
            "time": 2709.24297,
            "slot": 3,
            "text": "gg wp"
        },
        {
            "time": 2879.05457,
            "slot": 9,
            "text": "wp"
        },
        {
            "time": 2926.95117,
            "slot": 1,
            "text": "bye"
        },
        {
            "time": 2950.09657,
            "slot": 1,
            "text": "GG our axe was bad though"
        }
    ],
    "162": [
        {
            "time": 479.88284,
            "slot": 3,
            "text": "COME AS 5"
        },
        {
            "time": 485.34818,
            "slot": 9,
            "text": "jaja"
        },
        {
            "time": 2625.35414,
            "slot": 0,
            "text": "noobs always goes core"
        },
        {
            "time": 2709.50744,
            "slot": 0,
            "text": "ff pls"
        },
        {
            "time": 2714.19014,
            "slot": 0,
            "text": "no way to win"
        },
        {
            "time": 2940.76194,
            "slot": 2,
            "text": "report slark pls"
        },
        {
            "time": 2983.17294,
            "slot": 9,
            "text": "more gank me tusk"
        },
        {
            "time": 2984.44394,
            "slot": 9,
            "text": "jaja"
        },
        {
            "time": 3006.25164,
            "slot": 4,
            "text": "wp"
        }
    ],
    "163": [
        {
            "time": -66.05054,
            "slot": 9,
            "text": "glgf"
        },
        {
            "time": -49.12134,
            "slot": 0,
            "text": "good luck get fucked?"
        },
        {
            "time": -8.3313,
            "slot": 3,
            "text": "Gul lack hav fan"
        },
        {
            "time": -5.53198,
            "slot": 3,
            "text": "gud*"
        },
        {
            "time": 428.82866,
            "slot": 8,
            "text": "wow"
        },
        {
            "time": 439.89261,
            "slot": 4,
            "text": "Yeah, don't look at the WK"
        },
        {
            "time": 442.82523,
            "slot": 4,
            "text": "Please..."
        },
        {
            "time": 453.62256,
            "slot": 4,
            "text": "Just pretend the man doesn't exist..."
        },
        {
            "time": 542.53421,
            "slot": 8,
            "text": "cool"
        },
        {
            "time": 656.37306,
            "slot": 3,
            "text": "wk reported"
        },
        {
            "time": 709.95996,
            "slot": 9,
            "text": ":D"
        },
        {
            "time": 737.75316,
            "slot": 3,
            "text": "4x6"
        },
        {
            "time": 776.14386,
            "slot": 8,
            "text": "0"
        },
        {
            "time": 778.20996,
            "slot": 8,
            "text": "0"
        },
        {
            "time": 825.79836,
            "slot": 3,
            "text": "wp"
        },
        {
            "time": 902.57966,
            "slot": 8,
            "text": "gg ez pa"
        },
        {
            "time": 1005.28786,
            "slot": 7,
            "text": "ff"
        },
        {
            "time": 1009.82006,
            "slot": 7,
            "text": "retardos team"
        },
        {
            "time": 1056.47536,
            "slot": 3,
            "text": "OMFG"
        },
        {
            "time": 1087.90106,
            "slot": 8,
            "text": "pa realy shit"
        },
        {
            "time": 1126.22496,
            "slot": 8,
            "text": "?"
        },
        {
            "time": 1131.15716,
            "slot": 8,
            "text": "?"
        },
        {
            "time": 1134.15646,
            "slot": 8,
            "text": "?"
        },
        {
            "time": 1209.87126,
            "slot": 8,
            "text": "look the shit pa"
        },
        {
            "time": 1212.73726,
            "slot": 8,
            "text": "hahahahahahah "
        },
        {
            "time": 1231.39936,
            "slot": 8,
            "text": "if u want kill pa so ez"
        },
        {
            "time": 1284.91956,
            "slot": 8,
            "text": "trash pa"
        },
        {
            "time": 1287.78556,
            "slot": 8,
            "text": "go dead plz"
        },
        {
            "time": 1359.70136,
            "slot": 8,
            "text": "ez pa trasj"
        },
        {
            "time": 1368.16596,
            "slot": 8,
            "text": "ez go fuck ur mather pla"
        },
        {
            "time": 1369.76556,
            "slot": 8,
            "text": "plz"
        },
        {
            "time": 1384.49526,
            "slot": 1,
            "text": "ez offlane"
        },
        {
            "time": 1389.69396,
            "slot": 8,
            "text": "pa 1k trash"
        },
        {
            "time": 1415.42106,
            "slot": 0,
            "text": "go back"
        },
        {
            "time": 1422.41936,
            "slot": 0,
            "text": "let them def wtf"
        },
        {
            "time": 1430.81726,
            "slot": 7,
            "text": "hahaha"
        },
        {
            "time": 1439.41516,
            "slot": 1,
            "text": "23 min gg"
        },
        {
            "time": 1439.48186,
            "slot": 0,
            "text": "dude wtf"
        },
        {
            "time": 1441.28146,
            "slot": 7,
            "text": "nice rofl(mother dead)"
        },
        {
            "time": 1441.48136,
            "slot": 1,
            "text": "joke"
        },
        {
            "time": 1442.41446,
            "slot": 3,
            "text": ")"
        },
        {
            "time": 1443.61416,
            "slot": 3,
            "text": "commend"
        }
    ],
    "164": [
        {
            "time": 48.88806,
            "slot": 0,
            "text": "envy?"
        },
        {
            "time": 53.62024,
            "slot": 1,
            "text": "envy?"
        },
        {
            "time": 228.17766,
            "slot": 0,
            "text": "3 miss"
        },
        {
            "time": 688.49856,
            "slot": 9,
            "text": "XD"
        },
        {
            "time": 2155.12246,
            "slot": 1,
            "text": "naga reported"
        },
        {
            "time": 2160.74156,
            "slot": 8,
            "text": "u too"
        },
        {
            "time": 2163.88576,
            "slot": 1,
            "text": "ye"
        },
        {
            "time": 2165.42426,
            "slot": 1,
            "text": "ofc"
        }
    ],
    "165": [
        {
            "time": -71.60494,
            "slot": 3,
            "text": "have fun, lads"
        },
        {
            "time": -61.00268,
            "slot": 2,
            "text": "G feed done mid"
        },
        {
            "time": 288.6629,
            "slot": 2,
            "text": "Pussy"
        },
        {
            "time": 344.3826,
            "slot": 2,
            "text": "g base?"
        },
        {
            "time": 345.78227,
            "slot": 2,
            "text": "Pussy?"
        },
        {
            "time": 440.8924,
            "slot": 2,
            "text": "Pussy?"
        },
        {
            "time": 876.8193,
            "slot": 2,
            "text": "G end mid"
        },
        {
            "time": 881.4848,
            "slot": 2,
            "text": "Tierd"
        },
        {
            "time": 893.8818,
            "slot": 2,
            "text": "5 asshole move together"
        },
        {
            "time": 895.6813,
            "slot": 2,
            "text": "die together"
        },
        {
            "time": 1008.6537,
            "slot": 2,
            "text": "Thx"
        },
        {
            "time": 1009.4535,
            "slot": 2,
            "text": "Guys"
        },
        {
            "time": 1082.6023,
            "slot": 2,
            "text": "ASshole"
        },
        {
            "time": 1088.7342,
            "slot": 2,
            "text": "get fucked"
        },
        {
            "time": 1095.3992,
            "slot": 2,
            "text": "So hard"
        },
        {
            "time": 1673.2248,
            "slot": 2,
            "text": "Forgot game"
        },
        {
            "time": 1681.4228,
            "slot": 2,
            "text": "Go study"
        },
        {
            "time": 1683.089,
            "slot": 2,
            "text": "You guys"
        },
        {
            "time": 1684.0221,
            "slot": 2,
            "text": "Sucks"
        },
        {
            "time": 1691.487,
            "slot": 8,
            "text": "nice feed top trol and spectra"
        },
        {
            "time": 1700.4181,
            "slot": 2,
            "text": "i was mid ck"
        },
        {
            "time": 1756.6044,
            "slot": 4,
            "text": "gg wp"
        },
        {
            "time": 1756.9043,
            "slot": 2,
            "text": "gg"
        },
        {
            "time": 1761.5699,
            "slot": 2,
            "text": "Fuc k you asshole"
        },
        {
            "time": 1762.5696,
            "slot": 2,
            "text": "People"
        },
        {
            "time": 1762.7029,
            "slot": 0,
            "text": "ck you need to study, half your senteces make no sense"
        },
        {
            "time": 1767.9017,
            "slot": 3,
            "text": "sorry guys"
        }
    ],
    "166": [
        {
            "time": 907.14522,
            "slot": 0,
            "text": "GG team"
        },
        {
            "time": 1079.43642,
            "slot": 9,
            "text": "aw"
        },
        {
            "time": 2173.48332,
            "slot": 6,
            "text": "SORY AM HAHAH\\"
        },
        {
            "time": 2203.38512,
            "slot": 6,
            "text": "DAHIL MARAMING BOMBA NAGHIHINATU SA INYU"
        },
        {
            "time": 2292.62252,
            "slot": 9,
            "text": "hyahha"
        },
        {
            "time": 2301.98772,
            "slot": 6,
            "text": "HAHAAHA"
        },
        {
            "time": 2306.87102,
            "slot": 4,
            "text": "push"
        },
        {
            "time": 2322.45752,
            "slot": 6,
            "text": "PUSH DAW OH"
        },
        {
            "time": 2437.11462,
            "slot": 9,
            "text": "}aw"
        },
        {
            "time": 2474.44182,
            "slot": 9,
            "text": "wtf"
        },
        {
            "time": 2476.98382,
            "slot": 6,
            "text": "EW RIKI BOBOB"
        },
        {
            "time": 2487.21862,
            "slot": 3,
            "text": "stfu techies player"
        },
        {
            "time": 2502.26992,
            "slot": 6,
            "text": "EW RIKI HAHAHA"
        },
        {
            "time": 2828.78212,
            "slot": 6,
            "text": "END NA GUIS"
        },
        {
            "time": 2853.66692,
            "slot": 6,
            "text": "END NA ..EZZ"
        },
        {
            "time": 2874.06972,
            "slot": 3,
            "text": "gg"
        },
        {
            "time": 2882.69912,
            "slot": 9,
            "text": "gg"
        },
        {
            "time": 2899.55652,
            "slot": 4,
            "text": "gg"
        },
        {
            "time": 2924.97652,
            "slot": 9,
            "text": "gg game"
        },
        {
            "time": 2927.51852,
            "slot": 7,
            "text": "commend "
        }
    ],
    "167": [
        {
            "time": 327.1535,
            "slot": 4,
            "text": "wp"
        },
        {
            "time": 421.13054,
            "slot": 3,
            "text": ";)"
        },
        {
            "time": 610.8842,
            "slot": 3,
            "text": "no"
        },
        {
            "time": 678.8676,
            "slot": 4,
            "text": "?"
        },
        {
            "time": 687.5988,
            "slot": 6,
            "text": "?"
        },
        {
            "time": 960.7987,
            "slot": 4,
            "text": "lol"
        },
        {
            "time": 1003.1217,
            "slot": 3,
            "text": "gg?"
        },
        {
            "time": 1190.6759,
            "slot": 3,
            "text": "?"
        },
        {
            "time": 1196.0746,
            "slot": 6,
            "text": "?"
        },
        {
            "time": 1249.5949,
            "slot": 3,
            "text": "??"
        },
        {
            "time": 1322.5771,
            "slot": 1,
            "text": "cmon guys 3v1 really?"
        },
        {
            "time": 1335.9071,
            "slot": 6,
            "text": "that was a 3v1 too?"
        },
        {
            "time": 1345.9047,
            "slot": 1,
            "text": "how do you like it?"
        },
        {
            "time": 1351.9699,
            "slot": 6,
            "text": "yummy"
        },
        {
            "time": 1358.235,
            "slot": 1,
            "text": "thats what your mum said"
        },
        {
            "time": 1682.548,
            "slot": 3,
            "text": "heeey "
        },
        {
            "time": 1762.8215,
            "slot": 4,
            "text": "gg"
        },
        {
            "time": 1770.6481,
            "slot": 3,
            "text": "gg"
        },
        {
            "time": 1843.5632,
            "slot": 5,
            "text": "minced"
        },
        {
            "time": 1844.4997,
            "slot": 5,
            "text": "bro"
        },
        {
            "time": 1847.9113,
            "slot": 3,
            "text": "ayeeee"
        },
        {
            "time": 1852.1925,
            "slot": 3,
            "text": "ya did"
        },
        {
            "time": 1882.8971,
            "slot": 5,
            "text": "ggwp tinker"
        },
        {
            "time": 1884.904,
            "slot": 0,
            "text": "ggwp"
        },
        {
            "time": 1889.9211,
            "slot": 0,
            "text": "gg march"
        }
    ],
    "168": [
        {
            "time": 3.6991,
            "slot": 8,
            "text": "omegalul"
        },
        {
            "time": 231.8101,
            "slot": 5,
            "text": "?"
        },
        {
            "time": 531.73685,
            "slot": 7,
            "text": "we are late game"
        },
        {
            "time": 995.6236,
            "slot": 1,
            "text": "hi"
        },
        {
            "time": 2523.251,
            "slot": 8,
            "text": "gg"
        },
        {
            "time": 2525.9938,
            "slot": 5,
            "text": "gg"
        },
        {
            "time": 2534.5562,
            "slot": 5,
            "text": "never 1st spec again"
        }
    ],
    "169": [
        {
            "time": 2255.64782,
            "slot": 7,
            "text": "Gg"
        }
    ],
    "170": [
        {
            "time": -91.5007,
            "slot": 5,
            "text": "let me repick plz"
        },
        {
            "time": -77.63107,
            "slot": 0,
            "text": "range vs. melee"
        },
        {
            "time": -68.56247,
            "slot": 8,
            "text": "RETARDS VS FEEDERS"
        },
        {
            "time": -62.42782,
            "slot": 0,
            "text": "my fave"
        },
        {
            "time": -50.22522,
            "slot": 3,
            "text": "ill out retard your feed dont worry"
        },
        {
            "time": -37.82409,
            "slot": 8,
            "text": "LOL"
        },
        {
            "time": -35.62464,
            "slot": 8,
            "text": "EZ MOERPH"
        },
        {
            "time": 100.47546,
            "slot": 8,
            "text": "TY"
        },
        {
            "time": 688.43192,
            "slot": 6,
            "text": "he said"
        },
        {
            "time": 688.43192,
            "slot": 6,
            "text": "keyboard issues"
        },
        {
            "time": 688.43192,
            "slot": 6,
            "text": "wait pls"
        },
        {
            "time": 688.43192,
            "slot": 5,
            "text": "liar"
        },
        {
            "time": 688.43192,
            "slot": 6,
            "text": "ty"
        },
        {
            "time": 1170.01436,
            "slot": 5,
            "text": "penius"
        },
        {
            "time": 1913.69386,
            "slot": 4,
            "text": "lol"
        },
        {
            "time": 1924.46386,
            "slot": 4,
            "text": "i get it"
        },
        {
            "time": 1927.80866,
            "slot": 4,
            "text": "jesus resurrects"
        },
        {
            "time": 1930.41756,
            "slot": 8,
            "text": "LOL"
        },
        {
            "time": 1931.01966,
            "slot": 5,
            "text": "looool"
        },
        {
            "time": 2059.99226,
            "slot": 5,
            "text": "end fast"
        },
        {
            "time": 2252.71536,
            "slot": 4,
            "text": "u tried"
        },
        {
            "time": 2535.64576,
            "slot": 8,
            "text": "gg?"
        },
        {
            "time": 2539.25806,
            "slot": 9,
            "text": "gg"
        },
        {
            "time": 2556.91826,
            "slot": 9,
            "text": "now we get to see the purple cool aid man slowly punch our base to death"
        },
        {
            "time": 2601.33626,
            "slot": 9,
            "text": "report alch for not having 0.25 seconds per atk"
        },
        {
            "time": 2607.42366,
            "slot": 3,
            "text": "lol"
        },
        {
            "time": 2609.26326,
            "slot": 5,
            "text": "gg"
        },
        {
            "time": 2609.33016,
            "slot": 1,
            "text": "gg"
        },
        {
            "time": 2613.47766,
            "slot": 9,
            "text": "only 0.28"
        },
        {
            "time": 2614.94926,
            "slot": 9,
            "text": "fucking nub"
        }
    ],
    "171": [
        {
            "time": 97.20962,
            "slot": 7,
            "text": "HAHAH"
        },
        {
            "time": 99.20912,
            "slot": 7,
            "text": "let sd carry"
        },
        {
            "time": 101.07532,
            "slot": 7,
            "text": "let me afk"
        },
        {
            "time": 513.84122,
            "slot": 1,
            "text": "haha"
        },
        {
            "time": 755.71552,
            "slot": 7,
            "text": "HAHAHA"
        },
        {
            "time": 759.78112,
            "slot": 7,
            "text": "Rerpot sd later"
        },
        {
            "time": 808.50262,
            "slot": 7,
            "text": "HAHAHAHAHA"
        },
        {
            "time": 817.56702,
            "slot": 7,
            "text": "Wow"
        },
        {
            "time": 818.30022,
            "slot": 7,
            "text": "HAHAHa"
        },
        {
            "time": 819.10002,
            "slot": 7,
            "text": "Sd go"
        },
        {
            "time": 820.69962,
            "slot": 7,
            "text": "go sd"
        },
        {
            "time": 821.56602,
            "slot": 7,
            "text": "HAHAHA"
        },
        {
            "time": 941.00352,
            "slot": 1,
            "text": "Haha"
        },
        {
            "time": 941.87002,
            "slot": 1,
            "text": "Sad"
        },
        {
            "time": 947.13542,
            "slot": 6,
            "text": "sad"
        },
        {
            "time": 990.65812,
            "slot": 7,
            "text": "HEHEHE"
        },
        {
            "time": 1045.44472,
            "slot": 7,
            "text": "HAHAHAHa"
        },
        {
            "time": 1046.37782,
            "slot": 7,
            "text": "nnoob"
        },
        {
            "time": 1334.84072,
            "slot": 7,
            "text": "g oend"
        },
        {
            "time": 1478.53892,
            "slot": 3,
            "text": "HAHA"
        },
        {
            "time": 1481.40492,
            "slot": 7,
            "text": "HAHAHAHa"
        },
        {
            "time": 1497.86762,
            "slot": 7,
            "text": "wait let tk abandon"
        },
        {
            "time": 1504.86592,
            "slot": 2,
            "text": "why TK?"
        },
        {
            "time": 1506.73212,
            "slot": 2,
            "text": "he's good"
        },
        {
            "time": 1511.39762,
            "slot": 3,
            "text": "hes good "
        },
        {
            "time": 1511.59752,
            "slot": 7,
            "text": "Sd is good"
        },
        {
            "time": 1512.59732,
            "slot": 7,
            "text": "HAHAHA"
        },
        {
            "time": 1513.33052,
            "slot": 3,
            "text": "HAHA"
        },
        {
            "time": 1525.32752,
            "slot": 7,
            "text": "Cancer sup"
        },
        {
            "time": 1527.26042,
            "slot": 7,
            "text": "HAHAHA"
        }
    ],
    "172": [
        {
            "time": -117.55597,
            "slot": 9,
            "text": "gg "
        },
        {
            "time": -109.88766,
            "slot": 9,
            "text": "no support"
        },
        {
            "time": -90.0501,
            "slot": 4,
            "text": "n1"
        },
        {
            "time": -69.31642,
            "slot": 4,
            "text": "am said no support "
        },
        {
            "time": -66.71706,
            "slot": 4,
            "text": "so nice "
        },
        {
            "time": -57.9192,
            "slot": 9,
            "text": "so gg"
        },
        {
            "time": -54.78664,
            "slot": 9,
            "text": "pls end"
        },
        {
            "time": -47.38844,
            "slot": 0,
            "text": "?"
        },
        {
            "time": -33.9917,
            "slot": 6,
            "text": "Lol"
        },
        {
            "time": -31.0591,
            "slot": 9,
            "text": "pls end as fast as u can sirs"
        },
        {
            "time": -28.52638,
            "slot": 6,
            "text": "all of us no tango"
        },
        {
            "time": -26.19362,
            "slot": 6,
            "text": "just axe"
        },
        {
            "time": -18.06227,
            "slot": 8,
            "text": "NO TANGO GAMER"
        },
        {
            "time": 7.06493,
            "slot": 9,
            "text": "i "
        },
        {
            "time": 19.3286,
            "slot": 9,
            "text": "i trow"
        },
        {
            "time": 490.11366,
            "slot": 6,
            "text": "Dafaq?"
        },
        {
            "time": 492.4464,
            "slot": 6,
            "text": "Lol"
        },
        {
            "time": 494.84584,
            "slot": 6,
            "text": "epic fail"
        },
        {
            "time": 534.9694,
            "slot": 6,
            "text": "foq"
        },
        {
            "time": 580.8915,
            "slot": 6,
            "text": "Hah"
        },
        {
            "time": 586.4901,
            "slot": 6,
            "text": "Lol"
        },
        {
            "time": 612.7504,
            "slot": 6,
            "text": "foq"
        },
        {
            "time": 770.1453,
            "slot": 6,
            "text": "Lol"
        },
        {
            "time": 771.2117,
            "slot": 6,
            "text": "hahaha"
        },
        {
            "time": 790.7402,
            "slot": 6,
            "text": "Haha"
        },
        {
            "time": 829.4641,
            "slot": 6,
            "text": "Lol"
        },
        {
            "time": 860.0567,
            "slot": 6,
            "text": "haha ggwp"
        },
        {
            "time": 865.9219,
            "slot": 6,
            "text": "party???"
        },
        {
            "time": 1016.3518,
            "slot": 6,
            "text": "Haha"
        },
        {
            "time": 1032.3479,
            "slot": 6,
            "text": "boom"
        },
        {
            "time": 1034.0808,
            "slot": 6,
            "text": "panis"
        },
        {
            "time": 1044.9448,
            "slot": 1,
            "text": "ez"
        },
        {
            "time": 1215.5698,
            "slot": 6,
            "text": "ahahah"
        },
        {
            "time": 1227.1004,
            "slot": 6,
            "text": "boom"
        },
        {
            "time": 1258.426,
            "slot": 6,
            "text": "Dead"
        },
        {
            "time": 1316.012,
            "slot": 6,
            "text": "lmao"
        },
        {
            "time": 1340.9392,
            "slot": 6,
            "text": "wow"
        },
        {
            "time": 1569.1168,
            "slot": 8,
            "text": "TANG INANG PUDGE TO"
        },
        {
            "time": 1572.3827,
            "slot": 8,
            "text": "DAMAY PA AKO"
        },
        {
            "time": 1576.3817,
            "slot": 6,
            "text": "blame pa ako?"
        },
        {
            "time": 1579.6476,
            "slot": 6,
            "text": "haha"
        },
        {
            "time": 1754.1525,
            "slot": 8,
            "text": "PAPER AS HELL"
        },
        {
            "time": 1763.2837,
            "slot": 6,
            "text": "Lol"
        },
        {
            "time": 1765.4242,
            "slot": 5,
            "text": "come "
        },
        {
            "time": 1768.0331,
            "slot": 6,
            "text": "hala oii"
        },
        {
            "time": 1768.3676,
            "slot": 5,
            "text": "rampage"
        },
        {
            "time": 1771.8461,
            "slot": 6,
            "text": "anu ba yann"
        },
        {
            "time": 1800.3432,
            "slot": 6,
            "text": "aray"
        },
        {
            "time": 1803.7547,
            "slot": 6,
            "text": "sakit amp"
        },
        {
            "time": 1819.475,
            "slot": 6,
            "text": "Lol"
        },
        {
            "time": 1822.5521,
            "slot": 6,
            "text": "Haha"
        },
        {
            "time": 1837.4697,
            "slot": 8,
            "text": "WAG KANA MAG HOOK PUDGE"
        },
        {
            "time": 1849.4437,
            "slot": 8,
            "text": "KUNG KASAMA MO LANG I HOGHOOK MO TAENA"
        },
        {
            "time": 1925.7035,
            "slot": 6,
            "text": "Aw"
        },
        {
            "time": 1928.9813,
            "slot": 6,
            "text": "bweset"
        },
        {
            "time": 1964.9037,
            "slot": 6,
            "text": "gang bang"
        },
        {
            "time": 2077.9555,
            "slot": 7,
            "text": "gg"
        },
        {
            "time": 2134.6151,
            "slot": 8,
            "text": "HOY PUDGE?"
        },
        {
            "time": 2135.4179,
            "slot": 6,
            "text": "that pudge]"
        },
        {
            "time": 2207.5971,
            "slot": 6,
            "text": "cum back??"
        },
        {
            "time": 2271.2137,
            "slot": 8,
            "text": "EZ"
        },
        {
            "time": 2434.6371,
            "slot": 6,
            "text": "Lol"
        },
        {
            "time": 2504.4081,
            "slot": 6,
            "text": "aw"
        },
        {
            "time": 2505.1439,
            "slot": 6,
            "text": "Aw"
        },
        {
            "time": 2507.4852,
            "slot": 8,
            "text": "HAYZZ"
        },
        {
            "time": 2508.7562,
            "slot": 6,
            "text": "ggwp"
        },
        {
            "time": 2509.9603,
            "slot": 6,
            "text": "haha"
        },
        {
            "time": 2534.7782,
            "slot": 6,
            "text": "Lol"
        },
        {
            "time": 2535.6478,
            "slot": 8,
            "text": "DISASTA"
        },
        {
            "time": 2536.1161,
            "slot": 6,
            "text": "haha"
        },
        {
            "time": 2537.9557,
            "slot": 7,
            "text": "Report am"
        },
        {
            "time": 2538.7919,
            "slot": 6,
            "text": "its dizasta!!!"
        },
        {
            "time": 2539.1933,
            "slot": 7,
            "text": "so noob guyz"
        },
        {
            "time": 2542.9393,
            "slot": 7,
            "text": "hays"
        },
        {
            "time": 2560.6664,
            "slot": 6,
            "text": "ohh its from universe its a dizasta!! ppd!!"
        },
        {
            "time": 2601.0037,
            "slot": 6,
            "text": "Awww"
        },
        {
            "time": 2605.8202,
            "slot": 1,
            "text": "ggwp"
        },
        {
            "time": 2613.7807,
            "slot": 6,
            "text": "wp gg"
        },
        {
            "time": 2620.7377,
            "slot": 6,
            "text": "well played good game"
        },
        {
            "time": 2632.0094,
            "slot": 6,
            "text": "ggwp"
        },
        {
            "time": 2632.5111,
            "slot": 7,
            "text": "gg"
        },
        {
            "time": 2633.1801,
            "slot": 6,
            "text": "haha"
        },
        {
            "time": 2634.2504,
            "slot": 7,
            "text": "Rteport am"
        },
        {
            "time": 2637.9965,
            "slot": 2,
            "text": "commend"
        }
    ],
    "173": [
        {
            "time": -30.52588,
            "slot": 5,
            "text": "pidary"
        },
        {
            "time": 1765.97442,
            "slot": 7,
            "text": "pidoryt"
        },
        {
            "time": 1767.64672,
            "slot": 7,
            "text": "y"
        }
    ],
    "174": [
        {
            "time": 496.3788,
            "slot": 3,
            "text": "nice comming ta"
        },
        {
            "time": 1751.2358,
            "slot": 3,
            "text": "Cm me"
        },
        {
            "time": 1752.7074,
            "slot": 6,
            "text": "RREI RREI VEI PEI JONGE'"
        },
        {
            "time": 1854.7885,
            "slot": 3,
            "text": "Ez"
        },
        {
            "time": 1862.682,
            "slot": 3,
            "text": "delet dota"
        },
        {
            "time": 1877.4657,
            "slot": 7,
            "text": "tryhard"
        },
        {
            "time": 1890.644,
            "slot": 0,
            "text": "g_g"
        },
        {
            "time": 1891.4467,
            "slot": 3,
            "text": "Ez"
        }
    ],
    "175": [
        {
            "time": 1986.86946,
            "slot": 1,
            "text": "LOL"
        }
    ],
    "176": [
        {
            "time": 1109.36246,
            "slot": 0,
            "text": "thx 4 waiting"
        },
        {
            "time": 1109.36246,
            "slot": 4,
            "text": "G"
        },
        {
            "time": 1109.36246,
            "slot": 0,
            "text": "g? "
        },
        {
            "time": 2522.80666,
            "slot": 5,
            "text": "gg"
        }
    ],
    "177": [
        {
            "time": -57.68591,
            "slot": 5,
            "text": "press j change weather"
        },
        {
            "time": -45.95544,
            "slot": 2,
            "text": "j"
        },
        {
            "time": -42.28968,
            "slot": 1,
            "text": "J"
        },
        {
            "time": -41.35658,
            "slot": 4,
            "text": "j"
        },
        {
            "time": -36.09118,
            "slot": 7,
            "text": "j"
        },
        {
            "time": -30.35925,
            "slot": 9,
            "text": "press j for glyph of fortification"
        },
        {
            "time": -29.15954,
            "slot": 1,
            "text": "HOT WEATHER ZEA ZEA"
        },
        {
            "time": -19.16198,
            "slot": 1,
            "text": "ty"
        },
        {
            "time": -3.9657,
            "slot": 8,
            "text": "lol"
        },
        {
            "time": 187.55422,
            "slot": 8,
            "text": "rec wait"
        },
        {
            "time": 187.62088,
            "slot": 8,
            "text": " ?"
        },
        {
            "time": 187.62088,
            "slot": 5,
            "text": "w8 la"
        },
        {
            "time": 187.62088,
            "slot": 8,
            "text": "wait dude"
        },
        {
            "time": 187.62088,
            "slot": 5,
            "text": "she rec"
        },
        {
            "time": 198.28492,
            "slot": 8,
            "text": "asshole "
        },
        {
            "time": 198.28492,
            "slot": 5,
            "text": "w8 la"
        },
        {
            "time": 198.28492,
            "slot": 8,
            "text": "mofo "
        },
        {
            "time": 198.28492,
            "slot": 8,
            "text": "n p "
        },
        {
            "time": 1291.21802,
            "slot": 7,
            "text": "lol"
        },
        {
            "time": 1604.87482,
            "slot": 8,
            "text": "lol"
        },
        {
            "time": 1968.70642,
            "slot": 8,
            "text": "lol"
        },
        {
            "time": 2428.74012,
            "slot": 0,
            "text": "GG"
        },
        {
            "time": 2537.97892,
            "slot": 8,
            "text": "GG W P"
        }
    ],
    "178": [
        {
            "time": -216.95358,
            "slot": 7,
            "text": "papansin ang puta"
        },
        {
            "time": -59.68542,
            "slot": 5,
            "text": "GG team mates"
        },
        {
            "time": -36.49109,
            "slot": 3,
            "text": "im cancer"
        },
        {
            "time": -30.49256,
            "slot": 7,
            "text": "so ? who cares"
        },
        {
            "time": 599.7869,
            "slot": 3,
            "text": "wtf"
        },
        {
            "time": 813.43474,
            "slot": 7,
            "text": "lol"
        },
        {
            "time": 898.08074,
            "slot": 1,
            "text": "LOL"
        },
        {
            "time": 904.61244,
            "slot": 0,
            "text": "hell"
        },
        {
            "time": 908.34484,
            "slot": 5,
            "text": "HHHHAHA"
        },
        {
            "time": 975.12854,
            "slot": 7,
            "text": "hell"
        },
        {
            "time": 982.59344,
            "slot": 0,
            "text": "hell"
        },
        {
            "time": 987.99214,
            "slot": 7,
            "text": "fuck you"
        },
        {
            "time": 1046.74444,
            "slot": 5,
            "text": "why quit ?"
        },
        {
            "time": 1046.74444,
            "slot": 7,
            "text": "coward"
        },
        {
            "time": 1046.74444,
            "slot": 0,
            "text": "i dont know"
        },
        {
            "time": 1046.74444,
            "slot": 0,
            "text": "lol"
        },
        {
            "time": 1046.74444,
            "slot": 0,
            "text": "u?"
        },
        {
            "time": 1126.95814,
            "slot": 0,
            "text": "ty ty"
        },
        {
            "time": 1126.95814,
            "slot": 0,
            "text": "no safe pls"
        },
        {
            "time": 1269.82324,
            "slot": 0,
            "text": "lol pck"
        },
        {
            "time": 1522.09504,
            "slot": 1,
            "text": "ahahaha"
        },
        {
            "time": 1585.81274,
            "slot": 0,
            "text": "i am not affraid"
        },
        {
            "time": 1590.94484,
            "slot": 0,
            "text": "eminem"
        },
        {
            "time": 1681.79424,
            "slot": 0,
            "text": "lol"
        },
        {
            "time": 1727.01494,
            "slot": 1,
            "text": "UBOS"
        },
        {
            "time": 1767.58644,
            "slot": 5,
            "text": "end"
        },
        {
            "time": 1774.61034,
            "slot": 0,
            "text": "why?"
        },
        {
            "time": 1778.02204,
            "slot": 0,
            "text": "too early"
        },
        {
            "time": 1778.69094,
            "slot": 5,
            "text": "sorender"
        },
        {
            "time": 1787.98934,
            "slot": 0,
            "text": "sarrender?"
        },
        {
            "time": 1793.67534,
            "slot": 5,
            "text": "poor team mates"
        },
        {
            "time": 1806.38524,
            "slot": 0,
            "text": "no rich?"
        },
        {
            "time": 2055.09914,
            "slot": 0,
            "text": "lol drw"
        },
        {
            "time": 2059.91564,
            "slot": 6,
            "text": "?"
        },
        {
            "time": 2168.35164,
            "slot": 0,
            "text": "lol puck"
        },
        {
            "time": 2201.66504,
            "slot": 0,
            "text": "cool"
        },
        {
            "time": 2272.10504,
            "slot": 5,
            "text": "HAHAHA"
        },
        {
            "time": 2513.72804,
            "slot": 0,
            "text": "lol 2 dust?"
        },
        {
            "time": 2521.68854,
            "slot": 0,
            "text": "that loss money"
        },
        {
            "time": 2527.50834,
            "slot": 3,
            "text": "waste"
        },
        {
            "time": 3018.84864,
            "slot": 0,
            "text": "lol"
        },
        {
            "time": 3023.46434,
            "slot": 0,
            "text": "only me def?"
        },
        {
            "time": 3183.20864,
            "slot": 1,
            "text": "gG"
        },
        {
            "time": 3220.46874,
            "slot": 1,
            "text": "DIE BACK"
        },
        {
            "time": 3299.53814,
            "slot": 0,
            "text": "gg?"
        },
        {
            "time": 3302.11364,
            "slot": 5,
            "text": "HAHHAA"
        },
        {
            "time": 3305.42484,
            "slot": 0,
            "text": "lol sf"
        },
        {
            "time": 3308.56884,
            "slot": 5,
            "text": "HAHAHA"
        }
    ],
    "179": [
        {
            "time": 8.69787,
            "slot": 2,
            "text": "jebaited"
        },
        {
            "time": 1113.19487,
            "slot": 9,
            "text": "lul"
        },
        {
            "time": 1115.52767,
            "slot": 6,
            "text": "lel "
        },
        {
            "time": 1118.99347,
            "slot": 6,
            "text": "didnt know that "
        },
        {
            "time": 1128.25787,
            "slot": 6,
            "text": "thought fly woulndt get stop"
        },
        {
            "time": 2345.45727,
            "slot": 9,
            "text": "wp team"
        },
        {
            "time": 2348.86897,
            "slot": 6,
            "text": "pheonix "
        },
        {
            "time": 2353.68537,
            "slot": 9,
            "text": "good cover "
        },
        {
            "time": 2366.39527,
            "slot": 4,
            "text": "HP Full"
        },
        {
            "time": 2369.27177,
            "slot": 6,
            "text": "lol"
        },
        {
            "time": 2374.62337,
            "slot": 1,
            "text": "our spec run away when war"
        },
        {
            "time": 2378.57007,
            "slot": 1,
            "text": "with full hp"
        },
        {
            "time": 2379.43977,
            "slot": 1,
            "text": "GG"
        },
        {
            "time": 2387.19947,
            "slot": 5,
            "text": "haha"
        },
        {
            "time": 2530.05277,
            "slot": 8,
            "text": "gg"
        },
        {
            "time": 2530.18657,
            "slot": 9,
            "text": "Z"
        },
        {
            "time": 2531.85897,
            "slot": 9,
            "text": "Z"
        },
        {
            "time": 2532.19337,
            "slot": 3,
            "text": "GG"
        },
        {
            "time": 2533.12987,
            "slot": 6,
            "text": "omg the pheonix plays :D"
        },
        {
            "time": 2541.22407,
            "slot": 6,
            "text": "gg wp "
        }
    ],
    "180": [
        {
            "time": 0.16663,
            "slot": 4,
            "text": "Xd"
        },
        {
            "time": 14.29651,
            "slot": 9,
            "text": "lol"
        },
        {
            "time": 186.38783,
            "slot": 9,
            "text": "gg"
        },
        {
            "time": 187.52087,
            "slot": 9,
            "text": "Esse pudge"
        },
        {
            "time": 721.05728,
            "slot": 9,
            "text": "Acaba"
        },
        {
            "time": 723.12343,
            "slot": 9,
            "text": "Serio"
        },
        {
            "time": 725.05633,
            "slot": 9,
            "text": "O hook"
        },
        {
            "time": 726.38933,
            "slot": 9,
            "text": "o pudge"
        },
        {
            "time": 730.05508,
            "slot": 9,
            "text": "errou TUDOS"
        },
        {
            "time": 732.12123,
            "slot": 9,
            "text": "os hooks"
        },
        {
            "time": 865.75523,
            "slot": 4,
            "text": "ez"
        },
        {
            "time": 1020.38423,
            "slot": 9,
            "text": "reporta"
        },
        {
            "time": 1023.05023,
            "slot": 9,
            "text": "esse pduge"
        },
        {
            "time": 1024.71643,
            "slot": 9,
            "text": "ty"
        },
        {
            "time": 1544.38953,
            "slot": 6,
            "text": "bloodlust wins"
        },
        {
            "time": 1544.92273,
            "slot": 6,
            "text": "gg"
        },
        {
            "time": 1603.10853,
            "slot": 9,
            "text": "acaba"
        },
        {
            "time": 1642.63223,
            "slot": 9,
            "text": "2-15"
        },
        {
            "time": 1643.36543,
            "slot": 9,
            "text": "how"
        },
        {
            "time": 1711.74873,
            "slot": 9,
            "text": "recua"
        },
        {
            "time": 1713.41493,
            "slot": 9,
            "text": "q meu pudge"
        },
        {
            "time": 1714.34803,
            "slot": 9,
            "text": "ta vindo"
        },
        {
            "time": 1719.34683,
            "slot": 4,
            "text": "calla reconcahtuamdre"
        },
        {
            "time": 1831.53683,
            "slot": 9,
            "text": "hi im pudge"
        },
        {
            "time": 1833.54383,
            "slot": 9,
            "text": "im going to hook"
        },
        {
            "time": 1837.82503,
            "slot": 9,
            "text": "when no one in my team"
        },
        {
            "time": 1839.63113,
            "slot": 9,
            "text": "isn ear me"
        }
    ],
    "181": [
        {
            "time": 436.3164,
            "slot": 2,
            "text": "report ursa thx"
        },
        {
            "time": 1733.0331,
            "slot": 2,
            "text": "stop focusing me"
        },
        {
            "time": 2179.3889,
            "slot": 2,
            "text": "report axe later plz"
        },
        {
            "time": 2192.2995,
            "slot": 3,
            "text": "AHSDHASDHASDHAS"
        },
        {
            "time": 2477.9726,
            "slot": 1,
            "text": "best thing about it"
        },
        {
            "time": 2482.8559,
            "slot": 1,
            "text": "Is that our russian duo"
        },
        {
            "time": 2486.6689,
            "slot": 1,
            "text": "antimage and axe"
        },
        {
            "time": 2495.1645,
            "slot": 1,
            "text": "cannot even fucking finish a game already won"
        },
        {
            "time": 2503.0581,
            "slot": 1,
            "text": "Not even that."
        },
        {
            "time": 2583.2313,
            "slot": 0,
            "text": "report axe"
        },
        {
            "time": 2587.78,
            "slot": 7,
            "text": "report troll"
        }
    ],
    "182": [
        {
            "time": -353.087927,
            "slot": 4,
            "text": "dicen que ppk la tiene negra"
        },
        {
            "time": 363.11138,
            "slot": 5,
            "text": "1v3 fore what"
        },
        {
            "time": 384.57278,
            "slot": 1,
            "text": "blood last pick vs od"
        },
        {
            "time": 386.03908,
            "slot": 1,
            "text": "lol"
        },
        {
            "time": 982.29348,
            "slot": 1,
            "text": "last pick blood"
        },
        {
            "time": 1062.34058,
            "slot": 1,
            "text": "go next ty"
        },
        {
            "time": 1211.70418,
            "slot": 1,
            "text": "we lost ty"
        },
        {
            "time": 1254.22708,
            "slot": 4,
            "text": "Cant believe a retard wanbts to kill instead of ending the game"
        },
        {
            "time": 1406.38998,
            "slot": 1,
            "text": "retard my fucking team "
        },
        {
            "time": 1407.25638,
            "slot": 1,
            "text": "ty"
        },
        {
            "time": 1413.85478,
            "slot": 1,
            "text": "luna no ulti lvl 10"
        },
        {
            "time": 1415.38768,
            "slot": 1,
            "text": "lmao"
        },
        {
            "time": 1421.71948,
            "slot": 1,
            "text": "blood last pick"
        },
        {
            "time": 1422.18608,
            "slot": 1,
            "text": "xd"
        },
        {
            "time": 1507.76518,
            "slot": 2,
            "text": "aWW"
        },
        {
            "time": 1509.49808,
            "slot": 2,
            "text": ":3 "
        },
        {
            "time": 1511.23098,
            "slot": 2,
            "text": "DK OFF"
        },
        {
            "time": 1512.83058,
            "slot": 2,
            "text": "NEW META"
        },
        {
            "time": 1523.56128,
            "slot": 7,
            "text": "LUK"
        },
        {
            "time": 1527.29378,
            "slot": 7,
            "text": "LUL"
        },
        {
            "time": 1528.76008,
            "slot": 1,
            "text": "lvl 12 blood "
        },
        {
            "time": 1529.55988,
            "slot": 1,
            "text": "?"
        },
        {
            "time": 1532.49248,
            "slot": 1,
            "text": "ty"
        },
        {
            "time": 1537.75788,
            "slot": 1,
            "text": "od vs blood"
        },
        {
            "time": 1540.55718,
            "slot": 1,
            "text": "xdddddddddddddddddddddddddddddddddddddddd"
        },
        {
            "time": 1643.76448,
            "slot": 7,
            "text": "LOL"
        },
        {
            "time": 1652.09278,
            "slot": 1,
            "text": "TY LAST PICK BLOOD"
        },
        {
            "time": 1654.43408,
            "slot": 1,
            "text": ":D "
        }
    ],
    "183": [
        {
            "time": 417.36477,
            "slot": 9,
            "text": "HAHA"
        },
        {
            "time": 419.3643,
            "slot": 9,
            "text": "GOOD"
        },
        {
            "time": 420.1641,
            "slot": 9,
            "text": "HERO"
        },
        {
            "time": 421.16384,
            "slot": 9,
            "text": "XD"
        },
        {
            "time": 428.96193,
            "slot": 9,
            "text": "im done"
        },
        {
            "time": 430.16164,
            "slot": 3,
            "text": "said the monkey picker :D"
        },
        {
            "time": 3114.7348,
            "slot": 9,
            "text": "NOOB"
        },
        {
            "time": 3436.7652,
            "slot": 9,
            "text": "WTF"
        },
        {
            "time": 3438.3706,
            "slot": 9,
            "text": "srly"
        },
        {
            "time": 3911.1565,
            "slot": 1,
            "text": "xd"
        },
        {
            "time": 4035.3694,
            "slot": 1,
            "text": "gg"
        },
        {
            "time": 4036.0335,
            "slot": 2,
            "text": "gg"
        },
        {
            "time": 4036.2328,
            "slot": 4,
            "text": "gg"
        },
        {
            "time": 4036.6311,
            "slot": 6,
            "text": "gg"
        },
        {
            "time": 4038.1585,
            "slot": 3,
            "text": "gg"
        },
        {
            "time": 4040.0178,
            "slot": 0,
            "text": "gg"
        }
    ],
    "184": [
        {
            "time": -217.68497,
            "slot": 5,
            "text": "how are these ranks equal?"
        },
        {
            "time": -197.14725,
            "slot": 1,
            "text": "im herald in my heart"
        },
        {
            "time": 514.77434,
            "slot": 5,
            "text": "END"
        },
        {
            "time": 705.3278,
            "slot": 5,
            "text": "???"
        },
        {
            "time": 706.7941,
            "slot": 5,
            "text": "???"
        },
        {
            "time": 1090.6337,
            "slot": 4,
            "text": "that stick lion"
        },
        {
            "time": 1094.0329,
            "slot": 4,
            "text": "felt bad right?"
        },
        {
            "time": 3072.4145,
            "slot": 2,
            "text": "gg"
        }
    ],
    "185": [
        {
            "time": 656.0398,
            "slot": 2,
            "text": "rage"
        },
        {
            "time": 985.826,
            "slot": 2,
            "text": "worth it"
        },
        {
            "time": 987.0923,
            "slot": 2,
            "text": "haha"
        },
        {
            "time": 1882.5098,
            "slot": 2,
            "text": "GG TIME MONGOL"
        },
        {
            "time": 2637.9162,
            "slot": 2,
            "text": "nice mid"
        },
        {
            "time": 2645.7095,
            "slot": 4,
            "text": "Razor nob"
        },
        {
            "time": 2647.4488,
            "slot": 8,
            "text": "xd"
        },
        {
            "time": 2652.0645,
            "slot": 2,
            "text": "carregado"
        }
    ], 
    "186": [
        {
            "time": 1973.01832,
            "slot": 4,
            "text": "gg "
        },
        {
            "time": 1976.79792,
            "slot": 2,
            "text": "gg wp"
        }
    ]
}