{
    "0": [
        {
            "time": 1238.4309,
            "slot": 6,
            "text": "carry"
        },
        {
            "time": 1248.4285,
            "slot": 0,
            "text": "yes dog"
        },
        {
            "time": 1253.7605,
            "slot": 6,
            "text": "lul"
        },
        {
            "time": 1281.9536,
            "slot": 4,
            "text": "HAHAH"
        },
        {
            "time": 1559.0526,
            "slot": 0,
            "text": "yeah "
        },
        {
            "time": 1563.1849,
            "slot": 0,
            "text": "fast and furious"
        },
        {
            "time": 1757.5132,
            "slot": 0,
            "text": "too fas"
        },
        {
            "time": 1996.3936,
            "slot": 8,
            "text": "idiot drow"
        },
        {
            "time": 2006.2939,
            "slot": 2,
            "text": "no idiot"
        },
        {
            "time": 2009.4379,
            "slot": 2,
            "text": "we too pro"
        },
        {
            "time": 2016.4619,
            "slot": 0,
            "text": "haha"
        },
        {
            "time": 2262.5669,
            "slot": 0,
            "text": "sad"
        },
        {
            "time": 2262.7676,
            "slot": 7,
            "text": "fkasjfoiashnfiplwqjdf80q23iwkm d123q"
        },
        {
            "time": 2263.3697,
            "slot": 2,
            "text": "lol"
        },
        {
            "time": 2263.9049,
            "slot": 4,
            "text": "COMMEND ME TY"
        },
        {
            "time": 2266.4469,
            "slot": 4,
            "text": "EZ"
        }
    ],
    "1": [
        {
            "time": 293.1951,
            "slot": 5,
            "text": "otstan'te"
        },
        {
            "time": 295.06131,
            "slot": 5,
            "text": "ebat'"
        },
        {
            "time": 349.58133,
            "slot": 2,
            "text": "ez)"
        },
        {
            "time": 404.63457,
            "slot": 2,
            "text": "xDDDD"
        },
        {
            "time": 853.65827,
            "slot": 5,
            "text": "piton"
        },
        {
            "time": 1941.12907,
            "slot": 5,
            "text": "stou"
        },
        {
            "time": 1963.73957,
            "slot": 5,
            "text": "govoril stou"
        }
    ],
    "2": [
        {
            "time": -253.145735,
            "slot": 4,
            "text": "axe is axe"
        },
        {
            "time": -60.85363,
            "slot": 2,
            "text": "FUCK"
        },
        {
            "time": 13.73,
            "slot": 1,
            "text": "reprot"
        },
        {
            "time": 14.6631,
            "slot": 7,
            "text": "ty"
        },
        {
            "time": 241.3744,
            "slot": 1,
            "text": "SAD"
        },
        {
            "time": 241.4411,
            "slot": 2,
            "text": "report"
        },
        {
            "time": 241.4411,
            "slot": 0,
            "text": "so ya mama likes dick ehh?"
        },
        {
            "time": 241.4411,
            "slot": 2,
            "text": ":/"
        },
        {
            "time": 241.4411,
            "slot": 0,
            "text": "figures"
        },
        {
            "time": 241.4411,
            "slot": 1,
            "text": "fucking reported axe"
        },
        {
            "time": 241.4411,
            "slot": 9,
            "text": "why axe is raping me top "
        },
        {
            "time": 242.5408,
            "slot": 8,
            "text": "sorry nex"
        },
        {
            "time": 247.47294,
            "slot": 8,
            "text": "i killed u "
        },
        {
            "time": 414.2322,
            "slot": 1,
            "text": "WORST HOOK IN HISTORY"
        },
        {
            "time": 424.6297,
            "slot": 0,
            "text": "ur not even a good hooker kid"
        },
        {
            "time": 620.7818,
            "slot": 8,
            "text": "almost "
        },
        {
            "time": 626.7803,
            "slot": 1,
            "text": "YOU THOUGHT"
        },
        {
            "time": 631.3792,
            "slot": 1,
            "text": "IM THE #1 ROAMER NA"
        },
        {
            "time": 874.7864,
            "slot": 1,
            "text": "STUPIDD PIUDGE"
        },
        {
            "time": 876.4527,
            "slot": 1,
            "text": "STUPID!"
        },
        {
            "time": 915.1765,
            "slot": 5,
            "text": "?"
        },
        {
            "time": 1072.4715,
            "slot": 2,
            "text": "report!!!!!!!!!!!!!!!!!@!!!!!!!~!!!!!!!!!!!!!!~!"
        },
        {
            "time": 1094.1995,
            "slot": 1,
            "text": "nice ult medusa"
        },
        {
            "time": 1095.7325,
            "slot": 1,
            "text": "commended"
        },
        {
            "time": 1102.5975,
            "slot": 1,
            "text": "DOWNYS  GET DUMKED"
        },
        {
            "time": 1712.3819,
            "slot": 0,
            "text": "passive shadow blade?"
        },
        {
            "time": 2279.1628,
            "slot": 2,
            "text": "what is the best soup?"
        },
        {
            "time": 2307.5929,
            "slot": 8,
            "text": "gg"
        },
        {
            "time": 2483.0907,
            "slot": 1,
            "text": "ez game"
        },
        {
            "time": 2484.83,
            "slot": 1,
            "text": "Ty ty "
        },
        {
            "time": 2525.1675,
            "slot": 0,
            "text": "gg"
        },
        {
            "time": 2525.1675,
            "slot": 3,
            "text": "gg"
        },
        {
            "time": 2525.5353,
            "slot": 2,
            "text": "gg"
        },
        {
            "time": 2527.2077,
            "slot": 1,
            "text": "SOOO EZQ!!"
        },
        {
            "time": 2527.9435,
            "slot": 2,
            "text": "I guess"
        },
        {
            "time": 2529.2815,
            "slot": 1,
            "text": "COMMEND ME!"
        },
        {
            "time": 2531.6227,
            "slot": 1,
            "text": "COMMAND ME!!"
        }
    ],
    "3": [
        {
            "time": -101.669062,
            "slot": 5,
            "text": "nice random ... lol"
        },
        {
            "time": 1199.79106,
            "slot": 0,
            "text": "?"
        },
        {
            "time": 1349.88776,
            "slot": 6,
            "text": "PUSH"
        },
        {
            "time": 1357.75246,
            "slot": 6,
            "text": "not defending"
        },
        {
            "time": 1582.23106,
            "slot": 6,
            "text": "dodger lc"
        },
        {
            "time": 1747.65726,
            "slot": 6,
            "text": "swap commend ty"
        },
        {
            "time": 1792.27976,
            "slot": 0,
            "text": "UPS"
        },
        {
            "time": 1794.21256,
            "slot": 6,
            "text": "swap commend ty"
        }
    ],
    "4": [
        {
            "time": -60.8518,
            "slot": 4,
            "text": "heartshaker"
        },
        {
            "time": 364.87762,
            "slot": 9,
            "text": "wtf"
        },
        {
            "time": 994.65712,
            "slot": 9,
            "text": "hsaha"
        },
        {
            "time": 999.92252,
            "slot": 9,
            "text": "dont roam mid more"
        },
        {
            "time": 1001.52212,
            "slot": 9,
            "text": "hasha"
        },
        {
            "time": 1011.11982,
            "slot": 4,
            "text": "man that silence on axe"
        },
        {
            "time": 1013.85242,
            "slot": 5,
            "text": "YEAH"
        },
        {
            "time": 1016.91832,
            "slot": 5,
            "text": "WELL PLAYED"
        },
        {
            "time": 1016.91832,
            "slot": 3,
            "text": "what"
        },
        {
            "time": 1064.14012,
            "slot": 7,
            "text": "Wa"
        },
        {
            "time": 1412.18852,
            "slot": 9,
            "text": "mkjill me"
        },
        {
            "time": 1759.47112,
            "slot": 3,
            "text": "jeje fAM"
        },
        {
            "time": 1764.08682,
            "slot": 5,
            "text": "GEGE GUYS"
        },
        {
            "time": 1767.16402,
            "slot": 3,
            "text": "free farming ls"
        },
        {
            "time": 1769.30452,
            "slot": 3,
            "text": "not coming into play"
        },
        {
            "time": 1771.44522,
            "slot": 5,
            "text": "HAHAHAHAHA"
        },
        {
            "time": 1772.64932,
            "slot": 5,
            "text": "SAD"
        },
        {
            "time": 1793.05212,
            "slot": 3,
            "text": "let end"
        },
        {
            "time": 1875.06482,
            "slot": 3,
            "text": "storm fat yet"
        },
        {
            "time": 1897.07312,
            "slot": 5,
            "text": "Y"
        },
        {
            "time": 1898.74552,
            "slot": 5,
            "text": "CLASH"
        },
        {
            "time": 1903.42812,
            "slot": 5,
            "text": "ZZZ"
        },
        {
            "time": 1905.97012,
            "slot": 3,
            "text": "zZZ"
        },
        {
            "time": 1913.72992,
            "slot": 5,
            "text": "u lost 4v4"
        },
        {
            "time": 1921.89102,
            "slot": 3,
            "text": "ok"
        },
        {
            "time": 1926.23912,
            "slot": 3,
            "text": "U useless anyways"
        },
        {
            "time": 1927.64392,
            "slot": 3,
            "text": "does it matter"
        },
        {
            "time": 1930.45352,
            "slot": 5,
            "text": "YEAH"
        },
        {
            "time": 1934.06582,
            "slot": 5,
            "text": "DO I CARE"
        },
        {
            "time": 1938.07952,
            "slot": 3,
            "text": "30mins in"
        },
        {
            "time": 1940.82222,
            "slot": 3,
            "text": "cant seem to hit a singel call"
        },
        {
            "time": 1941.22352,
            "slot": 3,
            "text": "ROFL"
        },
        {
            "time": 1946.24052,
            "slot": 5,
            "text": "ROFL"
        },
        {
            "time": 1986.97952,
            "slot": 3,
            "text": "still didnt hirt"
        },
        {
            "time": 1987.91592,
            "slot": 3,
            "text": "Aha"
        },
        {
            "time": 1996.81292,
            "slot": 5,
            "text": "CALL YOUR MOM"
        },
        {
            "time": 2027.91882,
            "slot": 5,
            "text": "YOU BETTER CALL YOUR MOM OD"
        },
        {
            "time": 2036.41452,
            "slot": 5,
            "text": "U NEED HER BREASTFEED"
        },
        {
            "time": 2037.28412,
            "slot": 3,
            "text": "better share hero contorl"
        },
        {
            "time": 2039.55852,
            "slot": 3,
            "text": "to someone else"
        },
        {
            "time": 2042.36812,
            "slot": 3,
            "text": "might start hitting ur Q"
        },
        {
            "time": 2042.97012,
            "slot": 3,
            "text": "ROFL"
        },
        {
            "time": 2043.83972,
            "slot": 3,
            "text": "fuckING"
        },
        {
            "time": 2046.44852,
            "slot": 7,
            "text": "stfu pls"
        },
        {
            "time": 2047.58582,
            "slot": 5,
            "text": "?"
        },
        {
            "time": 2047.98722,
            "slot": 3,
            "text": "Retard"
        },
        {
            "time": 2048.45552,
            "slot": 5,
            "text": "Q?"
        },
        {
            "time": 2050.66302,
            "slot": 5,
            "text": "WHATS Q"
        },
        {
            "time": 2052.87052,
            "slot": 7,
            "text": "my storm also cry"
        },
        {
            "time": 2057.28552,
            "slot": 3,
            "text": "yea"
        },
        {
            "time": 2058.89102,
            "slot": 3,
            "text": "he had an"
        },
        {
            "time": 2062.03502,
            "slot": 3,
            "text": "amazing blast laen"
        },
        {
            "time": 2063.43982,
            "slot": 3,
            "text": "at mid"
        },
        {
            "time": 2064.51012,
            "slot": 5,
            "text": "I DONT KNOW Q BRUH?"
        },
        {
            "time": 2076.01602,
            "slot": 5,
            "text": "I PLAY LEGACY"
        },
        {
            "time": 2077.48772,
            "slot": 3,
            "text": "20mins scythe on od"
        },
        {
            "time": 2078.82552,
            "slot": 3,
            "text": "Yet my "
        },
        {
            "time": 2080.09652,
            "slot": 3,
            "text": "LS "
        },
        {
            "time": 2081.50142,
            "slot": 3,
            "text": "wants to farm"
        },
        {
            "time": 2082.70552,
            "slot": 3,
            "text": "His orchid"
        },
        {
            "time": 2082.70552,
            "slot": 5,
            "text": "u play LOL"
        },
        {
            "time": 2098.62642,
            "slot": 5,
            "text": "GG"
        },
        {
            "time": 2099.49602,
            "slot": 5,
            "text": "END"
        },
        {
            "time": 2099.76352,
            "slot": 3,
            "text": "Die btich"
        },
        {
            "time": 2100.09802,
            "slot": 5,
            "text": "END"
        },
        {
            "time": 2100.70012,
            "slot": 5,
            "text": "EHND"
        },
        {
            "time": 2101.36902,
            "slot": 5,
            "text": "SADSADNSADSA"
        },
        {
            "time": 2101.77052,
            "slot": 5,
            "text": "DSAD"
        },
        {
            "time": 2136.75622,
            "slot": 5,
            "text": "GET BACK"
        },
        {
            "time": 2137.35832,
            "slot": 5,
            "text": "OD"
        },
        {
            "time": 2138.16102,
            "slot": 5,
            "text": "PLS"
        },
        {
            "time": 2164.24992,
            "slot": 7,
            "text": "cw no ulti>"
        },
        {
            "time": 2167.86222,
            "slot": 3,
            "text": "oh"
        },
        {
            "time": 2168.73182,
            "slot": 3,
            "text": "my god"
        },
        {
            "time": 2169.03282,
            "slot": 9,
            "text": "xD"
        },
        {
            "time": 2169.30052,
            "slot": 3,
            "text": "oh my god"
        },
        {
            "time": 2172.44452,
            "slot": 3,
            "text": "oh"
        },
        {
            "time": 2172.97962,
            "slot": 3,
            "text": "My"
        },
        {
            "time": 2174.18372,
            "slot": 3,
            "text": "Fucking god"
        },
        {
            "time": 2356.10352,
            "slot": 5,
            "text": "I GOT YOU"
        },
        {
            "time": 2365.93692,
            "slot": 5,
            "text": "NO CALL"
        },
        {
            "time": 2367.40852,
            "slot": 5,
            "text": "NO LOAD"
        },
        {
            "time": 2972.40272,
            "slot": 4,
            "text": "Gg"
        },
        {
            "time": 2978.02192,
            "slot": 5,
            "text": "WER R U OD"
        },
        {
            "time": 2981.90172,
            "slot": 9,
            "text": "ez"
        },
        {
            "time": 2985.11272,
            "slot": 9,
            "text": "Ez def"
        }
    ],
    "5": [
        {
            "time": 1740.75061,
            "slot": 6,
            "text": "GG"
        }
    ],
    "6": [
        {
            "time": 722.11752,
            "slot": 8,
            "text": "gg"
        },
        {
            "time": 722.58409,
            "slot": 2,
            "text": "?"
        },
        {
            "time": 732.24842,
            "slot": 2,
            "text": "????"
        },
        {
            "time": 1580.17462,
            "slot": 2,
            "text": "??????????????????????"
        },
        {
            "time": 2044.13162,
            "slot": 8,
            "text": "????????????????????????"
        },
        {
            "time": 2045.60342,
            "slot": 5,
            "text": "?"
        },
        {
            "time": 2050.88802,
            "slot": 2,
            "text": "!"
        },
        {
            "time": 2052.02522,
            "slot": 6,
            "text": "????????????????????????????"
        },
        {
            "time": 2053.56382,
            "slot": 1,
            "text": "HUY"
        },
        {
            "time": 2064.60142,
            "slot": 2,
            "text": "prosto est' igroki v moey komande"
        },
        {
            "time": 2078.04722,
            "slot": 2,
            "text": "kotorye ne uspevaut sledit' za peremesheniyami po karte"
        },
        {
            "time": 2087.14492,
            "slot": 2,
            "text": "po kakim-to prichinam"
        },
        {
            "time": 2725.35212,
            "slot": 8,
            "text": "????????????????????????????"
        },
        {
            "time": 2730.36922,
            "slot": 5,
            "text": "?"
        },
        {
            "time": 2734.04842,
            "slot": 2,
            "text": ")))"
        },
        {
            "time": 2755.98982,
            "slot": 2,
            "text": "klinkz 2 slota"
        },
        {
            "time": 2759.66902,
            "slot": 2,
            "text": "kakie voprosyt"
        },
        {
            "time": 2774.51962,
            "slot": 9,
            "text": "GG"
        },
        {
            "time": 2776.09162,
            "slot": 5,
            "text": "EZ"
        },
        {
            "time": 2779.10192,
            "slot": 8,
            "text": "ez"
        },
        {
            "time": 2780.43982,
            "slot": 2,
            "text": "aga, aga"
        }
    ],
    "7": [
        {
            "time": -60.55188,
            "slot": 1,
            "text": "drow "
        },
        {
            "time": -55.953,
            "slot": 1,
            "text": "remember me last game"
        },
        {
            "time": -54.02014,
            "slot": 1,
            "text": "haha"
        },
        {
            "time": 4.83215,
            "slot": 6,
            "text": "end"
        },
        {
            "time": 12.4303,
            "slot": 5,
            "text": "ez"
        },
        {
            "time": 15.96277,
            "slot": 2,
            "text": "then dont def? xD"
        },
        {
            "time": 20.02844,
            "slot": 9,
            "text": "hi axe "
        },
        {
            "time": 36.35779,
            "slot": 5,
            "text": "entertain me pls "
        },
        {
            "time": 366.71048,
            "slot": 1,
            "text": "waot"
        },
        {
            "time": 366.71048,
            "slot": 6,
            "text": "i am just feeding :?"
        },
        {
            "time": 1051.84312,
            "slot": 6,
            "text": "fl"
        },
        {
            "time": 1055.70892,
            "slot": 6,
            "text": "zeus"
        },
        {
            "time": 1271.48952,
            "slot": 6,
            "text": "i am so noob"
        },
        {
            "time": 1388.92752,
            "slot": 6,
            "text": "end"
        },
        {
            "time": 2063.06752,
            "slot": 3,
            "text": "Ec"
        },
        {
            "time": 2093.90592,
            "slot": 2,
            "text": "GG"
        },
        {
            "time": 2094.57482,
            "slot": 1,
            "text": "haha"
        },
        {
            "time": 2094.77552,
            "slot": 3,
            "text": "haha"
        },
        {
            "time": 2095.54482,
            "slot": 0,
            "text": "Hahyha"
        },
        {
            "time": 2095.81242,
            "slot": 8,
            "text": "ggwp"
        },
        {
            "time": 2099.49162,
            "slot": 3,
            "text": "nca game"
        },
        {
            "time": 2101.56532,
            "slot": 3,
            "text": "commend me"
        }
    ],
    "8": [
        {
            "time": 365.2775,
            "slot": 6,
            "text": "????"
        },
        {
            "time": 1135.02286,
            "slot": 1,
            "text": "?"
        },
        {
            "time": 1164.41566,
            "slot": 1,
            "text": "daun"
        },
        {
            "time": 1284.98626,
            "slot": 3,
            "text": "its gg"
        },
        {
            "time": 1285.71936,
            "slot": 3,
            "text": "guys"
        },
        {
            "time": 1286.71916,
            "slot": 3,
            "text": "wtf"
        },
        {
            "time": 1519.52896,
            "slot": 6,
            "text": "xd"
        },
        {
            "time": 1574.71546,
            "slot": 6,
            "text": "so good game"
        },
        {
            "time": 1579.98086,
            "slot": 6,
            "text": "3 griefers on my team"
        },
        {
            "time": 1580.64736,
            "slot": 6,
            "text": "xd"
        },
        {
            "time": 1608.37396,
            "slot": 2,
            "text": "am?"
        },
        {
            "time": 1632.50136,
            "slot": 4,
            "text": "gg"
        },
        {
            "time": 1635.63396,
            "slot": 6,
            "text": "xDDDD"
        },
        {
            "time": 1652.16326,
            "slot": 6,
            "text": "3 griefers vs ti finals tryhards"
        },
        {
            "time": 1653.02966,
            "slot": 6,
            "text": "yes"
        },
        {
            "time": 1655.82906,
            "slot": 6,
            "text": "good game was had"
        }
    ],
    "9": [
        {
            "time": 1707.64696,
            "slot": 2,
            "text": "GG"
        },
        {
            "time": 1769.42406,
            "slot": 9,
            "text": "WELL PLAYED SHIT CUNTS"
        }
    ],
    "10": [
        {
            "time": -44.58912,
            "slot": 6,
            "text": "happy no cour day "
        },
        {
            "time": -39.32374,
            "slot": 1,
            "text": "feed me"
        },
        {
            "time": -35.12476,
            "slot": 6,
            "text": "i will "
        },
        {
            "time": -32.32545,
            "slot": 1,
            "text": "go bot"
        },
        {
            "time": -27.99317,
            "slot": 6,
            "text": "sure"
        },
        {
            "time": -18.46217,
            "slot": 1,
            "text": "please dont be a trap"
        },
        {
            "time": -13.3301,
            "slot": 6,
            "text": "no trap "
        },
        {
            "time": -10.86402,
            "slot": 6,
            "text": "only me "
        },
        {
            "time": 288.52956,
            "slot": 6,
            "text": "lol"
        },
        {
            "time": 2138.2671,
            "slot": 1,
            "text": "EE SAMA IS HERE"
        },
        {
            "time": 2396.7141,
            "slot": 6,
            "text": "EE "
        },
        {
            "time": 2621.2122,
            "slot": 8,
            "text": "gg?"
        },
        {
            "time": 2630.0423,
            "slot": 0,
            "text": "already since the picking phase"
        },
        {
            "time": 2639.9426,
            "slot": 8,
            "text": "ez jugg"
        }
    ],
    "11": [
        {
            "time": 67.05028,
            "slot": 3,
            "text": "proper cunts"
        },
        {
            "time": 128.9685,
            "slot": 1,
            "text": "THIS GAME"
        },
        {
            "time": 129.96825,
            "slot": 1,
            "text": "IS DYING"
        },
        {
            "time": 133.43407,
            "slot": 1,
            "text": "FUCKING"
        },
        {
            "time": 134.23387,
            "slot": 1,
            "text": "LOST"
        },
        {
            "time": 134.83373,
            "slot": 1,
            "text": "OVER"
        },
        {
            "time": 135.96678,
            "slot": 1,
            "text": "8 LASTHITS"
        },
        {
            "time": 137.833,
            "slot": 1,
            "text": "CAUSE FO FUCKING HG"
        },
        {
            "time": 140.499,
            "slot": 1,
            "text": "8 ROW MISS"
        },
        {
            "time": 141.36546,
            "slot": 1,
            "text": "THEFUCK"
        },
        {
            "time": 1658.5283,
            "slot": 3,
            "text": "OP WR"
        }
    ],
    "12": [
        {
            "time": 1311.84633,
            "slot": 7,
            "text": "DIE "
        },
        {
            "time": 1798.48023,
            "slot": 5,
            "text": "XDDDDDDD"
        },
        {
            "time": 1799.75123,
            "slot": 5,
            "text": "HAAEZAEZHA"
        },
        {
            "time": 2041.10683,
            "slot": 0,
            "text": ".!."
        },
        {
            "time": 3174.80183,
            "slot": 5,
            "text": "????????????????"
        },
        {
            "time": 3175.47083,
            "slot": 5,
            "text": "team"
        },
        {
            "time": 3287.71983,
            "slot": 7,
            "text": "gg"
        },
        {
            "time": 3654.66983,
            "slot": 5,
            "text": "gg end"
        },
        {
            "time": 3668.04863,
            "slot": 7,
            "text": "why i have juger "
        },
        {
            "time": 3680.29033,
            "slot": 5,
            "text": "did my job but still getting flame hard game XD"
        },
        {
            "time": 3684.97283,
            "slot": 5,
            "text": "so lucky 2k archons"
        },
        {
            "time": 3716.14583,
            "slot": 6,
            "text": "u did your job are u fulcking kidding me ?"
        },
        {
            "time": 3727.98613,
            "slot": 5,
            "text": "u wouldhave hit the throne u jebaited 2k"
        },
        {
            "time": 3728.72193,
            "slot": 5,
            "text": "XD"
        },
        {
            "time": 3738.58883,
            "slot": 5,
            "text": "gg wp guys"
        },
        {
            "time": 3739.52543,
            "slot": 7,
            "text": "cant beleive we lsoe this "
        },
        {
            "time": 3743.87353,
            "slot": 5,
            "text": "so mad deutch"
        }
    ],
    "13": [
        {
            "time": 440.85905,
            "slot": 4,
            "text": "gg"
        },
        {
            "time": 583.95744,
            "slot": 4,
            "text": "vv"
        },
        {
            "time": 2044.1521,
            "slot": 4,
            "text": "gg "
        }
    ],
    "14": [
        {
            "time": -58.78564,
            "slot": 9,
            "text": "GLHF"
        },
        {
            "time": -55.18652,
            "slot": 1,
            "text": "hf"
        },
        {
            "time": -52.92042,
            "slot": 7,
            "text": "HF"
        },
        {
            "time": -27.59326,
            "slot": 7,
            "text": "and please, don't fight, just play and be happy."
        },
        {
            "time": -19.06202,
            "slot": 1,
            "text": "fuck off lol"
        },
        {
            "time": -15.72949,
            "slot": 4,
            "text": "feed"
        },
        {
            "time": -8.93115,
            "slot": 8,
            "text": "kill mi i mid :V"
        },
        {
            "time": 23.39428,
            "slot": 4,
            "text": "rubick "
        },
        {
            "time": 2158.17138,
            "slot": 9,
            "text": "eZ"
        },
        {
            "time": 2505.82218,
            "slot": 8,
            "text": "N.n"
        },
        {
            "time": 2509.56838,
            "slot": 3,
            "text": "gg wp "
        },
        {
            "time": 2511.97638,
            "slot": 8,
            "text": "Ggwp"
        },
        {
            "time": 2518.79968,
            "slot": 3,
            "text": "gg"
        },
        {
            "time": 2520.07068,
            "slot": 3,
            "text": "gg"
        }
    ],
    "15": [
        {
            "time": 1179.54536,
            "slot": 1,
            "text": "MAAN"
        },
        {
            "time": 1309.51356,
            "slot": 1,
            "text": "OK"
        },
        {
            "time": 1314.57896,
            "slot": 1,
            "text": "SVEN RICH"
        },
        {
            "time": 1498.96736,
            "slot": 1,
            "text": "OK"
        },
        {
            "time": 1612.07306,
            "slot": 1,
            "text": "STRAIGHT"
        },
        {
            "time": 2553.39166,
            "slot": 1,
            "text": "GG"
        },
        {
            "time": 2860.83886,
            "slot": 3,
            "text": "stupid medusa"
        },
        {
            "time": 2907.12996,
            "slot": 3,
            "text": "FUCKING MEDUSA"
        },
        {
            "time": 2907.79886,
            "slot": 3,
            "text": "NICE"
        },
        {
            "time": 2909.53816,
            "slot": 3,
            "text": "FORCESTAFF"
        },
        {
            "time": 2910.47466,
            "slot": 3,
            "text": "ASSHOLE"
        },
        {
            "time": 3228.39086,
            "slot": 3,
            "text": "this game"
        },
        {
            "time": 3230.93286,
            "slot": 3,
            "text": "will be a year ender"
        },
        {
            "time": 3234.94656,
            "slot": 1,
            "text": "HAHAHA"
        },
        {
            "time": 3526.27216,
            "slot": 3,
            "text": "this will be the last game played in 2017"
        },
        {
            "time": 3535.57056,
            "slot": 3,
            "text": "and i got 500 ping"
        },
        {
            "time": 3684.94616,
            "slot": 3,
            "text": "happy new year"
        },
        {
            "time": 3685.07986,
            "slot": 4,
            "text": "happy new year"
        },
        {
            "time": 3737.29116,
            "slot": 9,
            "text": "FCK U"
        },
        {
            "time": 3737.39136,
            "slot": 5,
            "text": "GGWP"
        },
        {
            "time": 3743.17776,
            "slot": 9,
            "text": "my teammates"
        },
        {
            "time": 3743.31156,
            "slot": 7,
            "text": "gg"
        },
        {
            "time": 3744.58256,
            "slot": 6,
            "text": "happy new year"
        }
    ],
    "16": [
        {
            "time": 54.67706,
            "slot": 8,
            "text": "? lol"
        },
        {
            "time": 400.99252,
            "slot": 8,
            "text": "?"
        },
        {
            "time": 441.14938,
            "slot": 5,
            "text": "wtf"
        },
        {
            "time": 665.32797,
            "slot": 9,
            "text": "gg"
        },
        {
            "time": 667.06088,
            "slot": 9,
            "text": "i go afk"
        },
        {
            "time": 682.85702,
            "slot": 0,
            "text": "You go nahooy"
        },
        {
            "time": 773.23495,
            "slot": 9,
            "text": "all report tinker"
        },
        {
            "time": 774.03476,
            "slot": 9,
            "text": "plz"
        },
        {
            "time": 776.76742,
            "slot": 9,
            "text": "he is troller"
        },
        {
            "time": 883.47472,
            "slot": 9,
            "text": "that team"
        },
        {
            "time": 1056.26582,
            "slot": 9,
            "text": "commend me"
        }
    ],
    "17": [
        {
            "time": 18.1289,
            "slot": 7,
            "text": "lol"
        },
        {
            "time": 56.18627,
            "slot": 5,
            "text": "gg"
        },
        {
            "time": 230.47707,
            "slot": 1,
            "text": ">"
        },
        {
            "time": 232.01004,
            "slot": 1,
            "text": "?"
        },
        {
            "time": 1460.70997,
            "slot": 5,
            "text": ":D"
        },
        {
            "time": 2353.52807,
            "slot": 5,
            "text": "gg"
        },
        {
            "time": 2360.61897,
            "slot": 7,
            "text": "gg EIZY"
        }
    ],
    "18": [
        {
            "time": 1469.90774,
            "slot": 2,
            "text": "ORKUDA"
        },
        {
            "time": 1471.84064,
            "slot": 2,
            "text": "UEBISHE"
        },
        {
            "time": 2001.56814,
            "slot": 2,
            "text": "REPORT"
        },
        {
            "time": 2003.70874,
            "slot": 2,
            "text": "DAZZKE"
        },
        {
            "time": 2124.05204,
            "slot": 8,
            "text": "gg wp "
        },
        {
            "time": 2168.33624,
            "slot": 2,
            "text": "WHY"
        },
        {
            "time": 2169.40654,
            "slot": 2,
            "text": "ME"
        },
        {
            "time": 2172.68434,
            "slot": 2,
            "text": "3 VS 5"
        },
        {
            "time": 2174.22294,
            "slot": 2,
            "text": "WHY ME"
        },
        {
            "time": 2182.58474,
            "slot": 2,
            "text": "WHY"
        },
        {
            "time": 2189.14044,
            "slot": 8,
            "text": "because u have blink "
        },
        {
            "time": 2195.36154,
            "slot": 2,
            "text": "L O L"
        },
        {
            "time": 2196.96704,
            "slot": 2,
            "text": "BITCH"
        },
        {
            "time": 2218.94194,
            "slot": 5,
            "text": "gg"
        }
    ],
    "19": [
        {
            "time": 1052.77623,
            "slot": 7,
            "text": "rude"
        },
        {
            "time": 1057.70843,
            "slot": 8,
            "text": "meanies"
        },
        {
            "time": 2353.50913,
            "slot": 1,
            "text": "cool"
        },
        {
            "time": 2398.32843,
            "slot": 0,
            "text": "this is kotl from last game, can you just let us finish?"
        },
        {
            "time": 2402.87713,
            "slot": 7,
            "text": "yeah"
        },
        {
            "time": 2406.28883,
            "slot": 8,
            "text": ":("
        },
        {
            "time": 2406.89093,
            "slot": 7,
            "text": "i'm afk"
        },
        {
            "time": 2414.24933,
            "slot": 5,
            "text": "fair is fair"
        },
        {
            "time": 2420.47053,
            "slot": 6,
            "text": "lmaoooo hi kotl"
        },
        {
            "time": 2421.67463,
            "slot": 2,
            "text": "never give up"
        },
        {
            "time": 2427.36063,
            "slot": 1,
            "text": "lol"
        },
        {
            "time": 2429.56813,
            "slot": 8,
            "text": "sup kotl baby"
        },
        {
            "time": 2431.90943,
            "slot": 9,
            "text": "report ss"
        },
        {
            "time": 2435.65553,
            "slot": 8,
            "text": "how you doin?"
        },
        {
            "time": 2435.72243,
            "slot": 9,
            "text": "quitter"
        },
        {
            "time": 2437.32793,
            "slot": 5,
            "text": "lol"
        },
        {
            "time": 2441.74293,
            "slot": 6,
            "text": "lmao"
        },
        {
            "time": 2463.18263,
            "slot": 7,
            "text": "gg"
        },
        {
            "time": 2464.85513,
            "slot": 6,
            "text": "gg"
        },
        {
            "time": 2464.98883,
            "slot": 3,
            "text": "gg"
        },
        {
            "time": 2466.32673,
            "slot": 5,
            "text": "gg"
        }
    ],
    "20": [
        {
            "time": 365.1442,
            "slot": 6,
            "text": "ty]"
        },
        {
            "time": 990.5581,
            "slot": 6,
            "text": "ty"
        },
        {
            "time": 992.5576,
            "slot": 6,
            "text": "dis"
        },
        {
            "time": 1002.2219,
            "slot": 2,
            "text": "))))"
        },
        {
            "time": 1644.0343,
            "slot": 5,
            "text": "end"
        },
        {
            "time": 1653.1989,
            "slot": 5,
            "text": "can't win with wr support and invoker offlane"
        },
        {
            "time": 2427.1686,
            "slot": 5,
            "text": "report this invoker"
        }
    ],
    "21": [
        {
            "time": -306.701557,
            "slot": 9,
            "text": "why am i here"
        },
        {
            "time": -303.701603,
            "slot": 9,
            "text": "fuckign ancients"
        },
        {
            "time": -299.30167,
            "slot": 9,
            "text": "qwjeiqheuqwhewqu"
        },
        {
            "time": 263.73563,
            "slot": 8,
            "text": "rofl"
        },
        {
            "time": 1202.57303,
            "slot": 2,
            "text": "end fast"
        },
        {
            "time": 1528.82673,
            "slot": 2,
            "text": "SLOW HAND TINKER"
        },
        {
            "time": 2142.99233,
            "slot": 4,
            "text": "bro"
        },
        {
            "time": 2144.09613,
            "slot": 4,
            "text": "U CAN"
        },
        {
            "time": 2144.09613,
            "slot": 4,
            "text": "SEE AXE?"
        },
        {
            "time": 2144.09613,
            "slot": 4,
            "text": "CALL?"
        },
        {
            "time": 2202.62883,
            "slot": 6,
            "text": "die idoot"
        },
        {
            "time": 2327.08613,
            "slot": 5,
            "text": "WTf?"
        },
        {
            "time": 2420.53773,
            "slot": 6,
            "text": "divine for the win"
        },
        {
            "time": 2422.00953,
            "slot": 6,
            "text": "so noob"
        },
        {
            "time": 2423.14653,
            "slot": 6,
            "text": "fucker"
        },
        {
            "time": 2562.32073,
            "slot": 2,
            "text": "GG CAL"
        },
        {
            "time": 2573.62593,
            "slot": 8,
            "text": "no bb"
        },
        {
            "time": 2574.76313,
            "slot": 6,
            "text": "Tk"
        },
        {
            "time": 2575.63273,
            "slot": 8,
            "text": "go end"
        },
        {
            "time": 2575.76653,
            "slot": 6,
            "text": "ahahaha"
        },
        {
            "time": 2576.97053,
            "slot": 8,
            "text": "xD"
        },
        {
            "time": 2577.17133,
            "slot": 6,
            "text": "so sad"
        },
        {
            "time": 2582.92423,
            "slot": 8,
            "text": "ez counter all"
        },
        {
            "time": 2586.00133,
            "slot": 6,
            "text": "triggerd"
        },
        {
            "time": 2862.24233,
            "slot": 2,
            "text": "AAAHA"
        },
        {
            "time": 3111.95953,
            "slot": 0,
            "text": "DANCE"
        },
        {
            "time": 3212.76973,
            "slot": 6,
            "text": "rep[ort jugg"
        },
        {
            "time": 3213.50553,
            "slot": 6,
            "text": "ty"
        },
        {
            "time": 3439.80973,
            "slot": 5,
            "text": "rofl"
        },
        {
            "time": 3441.21453,
            "slot": 5,
            "text": "end"
        },
        {
            "time": 3443.48893,
            "slot": 2,
            "text": "AHAHA"
        },
        {
            "time": 3445.09443,
            "slot": 0,
            "text": "gg"
        },
        {
            "time": 3445.42883,
            "slot": 2,
            "text": "LMAO"
        },
        {
            "time": 3448.03773,
            "slot": 8,
            "text": "gg"
        },
        {
            "time": 3452.85413,
            "slot": 2,
            "text": "it definitely is gg"
        },
        {
            "time": 3454.32583,
            "slot": 0,
            "text": "fking clock"
        },
        {
            "time": 3456.19883,
            "slot": 0,
            "text": "talking more"
        },
        {
            "time": 3463.22283,
            "slot": 6,
            "text": "ez"
        },
        {
            "time": 3466.63453,
            "slot": 0,
            "text": "ez dog"
        },
        {
            "time": 3471.11633,
            "slot": 6,
            "text": "just erport this jugg"
        },
        {
            "time": 3471.45083,
            "slot": 8,
            "text": "tang ina"
        },
        {
            "time": 3471.91913,
            "slot": 6,
            "text": "ty"
        },
        {
            "time": 3474.46113,
            "slot": 8,
            "text": "sobrang tanga"
        },
        {
            "time": 3481.15053,
            "slot": 3,
            "text": "counter more"
        },
        {
            "time": 3481.68573,
            "slot": 0,
            "text": "otak cibai"
        },
        {
            "time": 3486.70283,
            "slot": 0,
            "text": "lancau"
        },
        {
            "time": 3522.69203,
            "slot": 6,
            "text": "gg"
        },
        {
            "time": 3540.68663,
            "slot": 2,
            "text": "sf def?"
        },
        {
            "time": 3541.55633,
            "slot": 2,
            "text": "AHAHA"
        },
        {
            "time": 3558.84853,
            "slot": 0,
            "text": "pro clock"
        },
        {
            "time": 3559.45053,
            "slot": 0,
            "text": "haha"
        },
        {
            "time": 3561.72503,
            "slot": 4,
            "text": "gg"
        },
        {
            "time": 3567.24383,
            "slot": 2,
            "text": "GGWP"
        },
        {
            "time": 3569.71893,
            "slot": 8,
            "text": "aghs jugg"
        },
        {
            "time": 3569.85273,
            "slot": 3,
            "text": "counter more"
        }
    ],
    "22": [
        {
            "time": -26.09364,
            "slot": 1,
            "text": "HI"
        },
        {
            "time": 200.51776,
            "slot": 0,
            "text": "hi"
        },
        {
            "time": 467.25259,
            "slot": 1,
            "text": "LOL"
        },
        {
            "time": 469.91861,
            "slot": 4,
            "text": "lol"
        },
        {
            "time": 471.18496,
            "slot": 0,
            "text": "chapa tus alas"
        },
        {
            "time": 473.71766,
            "slot": 0,
            "text": "MARICON"
        },
        {
            "time": 791.90666,
            "slot": 1,
            "text": "EISI"
        },
        {
            "time": 1354.96916,
            "slot": 1,
            "text": "RUN"
        },
        {
            "time": 1361.83416,
            "slot": 4,
            "text": "q"
        },
        {
            "time": 1501.06676,
            "slot": 9,
            "text": "gg"
        },
        {
            "time": 1605.47466,
            "slot": 9,
            "text": "gg"
        },
        {
            "time": 1887.00826,
            "slot": 0,
            "text": "Ez"
        },
        {
            "time": 1887.61026,
            "slot": 8,
            "text": "gg wp"
        },
        {
            "time": 1888.41296,
            "slot": 0,
            "text": "basuras"
        },
        {
            "time": 1889.08196,
            "slot": 5,
            "text": "gg"
        }
    ],
    "187": [
        {
            "time": 1252.22756,
            "slot": 3,
            "text": "yOLO"
        },
        {
            "time": 1530.19306,
            "slot": 4,
            "text": "gg wp :D"
        },
        {
            "time": 1556.61986,
            "slot": 3,
            "text": "xD"
        }
    ],
    "188": [
        {
            "time": 482.5405,
            "slot": 7,
            "text": "End"
        },
        {
            "time": 611.17577,
            "slot": 5,
            "text": "go mid fast"
        },
        {
            "time": 615.24144,
            "slot": 5,
            "text": "all mid we wont def"
        },
        {
            "time": 619.77367,
            "slot": 0,
            "text": "sure"
        },
        {
            "time": 1593.6692,
            "slot": 2,
            "text": "try hard"
        },
        {
            "time": 1594.3357,
            "slot": 2,
            "text": "lol"
        }
    ],
    "189": [
        {
            "time": 0.0,
            "slot": 2,
            "text": "afker"
        },
        {
            "time": 0.86685,
            "slot": 4,
            "text": "REPOR"
        },
        {
            "time": 0.86685,
            "slot": 4,
            "text": "REPOR"
        },
        {
            "time": 0.86685,
            "slot": 4,
            "text": "REPOR"
        },
        {
            "time": 0.86685,
            "slot": 5,
            "text": "you forgot the T"
        },
        {
            "time": 0.86685,
            "slot": 9,
            "text": "what is repor?"
        },
        {
            "time": 0.86685,
            "slot": 2,
            "text": "30 sec no response i go"
        },
        {
            "time": 0.86685,
            "slot": 4,
            "text": "OK"
        },
        {
            "time": 0.86685,
            "slot": 4,
            "text": "I DON'T CARE MMR"
        },
        {
            "time": 0.86685,
            "slot": 5,
            "text": "wut"
        },
        {
            "time": 0.86685,
            "slot": 4,
            "text": "25?!?!?!?"
        },
        {
            "time": 0.86685,
            "slot": 4,
            "text": "U CARE?!?!?"
        },
        {
            "time": 0.86685,
            "slot": 4,
            "text": "I DON'T CARE IT"
        },
        {
            "time": 0.86685,
            "slot": 2,
            "text": "we'll just go and report this dude"
        },
        {
            "time": 14.13635,
            "slot": 4,
            "text": "mr skelton*"
        },
        {
            "time": 18.53729,
            "slot": 2,
            "text": "he returned"
        },
        {
            "time": 1110.05443,
            "slot": 4,
            "text": "THANK YOU FOR IMPROVING THE DOTA 2 COMMUNITY"
        },
        {
            "time": 1113.85353,
            "slot": 4,
            "text": "REPOR MEEPO"
        },
        {
            "time": 2200.37583,
            "slot": 1,
            "text": "!!!!"
        },
        {
            "time": 2208.20243,
            "slot": 4,
            "text": "!"
        },
        {
            "time": 2209.94163,
            "slot": 4,
            "text": "i think you mean"
        },
        {
            "time": 2210.61063,
            "slot": 4,
            "text": "?"
        },
        {
            "time": 2211.48023,
            "slot": 5,
            "text": "are you calling for aid?"
        },
        {
            "time": 2804.19923,
            "slot": 5,
            "text": "Gg"
        },
        {
            "time": 2807.71113,
            "slot": 6,
            "text": "g"
        },
        {
            "time": 2808.98213,
            "slot": 8,
            "text": "gGwP"
        },
        {
            "time": 2808.98213,
            "slot": 6,
            "text": "g"
        }
    ],
    "190": [
        {
            "time": 82.69214,
            "slot": 8,
            "text": "f7ck98ijn jap bastard"
        },
        {
            "time": 418.34356,
            "slot": 8,
            "text": "oh"
        },
        {
            "time": 420.8096,
            "slot": 8,
            "text": "that feel so good"
        },
        {
            "time": 480.12846,
            "slot": 9,
            "text": "?"
        },
        {
            "time": 705.34012,
            "slot": 6,
            "text": "wow rly? dood if you dont wanna play then dont qur a game sheesh"
        },
        {
            "time": 1034.05986,
            "slot": 8,
            "text": "i feed"
        },
        {
            "time": 1050.38916,
            "slot": 4,
            "text": "ni un duel xd"
        },
        {
            "time": 1161.56206,
            "slot": 4,
            "text": "0 duelos"
        },
        {
            "time": 1497.48006,
            "slot": 9,
            "text": "?"
        },
        {
            "time": 1611.91876,
            "slot": 7,
            "text": "LOL"
        },
        {
            "time": 1634.71316,
            "slot": 9,
            "text": "my team doesnt deserve to get out of lp"
        },
        {
            "time": 1637.04596,
            "slot": 9,
            "text": "so bye"
        },
        {
            "time": 1644.24416,
            "slot": 9,
            "text": "just goinna serll my items and dc"
        },
        {
            "time": 1653.84186,
            "slot": 9,
            "text": "ppl qwith lowm iq deserve lp forever"
        },
        {
            "time": 2035.47236,
            "slot": 7,
            "text": "pussy"
        },
        {
            "time": 2503.13216,
            "slot": 5,
            "text": "gg wp"
        },
        {
            "time": 2506.24266,
            "slot": 5,
            "text": "report clock and tinker"
        },
        {
            "time": 2509.31986,
            "slot": 2,
            "text": "xd"
        },
        {
            "time": 2511.19286,
            "slot": 5,
            "text": "or whatever"
        }
    ],
    "191": [
        {
            "time": 879.1853,
            "slot": 4,
            "text": "?"
        },
        {
            "time": 2075.7736,
            "slot": 9,
            "text": "commend ember"
        },
        {
            "time": 2082.0617,
            "slot": 0,
            "text": "sure"
        },
        {
            "time": 2133.169,
            "slot": 8,
            "text": "gg"
        }
    ],
    "192": [
        {
            "time": -276.93892,
            "slot": 1,
            "text": "hi necro :)"
        },
        {
            "time": -254.87259,
            "slot": 8,
            "text": "hello"
        },
        {
            "time": -176.99885,
            "slot": 8,
            "text": "jugg  ulit?"
        },
        {
            "time": -146.32564,
            "slot": 8,
            "text": "nakakahiya"
        },
        {
            "time": -140.79112,
            "slot": 8,
            "text": "haha"
        },
        {
            "time": -30.85913,
            "slot": 8,
            "text": "jugg ?"
        },
        {
            "time": -28.32642,
            "slot": 8,
            "text": "ulit?"
        },
        {
            "time": -26.26025,
            "slot": 1,
            "text": "yeah"
        },
        {
            "time": -23.46095,
            "slot": 8,
            "text": "haha"
        },
        {
            "time": -19.46191,
            "slot": 1,
            "text": "xD"
        },
        {
            "time": -13.39673,
            "slot": 8,
            "text": "sure win?"
        },
        {
            "time": 1406.35655,
            "slot": 8,
            "text": "ano?"
        },
        {
            "time": 1407.02305,
            "slot": 5,
            "text": "Ahaha"
        },
        {
            "time": 1408.08955,
            "slot": 1,
            "text": "end :)"
        },
        {
            "time": 1408.15615,
            "slot": 8,
            "text": "jugg?"
        },
        {
            "time": 1414.82115,
            "slot": 8,
            "text": "nagsaliota kapa?"
        },
        {
            "time": 1427.41815,
            "slot": 1,
            "text": "kill me"
        },
        {
            "time": 1430.21745,
            "slot": 8,
            "text": "Sad"
        },
        {
            "time": 1430.68405,
            "slot": 1,
            "text": "./."
        },
        {
            "time": 1439.68175,
            "slot": 6,
            "text": "come"
        },
        {
            "time": 1501.20005,
            "slot": 8,
            "text": "aw"
        },
        {
            "time": 1535.79165,
            "slot": 8,
            "text": "panalo mo jugg"
        },
        {
            "time": 1552.52095,
            "slot": 8,
            "text": "wow"
        },
        {
            "time": 1553.05405,
            "slot": 1,
            "text": "./."
        },
        {
            "time": 1555.32025,
            "slot": 8,
            "text": "haha"
        },
        {
            "time": 1558.78605,
            "slot": 0,
            "text": "./."
        },
        {
            "time": 1559.25255,
            "slot": 1,
            "text": "kill me dued"
        },
        {
            "time": 1561.51875,
            "slot": 1,
            "text": "wtf"
        },
        {
            "time": 1561.98525,
            "slot": 8,
            "text": "sad"
        },
        {
            "time": 1563.18495,
            "slot": 6,
            "text": "gg jugg"
        },
        {
            "time": 1574.71545,
            "slot": 1,
            "text": "u gg tho m8"
        },
        {
            "time": 1579.98085,
            "slot": 8,
            "text": "aw"
        },
        {
            "time": 1728.08865,
            "slot": 8,
            "text": "Sad"
        },
        {
            "time": 1737.18635,
            "slot": 1,
            "text": "lul"
        },
        {
            "time": 1739.79515,
            "slot": 1,
            "text": "hahahahaha"
        },
        {
            "time": 1747.42115,
            "slot": 1,
            "text": "nice try my team xD"
        },
        {
            "time": 1747.82255,
            "slot": 8,
            "text": "ano?"
        },
        {
            "time": 1750.43145,
            "slot": 7,
            "text": "KILL ME"
        },
        {
            "time": 1754.84645,
            "slot": 6,
            "text": "kaya pa ?"
        },
        {
            "time": 1761.87035,
            "slot": 1,
            "text": "i dont understand wht ur say m8"
        },
        {
            "time": 1771.57005,
            "slot": 6,
            "text": "happy newyear deff"
        },
        {
            "time": 1778.05885,
            "slot": 5,
            "text": "Ez"
        },
        {
            "time": 1785.61805,
            "slot": 1,
            "text": "dont act like ur philipine language like international language ./."
        },
        {
            "time": 1791.83905,
            "slot": 8,
            "text": "Sadf"
        },
        {
            "time": 1812.50955,
            "slot": 8,
            "text": "Sad"
        },
        {
            "time": 1813.91435,
            "slot": 8,
            "text": "jugg"
        },
        {
            "time": 1819.73405,
            "slot": 7,
            "text": "haha"
        }
    ],
    "193": [
        {
            "time": -0.89978,
            "slot": 2,
            "text": ")"
        },
        {
            "time": 1453.54504,
            "slot": 0,
            "text": "wTF"
        },
        {
            "time": 3261.71574,
            "slot": 6,
            "text": "ez"
        }
    ],
    "194": [
        {
            "time": 13.79664,
            "slot": 6,
            "text": "rly?"
        },
        {
            "time": 13.79664,
            "slot": 6,
            "text": "fuck u"
        },
        {
            "time": 13.79664,
            "slot": 7,
            "text": "gogo"
        },
        {
            "time": 13.79664,
            "slot": 0,
            "text": "tinker?"
        },
        {
            "time": 13.79664,
            "slot": 7,
            "text": "hdp"
        },
        {
            "time": 13.79664,
            "slot": 2,
            "text": "It fucked me more than you."
        },
        {
            "time": 38.3573,
            "slot": 5,
            "text": "gg"
        },
        {
            "time": 38.7239,
            "slot": 5,
            "text": "ya no entra "
        },
        {
            "time": 38.7239,
            "slot": 3,
            "text": "he says he will be right back"
        },
        {
            "time": 38.7239,
            "slot": 5,
            "text": "xD"
        },
        {
            "time": 38.7239,
            "slot": 3,
            "text": "there he is "
        },
        {
            "time": 518.8067,
            "slot": 6,
            "text": "Stop pls"
        },
        {
            "time": 522.87236,
            "slot": 6,
            "text": "ur gonna lose"
        },
        {
            "time": 529.0042,
            "slot": 6,
            "text": "if u continue 1ing"
        },
        {
            "time": 760.1144,
            "slot": 1,
            "text": "i like how my team saying how im losing when im under lvl once i reconnected"
        },
        {
            "time": 762.1139,
            "slot": 1,
            "text": "WHAT A JOE"
        },
        {
            "time": 763.1137,
            "slot": 1,
            "text": "JOKE"
        },
        {
            "time": 781.1759,
            "slot": 6,
            "text": "hmmm"
        },
        {
            "time": 786.8412,
            "slot": 6,
            "text": "u use 1st against lv"
        },
        {
            "time": 788.6408,
            "slot": 6,
            "text": "lc"
        },
        {
            "time": 788.7741,
            "slot": 1,
            "text": "stfu lc mid"
        },
        {
            "time": 789.6405,
            "slot": 6,
            "text": "lmao"
        },
        {
            "time": 790.8403,
            "slot": 0,
            "text": "dude the other team doesnt wanna hear you be a little bitch either"
        },
        {
            "time": 791.7067,
            "slot": 1,
            "text": "is ez to win"
        },
        {
            "time": 795.6391,
            "slot": 1,
            "text": "U GOT A 2nd move"
        },
        {
            "time": 798.3051,
            "slot": 1,
            "text": "TO COUNTER MY MISS"
        },
        {
            "time": 807.7695,
            "slot": 6,
            "text": "yep"
        },
        {
            "time": 809.5024,
            "slot": 6,
            "text": "i told u"
        },
        {
            "time": 811.4352,
            "slot": 6,
            "text": "stop it"
        },
        {
            "time": 816.5673,
            "slot": 1,
            "text": "but my team dont know tha"
        },
        {
            "time": 820.7663,
            "slot": 6,
            "text": "lmao"
        },
        {
            "time": 822.9657,
            "slot": 1,
            "text": "they nv seen lc mid"
        },
        {
            "time": 825.4318,
            "slot": 1,
            "text": "what a joke"
        },
        {
            "time": 2126.9747,
            "slot": 3,
            "text": "how the fuck did we win that "
        },
        {
            "time": 2169.252,
            "slot": 1,
            "text": "sorry lc come back is real"
        },
        {
            "time": 2172.9312,
            "slot": 6,
            "text": "?"
        },
        {
            "time": 2182.6977,
            "slot": 6,
            "text": "u still being trash"
        },
        {
            "time": 2183.7681,
            "slot": 1,
            "text": "my es from last game came through"
        },
        {
            "time": 2188.1831,
            "slot": 6,
            "text": "ur winning 4 void"
        },
        {
            "time": 2188.9859,
            "slot": 1,
            "text": "its cool"
        },
        {
            "time": 2189.9224,
            "slot": 6,
            "text": "not uu"
        },
        {
            "time": 2191.3941,
            "slot": 6,
            "text": "sry"
        },
        {
            "time": 2199.0201,
            "slot": 1,
            "text": "lol i carry him last game"
        },
        {
            "time": 2202.3647,
            "slot": 1,
            "text": "he carry me this game"
        },
        {
            "time": 2202.4317,
            "slot": 6,
            "text": "?"
        },
        {
            "time": 2204.7061,
            "slot": 1,
            "text": "sounds fair"
        },
        {
            "time": 2213.2687,
            "slot": 1,
            "text": "anyway tinker counter your teamate but u counter me"
        },
        {
            "time": 2215.6099,
            "slot": 6,
            "text": "i didnt play last game"
        },
        {
            "time": 2217.6167,
            "slot": 6,
            "text": ":)"
        },
        {
            "time": 2223.5035,
            "slot": 3,
            "text": "is lc talking to tinker?"
        },
        {
            "time": 2282.7051,
            "slot": 6,
            "text": "XD"
        },
        {
            "time": 2297.5557,
            "slot": 2,
            "text": "RAGE"
        },
        {
            "time": 2572.9605,
            "slot": 5,
            "text": "fue ty chaos"
        },
        {
            "time": 2594.3667,
            "slot": 6,
            "text": "just end"
        },
        {
            "time": 2685.4102,
            "slot": 7,
            "text": "TINKER"
        },
        {
            "time": 2686.3467,
            "slot": 1,
            "text": "GG"
        },
        {
            "time": 2696.5481,
            "slot": 5,
            "text": "por una estupides"
        },
        {
            "time": 2699.4247,
            "slot": 7,
            "text": "RATAS TODOS"
        },
        {
            "time": 2701.2977,
            "slot": 7,
            "text": "PUTGE"
        },
        {
            "time": 2701.4314,
            "slot": 4,
            "text": "commend my team"
        }
    ]
}