{
    "30": [
        {
            "time": 2232.9265,
            "slot": 8,
            "text": "Ez mid ,ez game"
        },
        {
            "time": 2242.6261,
            "slot": 8,
            "text": ":*"
        }
    ],
    "300": [
        {
            "time": 1542.75663,
            "slot": 3,
            "text": "wait a lit pl"
        },
        {
            "time": 1542.75663,
            "slot": 3,
            "text": "pls"
        },
        {
            "time": 1944.20073,
            "slot": 1,
            "text": "GG EZ"
        },
        {
            "time": 1964.60353,
            "slot": 8,
            "text": "=))"
        },
        {
            "time": 2070.93243,
            "slot": 9,
            "text": "GG EZ"
        },
        {
            "time": 2073.80883,
            "slot": 9,
            "text": "SOL'"
        }
    ],
    "32": [
        {
            "time": -20.16175,
            "slot": 3,
            "text": "EWND TI"
        },
        {
            "time": 140.06578,
            "slot": 6,
            "text": "WHAT THE ACTUAL FUCK"
        },
        {
            "time": 143.59826,
            "slot": 6,
            "text": "THIS IS FUCKING RETARad"
        },
        {
            "time": 151.26306,
            "slot": 0,
            "text": "cry"
        },
        {
            "time": 166.52603,
            "slot": 1,
            "text": "moar"
        },
        {
            "time": 243.97378,
            "slot": 0,
            "text": "lul"
        },
        {
            "time": 247.30628,
            "slot": 6,
            "text": "?"
        },
        {
            "time": 305.49208,
            "slot": 6,
            "text": "?"
        },
        {
            "time": 1322.11048,
            "slot": 1,
            "text": "gg"
        },
        {
            "time": 1324.10998,
            "slot": 1,
            "text": "20 min"
        },
        {
            "time": 1325.04318,
            "slot": 0,
            "text": "gg"
        }
    ],
    "33": [
        {
            "time": 1571.94953,
            "slot": 9,
            "text": "gg"
        },
        {
            "time": 1576.88163,
            "slot": 9,
            "text": "report void"
        },
        {
            "time": 1577.61473,
            "slot": 2,
            "text": "gg"
        },
        {
            "time": 1684.24373,
            "slot": 4,
            "text": "ggwp"
        }
    ],
    "34": [
        {
            "time": 1559.0193,
            "slot": 3,
            "text": "liga o hard"
        },
        {
            "time": 1618.3715,
            "slot": 6,
            "text": "gg"
        },
        {
            "time": 1620.9709,
            "slot": 2,
            "text": "gg"
        },
        {
            "time": 1622.6371,
            "slot": 1,
            "text": "ez"
        }
    ],
    "35": [
        {
            "time": 1414.6213,
            "slot": 9,
            "text": "okay "
        },
        {
            "time": 3793.2371,
            "slot": 2,
            "text": "gg"
        },
        {
            "time": 3797.3545,
            "slot": 2,
            "text": "wp"
        },
        {
            "time": 3920.9365,
            "slot": 4,
            "text": "ggwp"
        },
        {
            "time": 3921.1355,
            "slot": 7,
            "text": "wp"
        },
        {
            "time": 3925.618,
            "slot": 2,
            "text": "wp"
        }
    ],
    "36": [
        {
            "time": 1912.74516,
            "slot": 3,
            "text": "gtg"
        },
        {
            "time": 2213.90436,
            "slot": 7,
            "text": "gg "
        },
        {
            "time": 2219.18896,
            "slot": 0,
            "text": "gg"
        },
        {
            "time": 2235.17676,
            "slot": 7,
            "text": "0 CARRY .. "
        },
        {
            "time": 2248.08746,
            "slot": 3,
            "text": "GEGE"
        },
        {
            "time": 2253.63966,
            "slot": 6,
            "text": "gg ez mid"
        }
    ],
    "37": [
        {
            "time": 255.77091,
            "slot": 7,
            "text": "..."
        },
        {
            "time": 255.87088,
            "slot": 7,
            "text": "really?"
        },
        {
            "time": 1421.18635,
            "slot": 5,
            "text": "GG"
        },
        {
            "time": 1424.25225,
            "slot": 0,
            "text": "GG"
        },
        {
            "time": 1425.71855,
            "slot": 7,
            "text": "why me =.="
        },
        {
            "time": 1435.91605,
            "slot": 0,
            "text": "report sf pleae"
        },
        {
            "time": 1436.98245,
            "slot": 1,
            "text": "gg"
        },
        {
            "time": 1440.44825,
            "slot": 4,
            "text": "u have not rs luna"
        },
        {
            "time": 1441.51465,
            "slot": 4,
            "text": "XD"
        },
        {
            "time": 1444.24735,
            "slot": 7,
            "text": "lol"
        },
        {
            "time": 1452.37865,
            "slot": 0,
            "text": "report sf pleeaes"
        },
        {
            "time": 1467.57495,
            "slot": 1,
            "text": "ez"
        },
        {
            "time": 1480.30525,
            "slot": 7,
            "text": "lol pang"
        },
        {
            "time": 1502.03325,
            "slot": 7,
            "text": "lol bug"
        },
        {
            "time": 1503.89945,
            "slot": 7,
            "text": "see me"
        },
        {
            "time": 1516.86295,
            "slot": 7,
            "text": "see me"
        },
        {
            "time": 1520.86195,
            "slot": 7,
            "text": "that bug"
        },
        {
            "time": 1521.72845,
            "slot": 7,
            "text": "lol"
        },
        {
            "time": 1533.92545,
            "slot": 0,
            "text": "please report sf "
        },
        {
            "time": 1554.38715,
            "slot": 9,
            "text": "copmmend me"
        },
        {
            "time": 1555.05365,
            "slot": 7,
            "text": "see me"
        },
        {
            "time": 1555.72015,
            "slot": 5,
            "text": "gg"
        },
        {
            "time": 1556.38665,
            "slot": 7,
            "text": "haha"
        },
        {
            "time": 1565.71765,
            "slot": 5,
            "text": "haha"
        },
        {
            "time": 1569.65005,
            "slot": 7,
            "text": "ez AM"
        }
    ],
    "38": [
        {
            "time": 2160.11792,
            "slot": 1,
            "text": "?"
        },
        {
            "time": 2165.33572,
            "slot": 3,
            "text": "gg"
        }
    ],
    "39": [
        {
            "time": 518.00685,
            "slot": 2,
            "text": "lol"
        },
        {
            "time": 1501.7999,
            "slot": 8,
            "text": "aw"
        },
        {
            "time": 1508.5983,
            "slot": 8,
            "text": "ramp "
        },
        {
            "time": 1510.1979,
            "slot": 6,
            "text": "haha"
        },
        {
            "time": 1518.2626,
            "slot": 5,
            "text": "no more ramp"
        },
        {
            "time": 1578.3812,
            "slot": 5,
            "text": "boom"
        },
        {
            "time": 1878.5966,
            "slot": 5,
            "text": "boom"
        },
        {
            "time": 1887.4935,
            "slot": 1,
            "text": "stun"
        },
        {
            "time": 2233.4051,
            "slot": 2,
            "text": "DIE"
        },
        {
            "time": 2288.3256,
            "slot": 5,
            "text": "commend ty"
        },
        {
            "time": 2291.6034,
            "slot": 8,
            "text": "new year na magbagoi na kayo "
        },
        {
            "time": 2293.0081,
            "slot": 2,
            "text": "lol"
        },
        {
            "time": 2304.6478,
            "slot": 4,
            "text": "i will commend u sniper if u commend me too"
        },
        {
            "time": 2372.8134,
            "slot": 8,
            "text": "lol "
        },
        {
            "time": 2378.5663,
            "slot": 7,
            "text": "ty"
        },
        {
            "time": 2379.1684,
            "slot": 2,
            "text": "IDIOT"
        },
        {
            "time": 2388.1321,
            "slot": 8,
            "text": "has gem walked intio bomb "
        },
        {
            "time": 2421.7133,
            "slot": 7,
            "text": "why run"
        },
        {
            "time": 2433.1522,
            "slot": 4,
            "text": "gg"
        }
    ],
    "40": [
        {
            "time": -79.0807,
            "slot": 2,
            "text": "alright alright"
        },
        {
            "time": 7.49817,
            "slot": 5,
            "text": "wait"
        },
        {
            "time": 7.83142,
            "slot": 5,
            "text": "afk"
        },
        {
            "time": 7.83142,
            "slot": 9,
            "text": "gg"
        },
        {
            "time": 1023.2501,
            "slot": 2,
            "text": "xhase ?"
        },
        {
            "time": 1025.6496,
            "slot": 2,
            "text": "@@"
        },
        {
            "time": 1154.2182,
            "slot": 2,
            "text": "omng warding"
        },
        {
            "time": 1172.2138,
            "slot": 2,
            "text": "so whats ur new year resolutioin"
        },
        {
            "time": 1416.8207,
            "slot": 5,
            "text": "gg"
        },
        {
            "time": 1613.8059,
            "slot": 4,
            "text": "Can you guys deni mid tower"
        },
        {
            "time": 1643.9319,
            "slot": 5,
            "text": "gg"
        },
        {
            "time": 1645.5315,
            "slot": 5,
            "text": "end "
        },
        {
            "time": 1646.2647,
            "slot": 5,
            "text": "ty"
        },
        {
            "time": 1705.7592,
            "slot": 5,
            "text": "gg carry"
        },
        {
            "time": 1722.9511,
            "slot": 7,
            "text": "now he rolls"
        },
        {
            "time": 1738.7382,
            "slot": 9,
            "text": "wow gyro got aghas"
        },
        {
            "time": 1791.3842,
            "slot": 9,
            "text": "end"
        },
        {
            "time": 1954.2389,
            "slot": 9,
            "text": "wombo combo"
        },
        {
            "time": 2039.6298,
            "slot": 5,
            "text": "report gryo ?"
        },
        {
            "time": 2061.2366,
            "slot": 7,
            "text": "END "
        },
        {
            "time": 2063.3773,
            "slot": 7,
            "text": "NEXT GAME"
        },
        {
            "time": 2065.518,
            "slot": 1,
            "text": "Ez dodge"
        },
        {
            "time": 2065.9862,
            "slot": 7,
            "text": "FUCK THIS PANGO"
        },
        {
            "time": 2067.391,
            "slot": 0,
            "text": "end"
        },
        {
            "time": 2094.6171,
            "slot": 1,
            "text": "ez pango"
        },
        {
            "time": 2094.7509,
            "slot": 7,
            "text": "SAVE ROLL FOR NEXT GAME"
        },
        {
            "time": 2101.5741,
            "slot": 7,
            "text": "SEE"
        },
        {
            "time": 2103.9823,
            "slot": 7,
            "text": "LOOK AT HIM"
        },
        {
            "time": 2105.454,
            "slot": 7,
            "text": "PASSIVE"
        },
        {
            "time": 2126.5258,
            "slot": 0,
            "text": "woow"
        },
        {
            "time": 2127.9306,
            "slot": 7,
            "text": "NOW HE ROLL"
        },
        {
            "time": 2129.0678,
            "slot": 0,
            "text": "comback is real"
        },
        {
            "time": 2129.8706,
            "slot": 7,
            "text": "AGAIN"
        },
        {
            "time": 2152.8153,
            "slot": 7,
            "text": "IF I KNOW HIM IN REAL LIFE"
        },
        {
            "time": 2158.4679,
            "slot": 7,
            "text": "I WOULD HAVE KILL HIM"
        },
        {
            "time": 2190.477,
            "slot": 3,
            "text": "gg"
        },
        {
            "time": 2190.8783,
            "slot": 5,
            "text": "gg"
        },
        {
            "time": 2190.9452,
            "slot": 0,
            "text": "gg noob"
        },
        {
            "time": 2192.2162,
            "slot": 9,
            "text": "ez top"
        },
        {
            "time": 2192.8852,
            "slot": 1,
            "text": "ez "
        },
        {
            "time": 2194.1562,
            "slot": 5,
            "text": "report gryo"
        },
        {
            "time": 2194.6244,
            "slot": 1,
            "text": "ez"
        },
        {
            "time": 2195.5609,
            "slot": 1,
            "text": "ez"
        },
        {
            "time": 2196.163,
            "slot": 2,
            "text": "like i sid we win "
        },
        {
            "time": 2197.5678,
            "slot": 7,
            "text": "FUCKING NOOB PANGO"
        }
    ],
    "41": [
        {
            "time": -91.29272,
            "slot": 2,
            "text": "report wk"
        },
        {
            "time": 5.23206,
            "slot": 2,
            "text": "WJAJHHAHAHHA"
        },
        {
            "time": 7.76476,
            "slot": 2,
            "text": "WTF"
        }
    ],
    "42": [
        {
            "time": 922.90795,
            "slot": 5,
            "text": "k by"
        },
        {
            "time": 1816.25455,
            "slot": 8,
            "text": "petmalu"
        },
        {
            "time": 1824.61655,
            "slot": 6,
            "text": "GG"
        },
        {
            "time": 1851.84255,
            "slot": 1,
            "text": "gg"
        },
        {
            "time": 1970.04515,
            "slot": 1,
            "text": "lol"
        },
        {
            "time": 1976.86855,
            "slot": 5,
            "text": "lel"
        },
        {
            "time": 1979.41055,
            "slot": 0,
            "text": "lol"
        },
        {
            "time": 1982.82205,
            "slot": 0,
            "text": "gg"
        },
        {
            "time": 2006.80375,
            "slot": 3,
            "text": "gg"
        },
        {
            "time": 2013.29255,
            "slot": 1,
            "text": "commend me"
        },
        {
            "time": 2017.03855,
            "slot": 6,
            "text": "Fuck you for playing huskar"
        }
    ],
    "43": [
        {
            "time": 832.76332,
            "slot": 3,
            "text": "g"
        },
        {
            "time": 1463.50932,
            "slot": 3,
            "text": "NOOB team"
        },
        {
            "time": 1468.37482,
            "slot": 3,
            "text": "archon"
        },
        {
            "time": 1469.77442,
            "slot": 3,
            "text": "wtf"
        },
        {
            "time": 1577.01492,
            "slot": 9,
            "text": "lol"
        },
        {
            "time": 1604.40822,
            "slot": 5,
            "text": "dude he rage quit"
        },
        {
            "time": 1604.40822,
            "slot": 5,
            "text": "not coming back"
        },
        {
            "time": 1604.40822,
            "slot": 9,
            "text": "haha"
        },
        {
            "time": 1619.73782,
            "slot": 9,
            "text": "ez"
        },
        {
            "time": 1628.53572,
            "slot": 9,
            "text": "haha"
        },
        {
            "time": 2079.21382,
            "slot": 7,
            "text": "fuckin axe"
        },
        {
            "time": 2370.27192,
            "slot": 3,
            "text": "end"
        },
        {
            "time": 2376.96132,
            "slot": 5,
            "text": "leave la idiot"
        },
        {
            "time": 2396.09322,
            "slot": 7,
            "text": "fuck"
        },
        {
            "time": 2471.61702,
            "slot": 9,
            "text": "void ?"
        },
        {
            "time": 2475.09562,
            "slot": 9,
            "text": "u"
        },
        {
            "time": 2483.59122,
            "slot": 9,
            "text": "u can def haha"
        },
        {
            "time": 2544.33142,
            "slot": 9,
            "text": "haha"
        },
        {
            "time": 2556.23872,
            "slot": 9,
            "text": "haha"
        },
        {
            "time": 2559.11512,
            "slot": 8,
            "text": "lol"
        },
        {
            "time": 2569.61762,
            "slot": 3,
            "text": "SAD"
        },
        {
            "time": 2583.79922,
            "slot": 7,
            "text": "JUGNERNAUTTTTTTT"
        },
        {
            "time": 2594.97062,
            "slot": 9,
            "text": "haha"
        },
        {
            "time": 2622.19672,
            "slot": 9,
            "text": "ggwp"
        }
    ],
    "44": [
        {
            "time": 116.50493,
            "slot": 4,
            "text": "wow"
        },
        {
            "time": 137.36648,
            "slot": 4,
            "text": "apparently"
        },
        {
            "time": 142.16533,
            "slot": 4,
            "text": "aggro doesn't switch"
        },
        {
            "time": 999.95583,
            "slot": 4,
            "text": "the white snow"
        },
        {
            "time": 1002.88843,
            "slot": 4,
            "text": "didn't see shit"
        },
        {
            "time": 1406.32323,
            "slot": 5,
            "text": "and then"
        },
        {
            "time": 1412.65503,
            "slot": 1,
            "text": "my team"
        },
        {
            "time": 1416.32083,
            "slot": 5,
            "text": "right"
        },
        {
            "time": 1421.78613,
            "slot": 4,
            "text": "XD"
        },
        {
            "time": 1422.38603,
            "slot": 5,
            "text": "crucial"
        },
        {
            "time": 1426.05183,
            "slot": 1,
            "text": "XD"
        },
        {
            "time": 1969.01843,
            "slot": 4,
            "text": "wow"
        },
        {
            "time": 1971.42663,
            "slot": 4,
            "text": "right after"
        },
        {
            "time": 1974.03553,
            "slot": 4,
            "text": "great"
        },
        {
            "time": 1978.45063,
            "slot": 5,
            "text": "QQ"
        },
        {
            "time": 1989.28753,
            "slot": 4,
            "text": "exactly"
        },
        {
            "time": 2839.95183,
            "slot": 7,
            "text": "fucking axe retard cunt"
        },
        {
            "time": 3405.61193,
            "slot": 6,
            "text": "ggwp"
        },
        {
            "time": 3408.95673,
            "slot": 3,
            "text": "gg"
        },
        {
            "time": 3414.27483,
            "slot": 9,
            "text": "gg wp"
        },
        {
            "time": 3415.71303,
            "slot": 1,
            "text": "gg"
        }
    ],
    "45": [
        {
            "time": 2928.56668,
            "slot": 6,
            "text": "GG"
        },
        {
            "time": 2992.04958,
            "slot": 4,
            "text": "GGWP"
        },
        {
            "time": 2999.14038,
            "slot": 6,
            "text": "GG CARRYS"
        }
    ],
    "46": [
        {
            "time": -68.05005,
            "slot": 0,
            "text": "glhf"
        },
        {
            "time": -60.51855,
            "slot": 5,
            "text": "shutup nerd"
        },
        {
            "time": -56.25293,
            "slot": 4,
            "text": "happy new year"
        },
        {
            "time": 181.48904,
            "slot": 9,
            "text": "wtf"
        },
        {
            "time": 865.4554,
            "slot": 9,
            "text": "ok"
        },
        {
            "time": 1855.4047,
            "slot": 7,
            "text": "lag the fuck up"
        },
        {
            "time": 1920.9613,
            "slot": 1,
            "text": "wp"
        },
        {
            "time": 1974.9118,
            "slot": 3,
            "text": "gg wp"
        },
        {
            "time": 1976.9186,
            "slot": 0,
            "text": "ggwp"
        }
    ],
    "47": [
        {
            "time": 1772.10757,
            "slot": 0,
            "text": "Ez team"
        },
        {
            "time": 1956.80337,
            "slot": 6,
            "text": "pro huskar"
        },
        {
            "time": 1958.07437,
            "slot": 6,
            "text": "commend"
        }
    ],
    "48": [
        {
            "time": 1268.33256,
            "slot": 2,
            "text": "Sekip"
        },
        {
            "time": 1276.02536,
            "slot": 5,
            "text": "skrra"
        },
        {
            "time": 1280.77486,
            "slot": 6,
            "text": "papa"
        },
        {
            "time": 1282.51416,
            "slot": 8,
            "text": "papakakaka"
        },
        {
            "time": 1284.18656,
            "slot": 2,
            "text": "mama"
        },
        {
            "time": 1493.39916,
            "slot": 5,
            "text": "dat lich 2 kd ratio"
        },
        {
            "time": 1498.55006,
            "slot": 2,
            "text": "u jus"
        },
        {
            "time": 1501.09206,
            "slot": 2,
            "text": "just"
        },
        {
            "time": 1501.22586,
            "slot": 6,
            "text": "?"
        },
        {
            "time": 1502.42996,
            "slot": 2,
            "text": "passed"
        },
        {
            "time": 1505.03886,
            "slot": 6,
            "text": "so?"
        },
        {
            "time": 1506.91186,
            "slot": 2,
            "text": "then i ded"
        },
        {
            "time": 1508.11596,
            "slot": 2,
            "text": "ok"
        },
        {
            "time": 1509.58756,
            "slot": 2,
            "text": "fair play"
        },
        {
            "time": 1518.08326,
            "slot": 2,
            "text": "why dont u let me run"
        },
        {
            "time": 1518.15016,
            "slot": 5,
            "text": "called storm spirit m9"
        },
        {
            "time": 1523.30106,
            "slot": 2,
            "text": "ok m9"
        },
        {
            "time": 1528.71956,
            "slot": 2,
            "text": "knife in csgo"
        },
        {
            "time": 1533.06756,
            "slot": 2,
            "text": "im csgo player"
        },
        {
            "time": 1537.98436,
            "slot": 2,
            "text": "lets 1v1 in csgo"
        },
        {
            "time": 1540.92776,
            "slot": 2,
            "text": "i bet my ak"
        },
        {
            "time": 1550.15916,
            "slot": 5,
            "text": "1v1 me on rust"
        },
        {
            "time": 1659.89956,
            "slot": 5,
            "text": "lel"
        },
        {
            "time": 1660.03356,
            "slot": 2,
            "text": "TALASO"
        },
        {
            "time": 1668.72976,
            "slot": 5,
            "text": "u got fukked"
        },
        {
            "time": 1674.68336,
            "slot": 2,
            "text": "u just like bara"
        },
        {
            "time": 1678.16186,
            "slot": 2,
            "text": "come "
        },
        {
            "time": 1680.23556,
            "slot": 2,
            "text": "and we ded"
        },
        {
            "time": 1706.09036,
            "slot": 2,
            "text": "GGWP"
        },
        {
            "time": 1707.76266,
            "slot": 2,
            "text": "GLHF"
        },
        {
            "time": 1714.31836,
            "slot": 5,
            "text": "Support my ass senpai"
        },
        {
            "time": 1718.33206,
            "slot": 5,
            "text": "Ima out to fuck"
        },
        {
            "time": 1789.30716,
            "slot": 5,
            "text": "kek ur so gey"
        },
        {
            "time": 1798.60556,
            "slot": 5,
            "text": "2 carries to take down a fukkin support"
        },
        {
            "time": 1800.07716,
            "slot": 5,
            "text": "Nice"
        },
        {
            "time": 1810.11136,
            "slot": 1,
            "text": "?"
        },
        {
            "time": 1812.85396,
            "slot": 1,
            "text": "chill"
        },
        {
            "time": 1820.74756,
            "slot": 5,
            "text": "I am a frost skelly"
        },
        {
            "time": 1828.84176,
            "slot": 5,
            "text": "who u tellin to chill nibba"
        },
        {
            "time": 1834.46096,
            "slot": 5,
            "text": "miss me with that gay shit"
        },
        {
            "time": 1862.28906,
            "slot": 6,
            "text": "."
        },
        {
            "time": 1870.85156,
            "slot": 2,
            "text": "so rude"
        },
        {
            "time": 1876.53756,
            "slot": 5,
            "text": "I love being rude"
        },
        {
            "time": 2016.11306,
            "slot": 5,
            "text": "kewl"
        },
        {
            "time": 2023.60526,
            "slot": 5,
            "text": "but was all"
        },
        {
            "time": 2025.67896,
            "slot": 5,
            "text": "a trick"
        },
        {
            "time": 2040.66336,
            "slot": 5,
            "text": "KEKIUS MAXIMUS"
        },
        {
            "time": 2059.32686,
            "slot": 5,
            "text": "HIPPITY HOPPITY GET OFF MAH PROPERTY"
        },
        {
            "time": 2086.21856,
            "slot": 7,
            "text": "WHO IS BEING A MEME"
        },
        {
            "time": 2096.92156,
            "slot": 5,
            "text": "You got hulk and we got storm spirit"
        },
        {
            "time": 2102.20626,
            "slot": 5,
            "text": "wyd"
        },
        {
            "time": 2109.23026,
            "slot": 4,
            "text": "stfu"
        },
        {
            "time": 2112.84256,
            "slot": 4,
            "text": "ur a fucking cunt"
        },
        {
            "time": 2114.91626,
            "slot": 4,
            "text": "stfu"
        },
        {
            "time": 2115.91956,
            "slot": 5,
            "text": "Oi"
        },
        {
            "time": 2120.20096,
            "slot": 5,
            "text": "called out"
        },
        {
            "time": 2126.22156,
            "slot": 5,
            "text": "Oh"
        },
        {
            "time": 2128.83036,
            "slot": 5,
            "text": "How tragic"
        },
        {
            "time": 2130.97096,
            "slot": 5,
            "text": "2-10"
        },
        {
            "time": 2140.06856,
            "slot": 2,
            "text": "me pro"
        },
        {
            "time": 2140.67056,
            "slot": 4,
            "text": "lucky u"
        },
        {
            "time": 2141.80786,
            "slot": 5,
            "text": "ding dong ur opinion is wrong"
        },
        {
            "time": 2143.14576,
            "slot": 4,
            "text": "stom pro"
        },
        {
            "time": 2147.15946,
            "slot": 4,
            "text": "u fucking noob"
        },
        {
            "time": 2153.44756,
            "slot": 5,
            "text": "kewl you still are 2-10"
        },
        {
            "time": 2162.07686,
            "slot": 5,
            "text": "and I am a support"
        },
        {
            "time": 2173.18136,
            "slot": 1,
            "text": "?"
        },
        {
            "time": 2174.18486,
            "slot": 4,
            "text": "so am i lol"
        },
        {
            "time": 2179.26876,
            "slot": 5,
            "text": "No you not?"
        },
        {
            "time": 2180.00456,
            "slot": 4,
            "text": "by 1?"
        },
        {
            "time": 2184.95486,
            "slot": 5,
            "text": "You a farmer my boi"
        },
        {
            "time": 2185.62376,
            "slot": 1,
            "text": "?"
        },
        {
            "time": 2189.16916,
            "slot": 1,
            "text": "?"
        },
        {
            "time": 2192.38016,
            "slot": 4,
            "text": "yah ur pussy eater my boi"
        },
        {
            "time": 2197.93236,
            "slot": 5,
            "text": "<3"
        },
        {
            "time": 2199.60476,
            "slot": 5,
            "text": "I am"
        },
        {
            "time": 2203.88596,
            "slot": 1,
            "text": "?"
        },
        {
            "time": 2205.35756,
            "slot": 1,
            "text": "?"
        },
        {
            "time": 2206.16036,
            "slot": 1,
            "text": "?"
        },
        {
            "time": 2206.56176,
            "slot": 1,
            "text": "?"
        },
        {
            "time": 2206.82936,
            "slot": 1,
            "text": "?"
        },
        {
            "time": 2206.89626,
            "slot": 5,
            "text": "Skeleton pussy"
        },
        {
            "time": 2207.16386,
            "slot": 1,
            "text": "?"
        },
        {
            "time": 2207.49826,
            "slot": 1,
            "text": "?"
        },
        {
            "time": 2208.63556,
            "slot": 1,
            "text": "?"
        },
        {
            "time": 2208.96996,
            "slot": 1,
            "text": "?"
        },
        {
            "time": 2209.23756,
            "slot": 1,
            "text": "?"
        },
        {
            "time": 2209.57206,
            "slot": 1,
            "text": "?"
        },
        {
            "time": 2210.90996,
            "slot": 1,
            "text": "?"
        },
        {
            "time": 2228.50316,
            "slot": 5,
            "text": "OI"
        },
        {
            "time": 2285.69796,
            "slot": 5,
            "text": "Ting go skrra"
        },
        {
            "time": 2295.39766,
            "slot": 8,
            "text": "papakakaka"
        },
        {
            "time": 2306.23456,
            "slot": 1,
            "text": "skidiki papa"
        },
        {
            "time": 2308.84356,
            "slot": 6,
            "text": "siviki papa"
        },
        {
            "time": 2324.96506,
            "slot": 1,
            "text": "and pum pum pudrrr pum"
        },
        {
            "time": 2348.74606,
            "slot": 7,
            "text": "GGWP"
        },
        {
            "time": 2349.68256,
            "slot": 7,
            "text": "EZ"
        },
        {
            "time": 2352.35836,
            "slot": 5,
            "text": "Ayy u got fukked"
        }
    ],
    "49": [
        {
            "time": 565.80817,
            "slot": 0,
            "text": "XD"
        },
        {
            "time": 654.85307,
            "slot": 0,
            "text": "XD"
        },
        {
            "time": 698.57573,
            "slot": 5,
            "text": "ff"
        }
    ],
    "50": [
        {
            "time": -79.24731,
            "slot": 7,
            "text": "que onda perrita"
        },
        {
            "time": 511.27517,
            "slot": 3,
            "text": "lmao"
        },
        {
            "time": 516.87381,
            "slot": 3,
            "text": "hahah"
        },
        {
            "time": 925.70727,
            "slot": 7,
            "text": "todos mueren algun dia"
        },
        {
            "time": 2571.55687,
            "slot": 7,
            "text": "sin rajarme"
        }
    ],
    "51": [
        {
            "time": 435.32704,
            "slot": 0,
            "text": "N*CIE"
        },
        {
            "time": 436.52674,
            "slot": 0,
            "text": "PAUSE"
        },
        {
            "time": 740.25264,
            "slot": 7,
            "text": "MY TEAM"
        },
        {
            "time": 1062.00734,
            "slot": 0,
            "text": "Suka"
        },
        {
            "time": 1062.00734,
            "slot": 0,
            "text": "pidaras"
        },
        {
            "time": 1988.36334,
            "slot": 0,
            "text": "Ha"
        },
        {
            "time": 1989.70124,
            "slot": 0,
            "text": "ha"
        },
        {
            "time": 2629.27984,
            "slot": 0,
            "text": "SOSAT"
        }
    ],
    "52": [
        {
            "time": -7.19823,
            "slot": 9,
            "text": "xd"
        },
        {
            "time": 155.29543,
            "slot": 7,
            "text": "cant play"
        },
        {
            "time": 605.7521,
            "slot": 5,
            "text": "GGGGGGGGGGGGGGGG"
        },
        {
            "time": 615.6164,
            "slot": 5,
            "text": "fuck the game"
        },
        {
            "time": 697.7963,
            "slot": 6,
            "text": "fuck this shit nap team"
        },
        {
            "time": 698.6628,
            "slot": 6,
            "text": "rly"
        },
        {
            "time": 1634.7675,
            "slot": 5,
            "text": "okay boiz"
        },
        {
            "time": 1770.5292,
            "slot": 4,
            "text": "gg"
        }
    ],
    "53": [
        {
            "time": 470.2519,
            "slot": 4,
            "text": "??"
        },
        {
            "time": 1447.2466,
            "slot": 1,
            "text": "od "
        },
        {
            "time": 2215.4811,
            "slot": 5,
            "text": "aw you got a silver edge for me"
        },
        {
            "time": 2217.8224,
            "slot": 5,
            "text": "cute"
        },
        {
            "time": 2631.632,
            "slot": 1,
            "text": "gg team rata"
        },
        {
            "time": 2636.9167,
            "slot": 1,
            "text": "od apesta chancho"
        },
        {
            "time": 2810.0397,
            "slot": 1,
            "text": "gg team"
        }
    ],
    "54": [
        {
            "time": 1516.49633,
            "slot": 7,
            "text": "jebait"
        },
        {
            "time": 1578.14803,
            "slot": 6,
            "text": "l0l"
        },
        {
            "time": 2349.23513,
            "slot": 3,
            "text": "ur base boys"
        },
        {
            "time": 2367.96563,
            "slot": 1,
            "text": "lmao"
        },
        {
            "time": 2369.10283,
            "slot": 3,
            "text": "sooo"
        },
        {
            "time": 2370.57453,
            "slot": 3,
            "text": "ur base"
        },
        {
            "time": 2371.64483,
            "slot": 3,
            "text": "still"
        },
        {
            "time": 2375.39083,
            "slot": 1,
            "text": "space created "
        },
        {
            "time": 2379.67213,
            "slot": 1,
            "text": "creeps outplaying you"
        },
        {
            "time": 2498.24283,
            "slot": 7,
            "text": "monkaS"
        },
        {
            "time": 2500.85163,
            "slot": 3,
            "text": "ez game"
        },
        {
            "time": 2507.40723,
            "slot": 1,
            "text": "e z "
        },
        {
            "time": 2508.41063,
            "slot": 1,
            "text": "z"
        }
    ],
    "55": [
        {
            "time": 2185.13538,
            "slot": 8,
            "text": "EZ"
        }
    ],
    "56": [
        {
            "time": 60.68518,
            "slot": 7,
            "text": "fUNNY"
        },
        {
            "time": 265.16861,
            "slot": 7,
            "text": "no cour no wards jungle lc"
        },
        {
            "time": 267.76796,
            "slot": 7,
            "text": "so nice game"
        },
        {
            "time": 271.56706,
            "slot": 7,
            "text": "im afk guys"
        },
        {
            "time": 275.43276,
            "slot": 6,
            "text": "3700 sf xDD"
        },
        {
            "time": 276.76576,
            "slot": 7,
            "text": "kepp presure and win it fast"
        },
        {
            "time": 279.03189,
            "slot": 7,
            "text": "report lc"
        },
        {
            "time": 279.76506,
            "slot": 7,
            "text": "thx"
        },
        {
            "time": 290.09586,
            "slot": 8,
            "text": "the fan on low priority"
        },
        {
            "time": 293.76163,
            "slot": 8,
            "text": "no problems "
        }
    ],
    "57": [
        {
            "time": 192.26449,
            "slot": 6,
            "text": "Haha"
        },
        {
            "time": 1260.17043,
            "slot": 1,
            "text": "?"
        },
        {
            "time": 1265.13583,
            "slot": 6,
            "text": "iyot is real"
        },
        {
            "time": 1265.73573,
            "slot": 6,
            "text": "Haha"
        }
    ],
    "58": [
        {
            "time": -83.47961,
            "slot": 7,
            "text": "ggwp"
        },
        {
            "time": -82.87977,
            "slot": 1,
            "text": "Dota 2, where a 45 minute game takes 90 minutes"
        },
        {
            "time": -80.18042,
            "slot": 7,
            "text": "lmao"
        },
        {
            "time": -75.98144,
            "slot": 7,
            "text": "so true"
        },
        {
            "time": -59.7854,
            "slot": 7,
            "text": "that's why they have a turbo now"
        },
        {
            "time": -49.48791,
            "slot": 1,
            "text": "25 min of queue, 20 minutes of disconnects, and 45 minutes of game"
        },
        {
            "time": -49.48791,
            "slot": 7,
            "text": "ggwp"
        },
        {
            "time": -46.75525,
            "slot": 4,
            "text": "..."
        },
        {
            "time": -41.02331,
            "slot": 7,
            "text": "it's been 2min"
        },
        {
            "time": -38.4906,
            "slot": 7,
            "text": "relax"
        },
        {
            "time": -28.49304,
            "slot": 1,
            "text": "I'm relaxed"
        },
        {
            "time": -28.22644,
            "slot": 7,
            "text": "if he abondoned this game wont count"
        },
        {
            "time": -20.89489,
            "slot": 8,
            "text": "lets not forget 30 min of being called noob in russian, korean, and spanish"
        },
        {
            "time": -15.69617,
            "slot": 1,
            "text": "Making a joke mate"
        },
        {
            "time": -6.69837,
            "slot": 7,
            "text": "rata"
        },
        {
            "time": -1.49963,
            "slot": 7,
            "text": "s"
        },
        {
            "time": 565.42863,
            "slot": 7,
            "text": "ggwp"
        },
        {
            "time": 989.52503,
            "slot": 7,
            "text": "why"
        },
        {
            "time": 1075.97063,
            "slot": 7,
            "text": "fuck this game"
        },
        {
            "time": 1075.97063,
            "slot": 4,
            "text": "oh now you want to pause? ;)"
        },
        {
            "time": 1075.97063,
            "slot": 7,
            "text": "lets continue"
        },
        {
            "time": 1075.97063,
            "slot": 1,
            "text": "You mad mate?"
        },
        {
            "time": 1075.97063,
            "slot": 0,
            "text": "she didn't wait for enigma"
        },
        {
            "time": 1109.26253,
            "slot": 7,
            "text": "GG"
        },
        {
            "time": 1163.31593,
            "slot": 7,
            "text": "GG THIS TEAM"
        },
        {
            "time": 1358.73493,
            "slot": 7,
            "text": "gg"
        },
        {
            "time": 1458.04393,
            "slot": 7,
            "text": "GG"
        },
        {
            "time": 1574.18233,
            "slot": 7,
            "text": "GGWP"
        },
        {
            "time": 1594.84393,
            "slot": 7,
            "text": "EZ TEAM"
        },
        {
            "time": 1761.51113,
            "slot": 7,
            "text": "?"
        },
        {
            "time": 1770.20743,
            "slot": 7,
            "text": "GUESS im a better naga"
        },
        {
            "time": 1801.04593,
            "slot": 7,
            "text": "wp"
        },
        {
            "time": 2010.82703,
            "slot": 7,
            "text": "GG"
        },
        {
            "time": 2020.05853,
            "slot": 7,
            "text": "GGWP"
        },
        {
            "time": 2047.88663,
            "slot": 7,
            "text": "team reported and afk "
        },
        {
            "time": 2051.16443,
            "slot": 7,
            "text": "plz end fast"
        },
        {
            "time": 2195.65663,
            "slot": 7,
            "text": "GG"
        },
        {
            "time": 2208.03213,
            "slot": 7,
            "text": "TRASH TEAM"
        },
        {
            "time": 2209.70453,
            "slot": 7,
            "text": "IM DONE"
        },
        {
            "time": 2228.70253,
            "slot": 8,
            "text": "quiet you trained monkey"
        },
        {
            "time": 2241.94763,
            "slot": 7,
            "text": "LMAO"
        },
        {
            "time": 2375.33533,
            "slot": 7,
            "text": "gg"
        },
        {
            "time": 2567.45643,
            "slot": 7,
            "text": "GG"
        },
        {
            "time": 2573.54393,
            "slot": 7,
            "text": "TRASH TEAM"
        },
        {
            "time": 2650.94093,
            "slot": 8,
            "text": "DOTA where everyone is a cunt, regtardless of team"
        },
        {
            "time": 2778.97693,
            "slot": 4,
            "text": "gg"
        },
        {
            "time": 2779.27793,
            "slot": 6,
            "text": "DONT FORGET TO REPORT NAGA"
        },
        {
            "time": 2779.81313,
            "slot": 3,
            "text": "ggw["
        }
    ],
    "59": [
        {
            "time": 155.16216,
            "slot": 4,
            "text": "S"
        },
        {
            "time": 155.96196,
            "slot": 4,
            "text": "o"
        },
        {
            "time": 156.9617,
            "slot": 4,
            "text": "l"
        },
        {
            "time": 160.76076,
            "slot": 4,
            "text": "a"
        },
        {
            "time": 162.56036,
            "slot": 4,
            "text": "d"
        },
        {
            "time": 163.82666,
            "slot": 4,
            "text": "o"
        },
        {
            "time": 169.09206,
            "slot": 6,
            "text": "porra"
        },
        {
            "time": 171.49146,
            "slot": 6,
            "text": "ganha uma medalha agora entao"
        },
        {
            "time": 174.62406,
            "slot": 6,
            "text": "ficou mais feliz?"
        },
        {
            "time": 175.69046,
            "slot": 6,
            "text": "que bom cara"
        },
        {
            "time": 188.08746,
            "slot": 4,
            "text": "lolo, droga de 3 categoria"
        },
        {
            "time": 197.41846,
            "slot": 6,
            "text": "n curto"
        },
        {
            "time": 1808.17336,
            "slot": 5,
            "text": "HUAHUA"
        },
        {
            "time": 2205.79446,
            "slot": 0,
            "text": "|aijsdlaijsdlikajsd"
        }
    ],
    "60": [
        {
            "time": 1662.82727,
            "slot": 1,
            "text": "D"
        }
    ],
    "61": [
        {
            "time": 3065.85002,
            "slot": 9,
            "text": "ggw"
        },
        {
            "time": 3068.79332,
            "slot": 9,
            "text": "p"
        },
        {
            "time": 3072.37222,
            "slot": 2,
            "text": "GG"
        }
    ],
    "62": [
        {
            "time": 14.89637,
            "slot": 5,
            "text": "?"
        },
        {
            "time": 14.89637,
            "slot": 8,
            "text": "jajaja"
        },
        {
            "time": 14.89637,
            "slot": 0,
            "text": "bobo "
        },
        {
            "time": 290.49577,
            "slot": 0,
            "text": "lol"
        },
        {
            "time": 339.75037,
            "slot": 7,
            "text": "sadd"
        },
        {
            "time": 898.01407,
            "slot": 0,
            "text": "come"
        },
        {
            "time": 909.47797,
            "slot": 2,
            "text": "go"
        },
        {
            "time": 917.14277,
            "slot": 5,
            "text": "wow"
        },
        {
            "time": 922.54137,
            "slot": 5,
            "text": "small id also pro like that"
        },
        {
            "time": 949.13487,
            "slot": 5,
            "text": "i will show u the real sven"
        },
        {
            "time": 1192.27557,
            "slot": 5,
            "text": "injoker"
        },
        {
            "time": 1200.14027,
            "slot": 5,
            "text": "dun use small id to lie other ppl"
        },
        {
            "time": 1207.87177,
            "slot": 5,
            "text": "u still injoler"
        },
        {
            "time": 1214.00357,
            "slot": 5,
            "text": "me?"
        },
        {
            "time": 1215.46987,
            "slot": 5,
            "text": "lol"
        },
        {
            "time": 1218.86907,
            "slot": 0,
            "text": "ez"
        },
        {
            "time": 1230.59947,
            "slot": 1,
            "text": "take so long time to end"
        },
        {
            "time": 1233.39887,
            "slot": 1,
            "text": "wa"
        },
        {
            "time": 1236.59807,
            "slot": 1,
            "text": "noob"
        },
        {
            "time": 1243.32977,
            "slot": 7,
            "text": "Lol"
        },
        {
            "time": 1245.26257,
            "slot": 0,
            "text": "i fuck your mum"
        },
        {
            "time": 1248.26187,
            "slot": 0,
            "text": "she so hot"
        },
        {
            "time": 1409.82237,
            "slot": 0,
            "text": "end pls"
        },
        {
            "time": 1414.42127,
            "slot": 0,
            "text": "come"
        },
        {
            "time": 1414.48797,
            "slot": 8,
            "text": "have fun"
        },
        {
            "time": 1415.75427,
            "slot": 0,
            "text": "kid"
        },
        {
            "time": 1420.21987,
            "slot": 8,
            "text": "u can out"
        },
        {
            "time": 1420.88637,
            "slot": 7,
            "text": "no def?"
        },
        {
            "time": 1423.28577,
            "slot": 8,
            "text": "its not scored"
        },
        {
            "time": 1428.81777,
            "slot": 0,
            "text": "but "
        },
        {
            "time": 1433.08337,
            "slot": 0,
            "text": "i wanna kill u"
        },
        {
            "time": 1435.21617,
            "slot": 0,
            "text": "bitch"
        },
        {
            "time": 1438.21547,
            "slot": 8,
            "text": "in ur dream"
        },
        {
            "time": 1465.87537,
            "slot": 5,
            "text": "make sure u can kill me 1st"
        },
        {
            "time": 1591.04487,
            "slot": 5,
            "text": "this is lie kids"
        },
        {
            "time": 1595.97697,
            "slot": 1,
            "text": "take so long time kid"
        },
        {
            "time": 1597.17667,
            "slot": 0,
            "text": "ez"
        },
        {
            "time": 1597.90987,
            "slot": 1,
            "text": "ez"
        },
        {
            "time": 1601.77557,
            "slot": 7,
            "text": "its fat"
        },
        {
            "time": 1603.24187,
            "slot": 7,
            "text": "fast"
        },
        {
            "time": 1604.44157,
            "slot": 7,
            "text": "ez"
        },
        {
            "time": 1615.03897,
            "slot": 0,
            "text": "ez"
        },
        {
            "time": 1615.63887,
            "slot": 1,
            "text": "noob ahahahaha"
        }
    ],
    "63": [
        {
            "time": 1832.13853,
            "slot": 8,
            "text": "new meta es, blink for wat"
        },
        {
            "time": 2021.41653,
            "slot": 8,
            "text": "we sure lose, but we never give up, we will def till the end"
        },
        {
            "time": 2100.61973,
            "slot": 1,
            "text": "WOW"
        },
        {
            "time": 2118.31333,
            "slot": 8,
            "text": "fucking hard game ever when got lucky timing skill on enemy"
        },
        {
            "time": 2156.77763,
            "slot": 8,
            "text": "lol es, blink for wat"
        }
    ],
    "64": [
        {
            "time": 1381.12945,
            "slot": 2,
            "text": "axe i eat you "
        },
        {
            "time": 1474.37335,
            "slot": 9,
            "text": "Fuck yourself"
        },
        {
            "time": 1521.09525,
            "slot": 2,
            "text": "no"
        },
        {
            "time": 1593.74415,
            "slot": 2,
            "text": "axxe"
        },
        {
            "time": 1785.58995,
            "slot": 8,
            "text": "ez"
        },
        {
            "time": 1818.83645,
            "slot": 9,
            "text": "Quit"
        },
        {
            "time": 1820.91015,
            "slot": 9,
            "text": "bb zeus"
        },
        {
            "time": 2098.52245,
            "slot": 5,
            "text": "wow"
        },
        {
            "time": 2118.52395,
            "slot": 9,
            "text": "Oo cumback"
        },
        {
            "time": 2249.43655,
            "slot": 9,
            "text": "check this"
        },
        {
            "time": 2263.55135,
            "slot": 9,
            "text": "Miss mis miss"
        },
        {
            "time": 2264.82225,
            "slot": 9,
            "text": ":D"
        },
        {
            "time": 2267.63195,
            "slot": 2,
            "text": "2vs5"
        },
        {
            "time": 2273.05035,
            "slot": 9,
            "text": "cry bitch"
        },
        {
            "time": 2274.12065,
            "slot": 2,
            "text": "how top play"
        },
        {
            "time": 2276.66265,
            "slot": 9,
            "text": ":D"
        }
    ],
    "65": [
        {
            "time": 2537.42787,
            "slot": 4,
            "text": "auch"
        },
        {
            "time": 2726.67247,
            "slot": 1,
            "text": "gg"
        },
        {
            "time": 2730.88687,
            "slot": 5,
            "text": "bg"
        },
        {
            "time": 2734.36527,
            "slot": 1,
            "text": "recomend pliz"
        }
    ],
    "66": [
        {
            "time": 372.50905,
            "slot": 5,
            "text": "gg"
        },
        {
            "time": 403.3682,
            "slot": 8,
            "text": "?"
        },
        {
            "time": 403.9014,
            "slot": 6,
            "text": "these bashes"
        },
        {
            "time": 600.0535,
            "slot": 8,
            "text": "gg wp report OD"
        },
        {
            "time": 602.65285,
            "slot": 9,
            "text": "++"
        },
        {
            "time": 603.5193,
            "slot": 5,
            "text": "ahahhahaha"
        },
        {
            "time": 605.58547,
            "slot": 8,
            "text": "whining in chat"
        },
        {
            "time": 605.7854,
            "slot": 5,
            "text": "holy shit"
        },
        {
            "time": 606.4519,
            "slot": 5,
            "text": "ok"
        },
        {
            "time": 613.7168,
            "slot": 5,
            "text": "i gotta take some deep breathes"
        },
        {
            "time": 619.1155,
            "slot": 5,
            "text": "these guys"
        },
        {
            "time": 621.58156,
            "slot": 5,
            "text": "hoooo"
        },
        {
            "time": 623.9143,
            "slot": 5,
            "text": "ok"
        },
        {
            "time": 627.0469,
            "slot": 5,
            "text": "im afk jungle"
        },
        {
            "time": 774.4109,
            "slot": 5,
            "text": "gg"
        },
        {
            "time": 941.0369,
            "slot": 7,
            "text": "izi"
        },
        {
            "time": 948.0352,
            "slot": 8,
            "text": "?"
        },
        {
            "time": 952.7007,
            "slot": 4,
            "text": "lul"
        },
        {
            "time": 968.2302,
            "slot": 4,
            "text": "wp"
        },
        {
            "time": 984.1264,
            "slot": 8,
            "text": "?"
        },
        {
            "time": 987.9921,
            "slot": 1,
            "text": "ahahha"
        },
        {
            "time": 991.7912,
            "slot": 1,
            "text": "stfu"
        },
        {
            "time": 994.9904,
            "slot": 8,
            "text": "?"
        },
        {
            "time": 998.1229,
            "slot": 1,
            "text": "moron"
        },
        {
            "time": 1001.3888,
            "slot": 8,
            "text": "Que tal?"
        },
        {
            "time": 1041.7123,
            "slot": 4,
            "text": "?"
        },
        {
            "time": 1043.9118,
            "slot": 8,
            "text": "?"
        },
        {
            "time": 1047.6442,
            "slot": 8,
            "text": "Whats wrong?"
        },
        {
            "time": 1063.1737,
            "slot": 4,
            "text": "?"
        },
        {
            "time": 1066.3729,
            "slot": 8,
            "text": "?"
        },
        {
            "time": 1072.9713,
            "slot": 4,
            "text": "ez"
        },
        {
            "time": 1076.1039,
            "slot": 8,
            "text": "?"
        },
        {
            "time": 1079.0365,
            "slot": 8,
            "text": "Que?"
        },
        {
            "time": 1091.1669,
            "slot": 4,
            "text": "Que?"
        },
        {
            "time": 1142.2877,
            "slot": 4,
            "text": "^"
        },
        {
            "time": 1205.2057,
            "slot": 8,
            "text": "?"
        },
        {
            "time": 1245.5958,
            "slot": 4,
            "text": "?"
        },
        {
            "time": 1565.9176,
            "slot": 8,
            "text": "?"
        },
        {
            "time": 1572.516,
            "slot": 4,
            "text": "?"
        },
        {
            "time": 1580.1142,
            "slot": 8,
            "text": "?"
        },
        {
            "time": 1806.116,
            "slot": 9,
            "text": "nice bkb"
        },
        {
            "time": 1817.4881,
            "slot": 8,
            "text": "?"
        },
        {
            "time": 1830.3988,
            "slot": 8,
            "text": "This WK ;)"
        },
        {
            "time": 1861.9728,
            "slot": 9,
            "text": "Ez wk ez mid ez mirana"
        },
        {
            "time": 1865.2508,
            "slot": 8,
            "text": "+"
        },
        {
            "time": 1867.3914,
            "slot": 6,
            "text": "lol"
        },
        {
            "time": 1872.7429,
            "slot": 6,
            "text": "their 2 stack was perfect aparently"
        },
        {
            "time": 1876.489,
            "slot": 7,
            "text": "2-9 2-10"
        },
        {
            "time": 1881.5061,
            "slot": 6,
            "text": "pro tier plays"
        },
        {
            "time": 1884.3826,
            "slot": 6,
            "text": "from the offlane"
        },
        {
            "time": 1935.2893,
            "slot": 9,
            "text": "boring ass game"
        },
        {
            "time": 1945.3904,
            "slot": 6,
            "text": "gg I guess"
        },
        {
            "time": 1953.4846,
            "slot": 8,
            "text": "ez mid and top"
        }
    ],
    "67": [
        {
            "time": 12.26366,
            "slot": 6,
            "text": "what a player"
        },
        {
            "time": 15.12963,
            "slot": 6,
            "text": "wowwwww"
        },
        {
            "time": 907.3784,
            "slot": 3,
            "text": "rly"
        },
        {
            "time": 908.5781,
            "slot": 3,
            "text": "u fucks"
        },
        {
            "time": 1341.3058,
            "slot": 3,
            "text": "tards"
        },
        {
            "time": 1484.8041,
            "slot": 3,
            "text": "stupid ocw"
        },
        {
            "time": 1486.6703,
            "slot": 3,
            "text": "cow"
        },
        {
            "time": 1490.9359,
            "slot": 5,
            "text": "k"
        },
        {
            "time": 1629.8353,
            "slot": 1,
            "text": "i missed the hill"
        },
        {
            "time": 1849.71,
            "slot": 5,
            "text": "tard?"
        },
        {
            "time": 1854.125,
            "slot": 3,
            "text": "rof"
        },
        {
            "time": 1856.065,
            "slot": 3,
            "text": "l"
        },
        {
            "time": 1864.0923,
            "slot": 5,
            "text": ")"
        },
        {
            "time": 1914.2632,
            "slot": 3,
            "text": "nice "
        },
        {
            "time": 1916.0025,
            "slot": 3,
            "text": "weaver"
        },
        {
            "time": 1923.896,
            "slot": 3,
            "text": "smart af"
        },
        {
            "time": 1925.1001,
            "slot": 5,
            "text": ")"
        },
        {
            "time": 1925.4346,
            "slot": 1,
            "text": "LOL"
        },
        {
            "time": 2166.9908,
            "slot": 3,
            "text": "good shit"
        },
        {
            "time": 2168.4624,
            "slot": 3,
            "text": "muuuu"
        },
        {
            "time": 2169.3989,
            "slot": 9,
            "text": "go next"
        },
        {
            "time": 2173.4795,
            "slot": 5,
            "text": ")"
        },
        {
            "time": 2175.2188,
            "slot": 1,
            "text": "ok"
        },
        {
            "time": 2260.1079,
            "slot": 3,
            "text": "good shit"
        },
        {
            "time": 2270.8111,
            "slot": 9,
            "text": "nice"
        },
        {
            "time": 2276.564,
            "slot": 3,
            "text": "muuuu"
        },
        {
            "time": 2294.0235,
            "slot": 3,
            "text": "gege"
        }
    ],
    "227": [
        {
            "time": 160.1276,
            "slot": 7,
            "text": "RUBICK"
        },
        {
            "time": 162.12711,
            "slot": 7,
            "text": "SHE DEDIT YLEO"
        },
        {
            "time": 1900.81374,
            "slot": 5,
            "text": "can you please finish?"
        },
        {
            "time": 2457.77774,
            "slot": 3,
            "text": "gg wp "
        },
        {
            "time": 2460.45344,
            "slot": 4,
            "text": "ggs"
        }
    ],
    "228": [
        {
            "time": 18.96203,
            "slot": 9,
            "text": "zZ"
        },
        {
            "time": 997.1899,
            "slot": 0,
            "text": "fail roaming"
        },
        {
            "time": 998.7895,
            "slot": 0,
            "text": "aushauhsuahs"
        },
        {
            "time": 1271.3896,
            "slot": 1,
            "text": "Termina"
        },
        {
            "time": 1278.6544,
            "slot": 9,
            "text": "tz"
        },
        {
            "time": 1282.2536,
            "slot": 9,
            "text": "ta"
        },
        {
            "time": 1285.6527,
            "slot": 1,
            "text": "E agora fica um fdp na base"
        },
        {
            "time": 1349.8371,
            "slot": 5,
            "text": "izi bot ?"
        },
        {
            "time": 1359.1681,
            "slot": 8,
            "text": "20 A 0"
        },
        {
            "time": 1360.901,
            "slot": 8,
            "text": "kkkk"
        },
        {
            "time": 1361.4342,
            "slot": 3,
            "text": "iz todas as lines"
        },
        {
            "time": 1367.2328,
            "slot": 9,
            "text": "hhaa"
        },
        {
            "time": 1383.6288,
            "slot": 7,
            "text": "foi mal, to tomando cafe"
        },
        {
            "time": 1391.8935,
            "slot": 9,
            "text": "lkol"
        },
        {
            "time": 1392.2267,
            "slot": 5,
            "text": "que violencia kkkk"
        }
    ]
}