{
    "68": [
        {
            "time": 1606.27442,
            "slot": 4,
            "text": "sorry"
        }
    ],
    "69": [
        {
            "time": -80.45853,
            "slot": 1,
            "text": "gotta love to see ur underlord now"
        },
        {
            "time": -68.45596,
            "slot": 4,
            "text": "fucking danny"
        },
        {
            "time": -66.45554,
            "slot": 4,
            "text": "ayy"
        },
        {
            "time": -65.522,
            "slot": 9,
            "text": "?"
        },
        {
            "time": -61.78787,
            "slot": 1,
            "text": "no really"
        },
        {
            "time": -59.72076,
            "slot": 1,
            "text": "do u see ur mama"
        },
        {
            "time": -55.78659,
            "slot": 1,
            "text": "imma piss on her"
        },
        {
            "time": -52.25391,
            "slot": 4,
            "text": "idk what teals talking abou"
        },
        {
            "time": -49.52125,
            "slot": 7,
            "text": "let the faggot be happy with his imba hero counter"
        },
        {
            "time": -49.18799,
            "slot": 4,
            "text": "what the fuck"
        },
        {
            "time": -46.78857,
            "slot": 7,
            "text": "see you in mid game"
        },
        {
            "time": 157.09497,
            "slot": 9,
            "text": "XD?"
        },
        {
            "time": 190.08691,
            "slot": 1,
            "text": "nice stick"
        },
        {
            "time": 200.35107,
            "slot": 4,
            "text": "whys ursa talking"
        },
        {
            "time": 206.74955,
            "slot": 4,
            "text": "did u play earlier"
        },
        {
            "time": 216.81375,
            "slot": 1,
            "text": "niuce one"
        },
        {
            "time": 300.72659,
            "slot": 9,
            "text": "??"
        },
        {
            "time": 319.78861,
            "slot": 7,
            "text": "u actually that fucking bad ursa?"
        },
        {
            "time": 321.45485,
            "slot": 7,
            "text": "or feed?"
        },
        {
            "time": 343.38285,
            "slot": 1,
            "text": "hi"
        },
        {
            "time": 490.54691,
            "slot": 1,
            "text": "nice winter"
        },
        {
            "time": 492.54642,
            "slot": 1,
            "text": "so pro"
        },
        {
            "time": 509.60892,
            "slot": 7,
            "text": "do you realize u wont win this game?"
        },
        {
            "time": 518.54005,
            "slot": 1,
            "text": "do u realzie"
        },
        {
            "time": 518.54005,
            "slot": 1,
            "text": "ur mom is fucking slut"
        },
        {
            "time": 518.54005,
            "slot": 4,
            "text": "STOP IT"
        },
        {
            "time": 546.86649,
            "slot": 9,
            "text": "XDD"
        },
        {
            "time": 548.4661,
            "slot": 9,
            "text": "U "
        },
        {
            "time": 552.66505,
            "slot": 9,
            "text": "are fucking retard ursa"
        },
        {
            "time": 555.66435,
            "slot": 9,
            "text": "u know that?"
        },
        {
            "time": 556.33085,
            "slot": 4,
            "text": "waht is hapenign"
        },
        {
            "time": 559.53005,
            "slot": 7,
            "text": "how to change aggro :D"
        },
        {
            "time": 669.2366,
            "slot": 8,
            "text": "Gr8"
        },
        {
            "time": 672.76905,
            "slot": 4,
            "text": "what the fuck"
        },
        {
            "time": 690.36475,
            "slot": 4,
            "text": "sniped"
        },
        {
            "time": 695.89675,
            "slot": 4,
            "text": "what a world we live in"
        },
        {
            "time": 696.23001,
            "slot": 1,
            "text": "nice one"
        },
        {
            "time": 697.36305,
            "slot": 1,
            "text": "retard"
        },
        {
            "time": 699.16265,
            "slot": 1,
            "text": "instead of moving"
        },
        {
            "time": 701.56205,
            "slot": 1,
            "text": "u killed es"
        },
        {
            "time": 704.36135,
            "slot": 4,
            "text": "MAN URSA IS SUCH A TALKER"
        },
        {
            "time": 706.36085,
            "slot": 4,
            "text": "Jesus"
        },
        {
            "time": 824.06545,
            "slot": 1,
            "text": "waw"
        },
        {
            "time": 828.79765,
            "slot": 1,
            "text": "2-5"
        },
        {
            "time": 830.26395,
            "slot": 1,
            "text": "5 death"
        },
        {
            "time": 831.53035,
            "slot": 1,
            "text": "13 mins"
        },
        {
            "time": 833.59645,
            "slot": 1,
            "text": "stop feeding dog"
        },
        {
            "time": 874.25325,
            "slot": 1,
            "text": "ahahaha"
        },
        {
            "time": 875.71955,
            "slot": 1,
            "text": "k"
        },
        {
            "time": 1126.99145,
            "slot": 9,
            "text": "URSA"
        },
        {
            "time": 1128.72445,
            "slot": 9,
            "text": "HELLO"
        },
        {
            "time": 1140.78815,
            "slot": 9,
            "text": "URSA"
        },
        {
            "time": 1144.78715,
            "slot": 9,
            "text": "TELL SOMEYHING"
        },
        {
            "time": 1148.38625,
            "slot": 9,
            "text": "HOW YOUR ROSH"
        },
        {
            "time": 1154.65145,
            "slot": 7,
            "text": "hows your mom ursa?"
        },
        {
            "time": 1158.05055,
            "slot": 1,
            "text": "haha"
        },
        {
            "time": 1159.18365,
            "slot": 1,
            "text": "shes fine"
        },
        {
            "time": 1160.58325,
            "slot": 1,
            "text": "how's ur"
        },
        {
            "time": 1162.84945,
            "slot": 1,
            "text": "urs"
        },
        {
            "time": 1171.58055,
            "slot": 9,
            "text": "how you feel to loosing second game"
        },
        {
            "time": 1172.58035,
            "slot": 9,
            "text": "vs me"
        },
        {
            "time": 1173.18025,
            "slot": 7,
            "text": "she just told me about your baby sized dick"
        },
        {
            "time": 1173.51345,
            "slot": 9,
            "text": "?"
        },
        {
            "time": 1185.71045,
            "slot": 1,
            "text": "21-16"
        },
        {
            "time": 1188.84305,
            "slot": 1,
            "text": "fuck ur sister"
        },
        {
            "time": 1195.37475,
            "slot": 7,
            "text": "she is not 18 yet"
        },
        {
            "time": 1198.10745,
            "slot": 7,
            "text": "ur going to jail"
        },
        {
            "time": 1210.77105,
            "slot": 4,
            "text": "im not 18 yet"
        },
        {
            "time": 1216.70295,
            "slot": 1,
            "text": "haha"
        },
        {
            "time": 1308.01395,
            "slot": 1,
            "text": "ahaha"
        },
        {
            "time": 1309.21365,
            "slot": 1,
            "text": "aiight man"
        },
        {
            "time": 1453.77835,
            "slot": 1,
            "text": "sa"
        },
        {
            "time": 1456.11115,
            "slot": 1,
            "text": "sad"
        },
        {
            "time": 1458.44385,
            "slot": 7,
            "text": "high skill bash"
        },
        {
            "time": 1485.47065,
            "slot": 9,
            "text": "??"
        },
        {
            "time": 1486.47035,
            "slot": 8,
            "text": "so sad"
        },
        {
            "time": 1487.47015,
            "slot": 7,
            "text": "if something"
        },
        {
            "time": 1488.66985,
            "slot": 1,
            "text": "stfu"
        },
        {
            "time": 1489.00305,
            "slot": 7,
            "text": "that is sad"
        },
        {
            "time": 1489.93615,
            "slot": 1,
            "text": "now u taljk"
        },
        {
            "time": 1492.13565,
            "slot": 1,
            "text": "i killed 10 times"
        },
        {
            "time": 1494.46845,
            "slot": 1,
            "text": "16 kills"
        },
        {
            "time": 1495.60145,
            "slot": 1,
            "text": "dont talk"
        },
        {
            "time": 1497.53435,
            "slot": 1,
            "text": "when i die"
        },
        {
            "time": 1498.66745,
            "slot": 1,
            "text": "retards"
        },
        {
            "time": 1499.53385,
            "slot": 1,
            "text": "Lmao"
        },
        {
            "time": 1502.46645,
            "slot": 7,
            "text": "16 kills still lose"
        },
        {
            "time": 1502.79975,
            "slot": 9,
            "text": "and u loosing game"
        },
        {
            "time": 1505.59905,
            "slot": 9,
            "text": "for teammates"
        },
        {
            "time": 1507.66515,
            "slot": 1,
            "text": "retards"
        },
        {
            "time": 1508.33165,
            "slot": 9,
            "text": "wp man"
        },
        {
            "time": 1509.53145,
            "slot": 1,
            "text": "u cant win"
        },
        {
            "time": 1522.86145,
            "slot": 1,
            "text": "they really think"
        },
        {
            "time": 1527.26045,
            "slot": 1,
            "text": "puck can do anything"
        },
        {
            "time": 1529.72645,
            "slot": 1,
            "text": "with his eul's"
        },
        {
            "time": 1533.52555,
            "slot": 1,
            "text": "9k ulti"
        },
        {
            "time": 1534.29205,
            "slot": 1,
            "text": "underlord"
        },
        {
            "time": 1567.45055,
            "slot": 8,
            "text": "5k gank"
        },
        {
            "time": 1568.51695,
            "slot": 8,
            "text": "LMAO"
        },
        {
            "time": 1589.11195,
            "slot": 8,
            "text": "wut now ?"
        },
        {
            "time": 1663.42715,
            "slot": 1,
            "text": "2-9"
        },
        {
            "time": 1664.76015,
            "slot": 1,
            "text": "its ok"
        },
        {
            "time": 1666.35975,
            "slot": 1,
            "text": "ur support"
        },
        {
            "time": 1669.89225,
            "slot": 1,
            "text": "so its ok if u feed"
        },
        {
            "time": 1673.55805,
            "slot": 7,
            "text": "hehe"
        },
        {
            "time": 1769.11975,
            "slot": 4,
            "text": "MOO"
        },
        {
            "time": 1805.17595,
            "slot": 1,
            "text": "we rosh"
        },
        {
            "time": 2190.22085,
            "slot": 1,
            "text": "ROFL"
        },
        {
            "time": 2192.62905,
            "slot": 1,
            "text": "ROFLLLLLLLLLLLLLLLL"
        },
        {
            "time": 2199.45235,
            "slot": 4,
            "text": "MAN THIS URSA"
        },
        {
            "time": 2302.46985,
            "slot": 1,
            "text": "winter"
        },
        {
            "time": 2303.74085,
            "slot": 1,
            "text": "bb"
        },
        {
            "time": 2304.07545,
            "slot": 1,
            "text": "go back boys"
        },
        {
            "time": 2316.88565,
            "slot": 4,
            "text": "dudes"
        },
        {
            "time": 2341.30215,
            "slot": 1,
            "text": "taking viper"
        },
        {
            "time": 2342.50625,
            "slot": 1,
            "text": "into pa"
        },
        {
            "time": 2344.98145,
            "slot": 1,
            "text": "now im ursa into "
        },
        {
            "time": 2346.98815,
            "slot": 9,
            "text": "XD"
        },
        {
            "time": 2347.65715,
            "slot": 1,
            "text": "Underlord"
        },
        {
            "time": 2348.59365,
            "slot": 1,
            "text": "simply"
        },
        {
            "time": 2349.19575,
            "slot": 1,
            "text": "man"
        },
        {
            "time": 2350.46675,
            "slot": 1,
            "text": "thats it"
        },
        {
            "time": 2352.33975,
            "slot": 9,
            "text": "you are shit"
        },
        {
            "time": 2353.00865,
            "slot": 9,
            "text": "man"
        },
        {
            "time": 2357.08925,
            "slot": 1,
            "text": "yeah man"
        },
        {
            "time": 2359.09615,
            "slot": 1,
            "text": "last gtame"
        },
        {
            "time": 2360.83545,
            "slot": 1,
            "text": "this pa"
        },
        {
            "time": 2361.03605,
            "slot": 9,
            "text": "cant win game"
        },
        {
            "time": 2362.30705,
            "slot": 9,
            "text": "as pa"
        },
        {
            "time": 2364.91595,
            "slot": 9,
            "text": "from free farm"
        },
        {
            "time": 2366.78895,
            "slot": 1,
            "text": "u was like"
        },
        {
            "time": 2369.86615,
            "slot": 1,
            "text": "ur pro an"
        },
        {
            "time": 2370.66885,
            "slot": 4,
            "text": "dude"
        },
        {
            "time": 2371.27095,
            "slot": 1,
            "text": "man"
        },
        {
            "time": 2371.40465,
            "slot": 9,
            "text": "now u pick counter vs me"
        },
        {
            "time": 2375.48525,
            "slot": 9,
            "text": "and u think u are good"
        },
        {
            "time": 2380.90375,
            "slot": 1,
            "text": "u picked"
        },
        {
            "time": 2381.84025,
            "slot": 1,
            "text": "viper"
        },
        {
            "time": 2383.71325,
            "slot": 1,
            "text": "u started man"
        },
        {
            "time": 2384.71675,
            "slot": 1,
            "text": "u said"
        },
        {
            "time": 2385.58645,
            "slot": 1,
            "text": "this pa"
        },
        {
            "time": 2386.38905,
            "slot": 9,
            "text": "whatever"
        },
        {
            "time": 2390.26895,
            "slot": 9,
            "text": "pa isnt cancer?"
        },
        {
            "time": 2396.22245,
            "slot": 1,
            "text": "hhahahhaha"
        },
        {
            "time": 2406.52435,
            "slot": 9,
            "text": "whatever"
        },
        {
            "time": 2408.06285,
            "slot": 9,
            "text": "be happy"
        },
        {
            "time": 2412.67865,
            "slot": 9,
            "text": "dota is all your life"
        },
        {
            "time": 2415.22065,
            "slot": 9,
            "text": "you fucking nerd"
        },
        {
            "time": 2418.89985,
            "slot": 9,
            "text": "u dont even leaving house"
        },
        {
            "time": 2423.31485,
            "slot": 9,
            "text": "fat nigga"
        },
        {
            "time": 2439.43645,
            "slot": 1,
            "text": "feels good"
        },
        {
            "time": 2441.24255,
            "slot": 1,
            "text": "to win mmr"
        },
        {
            "time": 2443.24945,
            "slot": 1,
            "text": "and feels bad"
        },
        {
            "time": 2445.12245,
            "slot": 1,
            "text": "for u man"
        },
        {
            "time": 2450.07265,
            "slot": 9,
            "text": "whatyever"
        },
        {
            "time": 2451.74505,
            "slot": 9,
            "text": "last game"
        },
        {
            "time": 2453.08295,
            "slot": 9,
            "text": "was ez"
        },
        {
            "time": 2454.08645,
            "slot": 9,
            "text": "vs you"
        },
        {
            "time": 2456.16005,
            "slot": 1,
            "text": "haha"
        },
        {
            "time": 2457.23045,
            "slot": 1,
            "text": "ofc ez"
        },
        {
            "time": 2460.10685,
            "slot": 1,
            "text": "u countered me"
        }
    ],
    "70": [
        {
            "time": -73.04883,
            "slot": 1,
            "text": "any suggest, best porn site?"
        },
        {
            "time": -64.78418,
            "slot": 8,
            "text": "myb xnxx.com?"
        },
        {
            "time": -63.78443,
            "slot": 7,
            "text": "pornhub"
        },
        {
            "time": -60.8518,
            "slot": 0,
            "text": "lalatx.com"
        },
        {
            "time": -60.052,
            "slot": 2,
            "text": "child porn or what ?"
        },
        {
            "time": -59.98535,
            "slot": 8,
            "text": "brazzer"
        },
        {
            "time": -58.11913,
            "slot": 4,
            "text": "PINAYPORNDADDY"
        },
        {
            "time": -57.45263,
            "slot": 8,
            "text": "boafoda"
        },
        {
            "time": -54.45337,
            "slot": 1,
            "text": "adult dude"
        },
        {
            "time": -46.85523,
            "slot": 8,
            "text": "mysisterlovesme"
        },
        {
            "time": -29.99267,
            "slot": 3,
            "text": "pa is pedo btw"
        },
        {
            "time": -28.25976,
            "slot": 3,
            "text": "fyi"
        },
        {
            "time": -27.32666,
            "slot": 7,
            "text": "or do you want gay porn"
        },
        {
            "time": -24.59399,
            "slot": 0,
            "text": "kidsdoporn.eu"
        },
        {
            "time": -5.06543,
            "slot": 5,
            "text": "doraemonporn.com"
        },
        {
            "time": 5.86524,
            "slot": 1,
            "text": "orait2"
        },
        {
            "time": 8.0647,
            "slot": 8,
            "text": "spongebobporn"
        },
        {
            "time": 20.66162,
            "slot": 1,
            "text": "i dont wanna see larry"
        },
        {
            "time": 126.10254,
            "slot": 5,
            "text": "?"
        },
        {
            "time": 131.96777,
            "slot": 6,
            "text": "?"
        },
        {
            "time": 473.71767,
            "slot": 8,
            "text": "ggwp"
        },
        {
            "time": 546.43327,
            "slot": 8,
            "text": "ggwp"
        },
        {
            "time": 548.89933,
            "slot": 8,
            "text": "end fast myb"
        },
        {
            "time": 550.49893,
            "slot": 8,
            "text": "end mid"
        },
        {
            "time": 789.34057,
            "slot": 8,
            "text": "ggwpq"
        },
        {
            "time": 1578.68117,
            "slot": 4,
            "text": "Hahaha"
        },
        {
            "time": 1581.21387,
            "slot": 4,
            "text": "bullied"
        },
        {
            "time": 1584.27977,
            "slot": 8,
            "text": "fcker"
        },
        {
            "time": 1591.54467,
            "slot": 8,
            "text": "bttr me mid"
        },
        {
            "time": 1978.17667,
            "slot": 4,
            "text": "dont"
        },
        {
            "time": 2492.32807,
            "slot": 4,
            "text": "mind topo?"
        }
    ],
    "71": [
        {
            "time": 787.87434,
            "slot": 5,
            "text": "KITA LOGO"
        },
        {
            "time": 791.87334,
            "slot": 5,
            "text": "6 GANHAM N"
        },
        {
            "time": 796.67214,
            "slot": 1,
            "text": "go mid"
        },
        {
            "time": 800.80444,
            "slot": 1,
            "text": "end"
        },
        {
            "time": 850.12574,
            "slot": 6,
            "text": "just leave"
        },
        {
            "time": 1124.75874,
            "slot": 5,
            "text": "COMEND MY MID"
        },
        {
            "time": 1126.09174,
            "slot": 5,
            "text": "EASY"
        }
    ],
    "72": [
        {
            "time": 59.98534,
            "slot": 1,
            "text": "dont first blood me"
        },
        {
            "time": 68.6499,
            "slot": 1,
            "text": "aim other party memeber lel"
        },
        {
            "time": 925.4407,
            "slot": 3,
            "text": "wtfl;"
        },
        {
            "time": 1105.1968,
            "slot": 8,
            "text": "swerte sa lag"
        },
        {
            "time": 1135.3894,
            "slot": 0,
            "text": "not our fault u have lag"
        },
        {
            "time": 1157.8506,
            "slot": 1,
            "text": "ez"
        },
        {
            "time": 1692.481,
            "slot": 7,
            "text": "GG"
        },
        {
            "time": 1695.5582,
            "slot": 6,
            "text": "ggwp"
        },
        {
            "time": 1705.7262,
            "slot": 0,
            "text": "gg sry about ur lan internet"
        },
        {
            "time": 1707.2647,
            "slot": 5,
            "text": "ang dame pakaen"
        },
        {
            "time": 1733.688,
            "slot": 1,
            "text": "u guys actually"
        },
        {
            "time": 1736.4976,
            "slot": 1,
            "text": "triggered me"
        },
        {
            "time": 1738.6382,
            "slot": 1,
            "text": "hahaha"
        },
        {
            "time": 1861.189,
            "slot": 1,
            "text": "icbm girl"
        },
        {
            "time": 1864.4668,
            "slot": 5,
            "text": "gg"
        },
        {
            "time": 1865.9385,
            "slot": 2,
            "text": ":D"
        }
    ],
    "73": [
        {
            "time": 199.7393,
            "slot": 0,
            "text": ".|."
        },
        {
            "time": 1453.23323,
            "slot": 0,
            "text": "pl"
        },
        {
            "time": 1457.36553,
            "slot": 0,
            "text": "can u give me bracer back plz"
        },
        {
            "time": 1537.61263,
            "slot": 8,
            "text": "yes, sure"
        },
        {
            "time": 1544.81083,
            "slot": 0,
            "text": "okay thanks you"
        },
        {
            "time": 1568.87163,
            "slot": 8,
            "text": "but my teammates wont to kill u((9("
        },
        {
            "time": 1582.20173,
            "slot": 9,
            "text": "xD"
        },
        {
            "time": 1908.67723,
            "slot": 8,
            "text": "gg wp"
        }
    ],
    "74": [
        {
            "time": 1200.44024,
            "slot": 8,
            "text": "lelelel"
        },
        {
            "time": 1201.43994,
            "slot": 4,
            "text": "wtf"
        },
        {
            "time": 1216.63624,
            "slot": 8,
            "text": "thx for boot"
        },
        {
            "time": 1692.18684,
            "slot": 8,
            "text": "lel"
        },
        {
            "time": 1803.60834,
            "slot": 5,
            "text": "u can end"
        },
        {
            "time": 1807.48824,
            "slot": 5,
            "text": "pudge afk"
        },
        {
            "time": 1870.73694,
            "slot": 2,
            "text": "farming lord AM"
        }
    ],
    "75": [
        {
            "time": -218.74799,
            "slot": 9,
            "text": "somos los mismos de la partida anterior mezclados"
        },
        {
            "time": 76.01478,
            "slot": 1,
            "text": "JAJA"
        },
        {
            "time": 79.7472,
            "slot": 6,
            "text": "jaja"
        },
        {
            "time": 88.0785,
            "slot": 0,
            "text": "xD"
        },
        {
            "time": 333.4853,
            "slot": 2,
            "text": "nice supports"
        },
        {
            "time": 337.01774,
            "slot": 2,
            "text": "noob"
        },
        {
            "time": 444.7914,
            "slot": 2,
            "text": "pgg"
        },
        {
            "time": 446.8576,
            "slot": 2,
            "text": "pff*"
        },
        {
            "time": 1215.6032,
            "slot": 6,
            "text": "ulty"
        },
        {
            "time": 1219.3356,
            "slot": 6,
            "text": "jaja"
        },
        {
            "time": 1273.3224,
            "slot": 3,
            "text": "xfd"
        },
        {
            "time": 1275.6552,
            "slot": 3,
            "text": "Xd"
        },
        {
            "time": 1591.1115,
            "slot": 6,
            "text": "Tamre"
        },
        {
            "time": 1593.4443,
            "slot": 6,
            "text": "puta copia"
        },
        {
            "time": 1614.839,
            "slot": 6,
            "text": "ez golem"
        },
        {
            "time": 1691.04,
            "slot": 6,
            "text": "ULTY"
        },
        {
            "time": 1696.0571,
            "slot": 6,
            "text": "JAJA"
        },
        {
            "time": 2108.8632,
            "slot": 0,
            "text": "report alche plz"
        },
        {
            "time": 2133.2797,
            "slot": 6,
            "text": "eZ"
        },
        {
            "time": 2148.1303,
            "slot": 6,
            "text": "JAJA"
        },
        {
            "time": 2149.2675,
            "slot": 6,
            "text": "EZ BARA"
        },
        {
            "time": 2160.4389,
            "slot": 6,
            "text": "JAJA"
        },
        {
            "time": 2173.8847,
            "slot": 6,
            "text": "JAJA"
        },
        {
            "time": 2175.9585,
            "slot": 6,
            "text": "EX CARAJI"
        },
        {
            "time": 2205.8603,
            "slot": 0,
            "text": "end fast "
        },
        {
            "time": 2275.0292,
            "slot": 6,
            "text": "ez"
        },
        {
            "time": 2278.2402,
            "slot": 2,
            "text": "report alche"
        },
        {
            "time": 2281.4511,
            "slot": 2,
            "text": "stupid carry"
        },
        {
            "time": 2284.3275,
            "slot": 3,
            "text": "REPORT ALCHE"
        },
        {
            "time": 2284.5282,
            "slot": 6,
            "text": "calla caca"
        },
        {
            "time": 2287.4715,
            "slot": 6,
            "text": "la cagste "
        },
        {
            "time": 2305.1318,
            "slot": 6,
            "text": "ctm"
        },
        {
            "time": 2312.7912,
            "slot": 0,
            "text": "report alche plz"
        },
        {
            "time": 2312.9919,
            "slot": 3,
            "text": "REPORTEN ALCHE"
        }
    ],
    "76": [
        {
            "time": 1198.80727,
            "slot": 0,
            "text": "bb ult"
        },
        {
            "time": 1375.43077,
            "slot": 5,
            "text": "nice boost "
        },
        {
            "time": 1381.29607,
            "slot": 5,
            "text": "how many did he paid ? "
        },
        {
            "time": 1403.49067,
            "slot": 0,
            "text": "who?"
        },
        {
            "time": 1426.95157,
            "slot": 5,
            "text": "you know you have a guy at 16-0 ?"
        },
        {
            "time": 1431.88367,
            "slot": 5,
            "text": "withh 600 avg gpm"
        },
        {
            "time": 1468.07487,
            "slot": 2,
            "text": "what boost lol"
        },
        {
            "time": 1469.94107,
            "slot": 2,
            "text": "im retard"
        }
    ],
    "77": [
        {
            "time": 1755.3357,
            "slot": 5,
            "text": "?"
        },
        {
            "time": 2172.8915,
            "slot": 6,
            "text": "GG was fun"
        },
        {
            "time": 2173.159,
            "slot": 5,
            "text": "g"
        },
        {
            "time": 2174.2293,
            "slot": 5,
            "text": "g"
        },
        {
            "time": 2180.8853,
            "slot": 8,
            "text": "gg"
        }
    ],
    "78": [
        {
            "time": 622.54798,
            "slot": 2,
            "text": "haha"
        },
        {
            "time": 623.88101,
            "slot": 8,
            "text": "skill bruh"
        },
        {
            "time": 1668.95918,
            "slot": 2,
            "text": "SVEN"
        },
        {
            "time": 1671.22528,
            "slot": 2,
            "text": "HATE ME?"
        },
        {
            "time": 1672.95818,
            "slot": 2,
            "text": "HAHAHA"
        },
        {
            "time": 1679.28998,
            "slot": 8,
            "text": "acc buyer"
        },
        {
            "time": 1682.68908,
            "slot": 2,
            "text": "AHHAHA"
        },
        {
            "time": 2683.40788,
            "slot": 9,
            "text": "tangina mo"
        },
        {
            "time": 2686.95328,
            "slot": 2,
            "text": "NOOBS"
        },
        {
            "time": 2687.55528,
            "slot": 9,
            "text": "silencer pa"
        },
        {
            "time": 2689.22768,
            "slot": 2,
            "text": "SVEN"
        },
        {
            "time": 2690.29798,
            "slot": 2,
            "text": "HAHHA"
        },
        {
            "time": 2691.50208,
            "slot": 2,
            "text": "HAHAHA"
        },
        {
            "time": 2692.37178,
            "slot": 9,
            "text": "dog"
        },
        {
            "time": 2695.98408,
            "slot": 2,
            "text": "STROM"
        },
        {
            "time": 2696.58608,
            "slot": 9,
            "text": "ingay eh"
        },
        {
            "time": 2698.25848,
            "slot": 2,
            "text": "CARRY U"
        },
        {
            "time": 2698.86048,
            "slot": 9,
            "text": "bobo nmn pala"
        },
        {
            "time": 2699.93078,
            "slot": 9,
            "text": "wahhahaha"
        },
        {
            "time": 2700.19828,
            "slot": 2,
            "text": "DATS ALL"
        },
        {
            "time": 2701.06798,
            "slot": 2,
            "text": "HAHA"
        },
        {
            "time": 2702.27208,
            "slot": 2,
            "text": "NOOB"
        },
        {
            "time": 2703.07488,
            "slot": 9,
            "text": "Dog"
        },
        {
            "time": 2705.68378,
            "slot": 2,
            "text": "HAHA"
        },
        {
            "time": 2706.55328,
            "slot": 2,
            "text": "EZ"
        },
        {
            "time": 2706.82098,
            "slot": 6,
            "text": "BOBO"
        },
        {
            "time": 2742.27508,
            "slot": 6,
            "text": "bobo"
        },
        {
            "time": 2743.41228,
            "slot": 6,
            "text": "tang ina mo"
        },
        {
            "time": 2744.14808,
            "slot": 6,
            "text": "tanga"
        },
        {
            "time": 2745.28528,
            "slot": 5,
            "text": "hahahaha"
        },
        {
            "time": 2746.48938,
            "slot": 5,
            "text": "xd"
        },
        {
            "time": 2747.55968,
            "slot": 9,
            "text": "ahahahaah"
        },
        {
            "time": 2750.03478,
            "slot": 7,
            "text": "so ez"
        },
        {
            "time": 2751.37268,
            "slot": 6,
            "text": "tanga ka "
        },
        {
            "time": 2751.84098,
            "slot": 9,
            "text": "Dota pa  silencer"
        },
        {
            "time": 2751.97478,
            "slot": 6,
            "text": "gago"
        },
        {
            "time": 2752.67718,
            "slot": 6,
            "text": "gago"
        },
        {
            "time": 2753.41298,
            "slot": 6,
            "text": "bobo"
        },
        {
            "time": 2753.98158,
            "slot": 2,
            "text": "EZ"
        },
        {
            "time": 2754.04848,
            "slot": 6,
            "text": "bobo"
        },
        {
            "time": 2754.24928,
            "slot": 9,
            "text": "noob"
        },
        {
            "time": 2754.85128,
            "slot": 6,
            "text": "Idiot"
        },
        {
            "time": 2754.85128,
            "slot": 7,
            "text": "EZ jungle"
        },
        {
            "time": 2755.38628,
            "slot": 2,
            "text": "SVEN"
        },
        {
            "time": 2756.38978,
            "slot": 3,
            "text": "noob ka lang"
        },
        {
            "time": 2756.65728,
            "slot": 2,
            "text": "EZ"
        },
        {
            "time": 2757.32628,
            "slot": 7,
            "text": "HAHA"
        },
        {
            "time": 2757.66078,
            "slot": 2,
            "text": "HAHAH"
        }
    ],
    "79": [
        {
            "time": 689.2651,
            "slot": 2,
            "text": "TK"
        },
        {
            "time": 690.1315,
            "slot": 2,
            "text": "HAHAHA"
        },
        {
            "time": 1909.2471,
            "slot": 2,
            "text": "LUL"
        },
        {
            "time": 2356.9722,
            "slot": 9,
            "text": "put that wards"
        },
        {
            "time": 2986.5166,
            "slot": 6,
            "text": "wp"
        },
        {
            "time": 3160.5762,
            "slot": 2,
            "text": "HAHAHA"
        },
        {
            "time": 3445.3128,
            "slot": 2,
            "text": "GG"
        },
        {
            "time": 3449.7946,
            "slot": 6,
            "text": "^^"
        },
        {
            "time": 3460.4978,
            "slot": 8,
            "text": "ggwp"
        }
    ],
    "80": [
        {
            "time": 712.396,
            "slot": 4,
            "text": "?"
        },
        {
            "time": 713.52903,
            "slot": 4,
            "text": "?"
        },
        {
            "time": 716.99487,
            "slot": 1,
            "text": "gg"
        },
        {
            "time": 1349.84033,
            "slot": 4,
            "text": "?"
        },
        {
            "time": 1781.13503,
            "slot": 5,
            "text": "fuck this team"
        },
        {
            "time": 1786.60033,
            "slot": 0,
            "text": "lol"
        },
        {
            "time": 1792.26563,
            "slot": 1,
            "text": "you guys were winning early game"
        },
        {
            "time": 2158.62183,
            "slot": 0,
            "text": "ayyyyy yooo chill"
        },
        {
            "time": 2161.09693,
            "slot": 0,
            "text": "leave me alone"
        },
        {
            "time": 2262.10763,
            "slot": 1,
            "text": "gg noobs"
        },
        {
            "time": 2269.06473,
            "slot": 8,
            "text": "ok"
        },
        {
            "time": 2276.28933,
            "slot": 3,
            "text": "dont listen to him"
        },
        {
            "time": 2658.72533,
            "slot": 7,
            "text": "gg"
        },
        {
            "time": 2661.13353,
            "slot": 2,
            "text": "gg"
        },
        {
            "time": 2675.71653,
            "slot": 0,
            "text": "gg wp"
        }
    ],
    "81": [
        {
            "time": 221.6126,
            "slot": 0,
            "text": "u r so bad SF"
        },
        {
            "time": 228.61086,
            "slot": 9,
            "text": "YOU SUCK ME COCKY"
        },
        {
            "time": 333.3186,
            "slot": 7,
            "text": "?"
        },
        {
            "time": 343.4828,
            "slot": 0,
            "text": " _"
        },
        {
            "time": 346.3488,
            "slot": 8,
            "text": "??"
        },
        {
            "time": 456.5219,
            "slot": 0,
            "text": "dickhead"
        },
        {
            "time": 459.38784,
            "slot": 8,
            "text": "?"
        },
        {
            "time": 503.6437,
            "slot": 8,
            "text": "??"
        },
        {
            "time": 513.8412,
            "slot": 8,
            "text": "how are you so high mmr???"
        },
        {
            "time": 837.7954,
            "slot": 7,
            "text": "?"
        },
        {
            "time": 954.3003,
            "slot": 4,
            "text": "ROFL"
        },
        {
            "time": 996.9566,
            "slot": 0,
            "text": " _"
        },
        {
            "time": 1028.5489,
            "slot": 0,
            "text": " _"
        },
        {
            "time": 1043.012,
            "slot": 8,
            "text": "???"
        },
        {
            "time": 1250.9612,
            "slot": 8,
            "text": "?"
        },
        {
            "time": 1472.1072,
            "slot": 5,
            "text": "?"
        },
        {
            "time": 1634.6009,
            "slot": 7,
            "text": "ancient btw haHAA"
        },
        {
            "time": 1774.7037,
            "slot": 7,
            "text": "??"
        },
        {
            "time": 1788.6847,
            "slot": 7,
            "text": "why so bad?"
        },
        {
            "time": 1790.1563,
            "slot": 8,
            "text": "fiend bad btw haHAA"
        },
        {
            "time": 2338.5242,
            "slot": 7,
            "text": "base?"
        },
        {
            "time": 2363.7434,
            "slot": 8,
            "text": "you guys know that you need creeps to hit buildings?"
        },
        {
            "time": 2484.9229,
            "slot": 9,
            "text": "GG EZ"
        }
    ],
    "82": [
        {
            "time": 125.10278,
            "slot": 7,
            "text": "w8 ?"
        },
        {
            "time": 125.76928,
            "slot": 4,
            "text": "afk"
        },
        {
            "time": 718.95778,
            "slot": 1,
            "text": "fedeare chato"
        },
        {
            "time": 848.99268,
            "slot": 0,
            "text": "d"
        },
        {
            "time": 851.12548,
            "slot": 0,
            "text": "jaja"
        },
        {
            "time": 861.72288,
            "slot": 0,
            "text": "que feos son"
        },
        {
            "time": 1125.72508,
            "slot": 9,
            "text": "techies matanme "
        },
        {
            "time": 1130.85718,
            "slot": 9,
            "text": "ben mid "
        },
        {
            "time": 1136.12258,
            "slot": 9,
            "text": "voy mid "
        },
        {
            "time": 1266.42408,
            "slot": 7,
            "text": "que dust feo"
        },
        {
            "time": 1273.02248,
            "slot": 0,
            "text": "vienen preparadas"
        },
        {
            "time": 1374.79768,
            "slot": 7,
            "text": "feo demas"
        },
        {
            "time": 1403.92388,
            "slot": 7,
            "text": "ESE KUNKKA"
        },
        {
            "time": 1405.92338,
            "slot": 7,
            "text": "MEJOR Q QUIEN ?"
        },
        {
            "time": 1584.81298,
            "slot": 9,
            "text": "eres una cac invoiker d mrd "
        },
        {
            "time": 1617.87158,
            "slot": 5,
            "text": "k suerte de ustdes"
        },
        {
            "time": 1656.79548,
            "slot": 5,
            "text": "esos carrys k me tocan les falta huevos "
        },
        {
            "time": 1661.06108,
            "slot": 5,
            "text": "prefieren farm"
        },
        {
            "time": 2018.83148,
            "slot": 5,
            "text": "rompan con fe"
        },
        {
            "time": 2021.64098,
            "slot": 5,
            "text": "no ay nadie"
        },
        {
            "time": 2116.16298,
            "slot": 9,
            "text": "end "
        },
        {
            "time": 2119.84218,
            "slot": 9,
            "text": "please"
        },
        {
            "time": 2216.43788,
            "slot": 1,
            "text": "gg enano"
        },
        {
            "time": 2234.23188,
            "slot": 9,
            "text": "end "
        },
        {
            "time": 2242.86128,
            "slot": 9,
            "text": "all report Od "
        },
        {
            "time": 2245.47008,
            "slot": 9,
            "text": "please"
        },
        {
            "time": 2249.61768,
            "slot": 7,
            "text": "PLEASEEEEEEEEEEEEEEEEEEEEEEE"
        },
        {
            "time": 2251.02238,
            "slot": 9,
            "text": "les puede tocar"
        },
        {
            "time": 2251.55748,
            "slot": 7,
            "text": "REPORTGEN"
        },
        {
            "time": 2252.36028,
            "slot": 7,
            "text": "ODDDD"
        },
        {
            "time": 2256.44078,
            "slot": 7,
            "text": "PLSSSS"
        },
        {
            "time": 2257.84568,
            "slot": 7,
            "text": "REPORTEN OD"
        },
        {
            "time": 2261.85928,
            "slot": 4,
            "text": "Ok"
        },
        {
            "time": 2262.12688,
            "slot": 7,
            "text": "AEUYAHGEUYHGAIUEYHEIUHAIUEHAIUEHE"
        },
        {
            "time": 2264.80268,
            "slot": 7,
            "text": "AEUIYAHGEIUAHEIAE"
        },
        {
            "time": 2358.78948,
            "slot": 7,
            "text": "REPORTEN"
        },
        {
            "time": 2359.45838,
            "slot": 7,
            "text": "OK"
        },
        {
            "time": 2360.93008,
            "slot": 7,
            "text": "ODD"
        },
        {
            "time": 2362.13418,
            "slot": 7,
            "text": "mmiimmimimimim"
        },
        {
            "time": 2538.10028,
            "slot": 3,
            "text": "ez"
        }
    ],
    "83": [
        {
            "time": 13.2301,
            "slot": 4,
            "text": "gg no0 tea"
        },
        {
            "time": 20.22839,
            "slot": 4,
            "text": "gg no team"
        },
        {
            "time": 391.80437,
            "slot": 0,
            "text": "GG"
        },
        {
            "time": 392.53751,
            "slot": 0,
            "text": "MID"
        },
        {
            "time": 397.86954,
            "slot": 7,
            "text": "ez mid"
        },
        {
            "time": 640.61027,
            "slot": 0,
            "text": "REPORT MID"
        },
        {
            "time": 818.83337,
            "slot": 4,
            "text": "ez mid"
        },
        {
            "time": 882.08467,
            "slot": 0,
            "text": "REPORTEN AL MID"
        },
        {
            "time": 935.87147,
            "slot": 0,
            "text": "REPORT "
        },
        {
            "time": 936.60467,
            "slot": 0,
            "text": "MID"
        },
        {
            "time": 937.33777,
            "slot": 0,
            "text": "PLS"
        },
        {
            "time": 1071.67167,
            "slot": 7,
            "text": "mid?"
        },
        {
            "time": 1084.46857,
            "slot": 0,
            "text": "REPORTEN A MI MID "
        },
        {
            "time": 1085.20167,
            "slot": 0,
            "text": "DE MRDA"
        },
        {
            "time": 1087.60107,
            "slot": 0,
            "text": "ES UN PUTO CIEGO "
        },
        {
            "time": 1358.20167,
            "slot": 0,
            "text": "LOL"
        },
        {
            "time": 1365.06667,
            "slot": 0,
            "text": "LE METI AL CREP"
        },
        {
            "time": 1366.86627,
            "slot": 0,
            "text": "EL ULTI JAJAJA"
        },
        {
            "time": 1374.19777,
            "slot": 0,
            "text": "REPORTEN"
        },
        {
            "time": 1375.66407,
            "slot": 0,
            "text": "AL INVOKER"
        },
        {
            "time": 1376.99707,
            "slot": 0,
            "text": "MIREN ESA"
        },
        {
            "time": 1377.73027,
            "slot": 0,
            "text": "MRDA"
        },
        {
            "time": 1485.77057,
            "slot": 4,
            "text": "ez my mid"
        },
        {
            "time": 1552.55427,
            "slot": 6,
            "text": "uta zeus"
        },
        {
            "time": 1685.99247,
            "slot": 7,
            "text": "lol"
        },
        {
            "time": 1691.34407,
            "slot": 0,
            "text": "REPORT MID"
        },
        {
            "time": 1692.07977,
            "slot": 0,
            "text": "PLS"
        },
        {
            "time": 1834.96657,
            "slot": 4,
            "text": "ez sniper's feeder"
        },
        {
            "time": 1839.31477,
            "slot": 4,
            "text": "report"
        },
        {
            "time": 1890.28837,
            "slot": 0,
            "text": "GG"
        },
        {
            "time": 1892.56277,
            "slot": 0,
            "text": "CON EL INDOKER"
        },
        {
            "time": 1894.23517,
            "slot": 0,
            "text": "DE MRDA"
        },
        {
            "time": 1904.00177,
            "slot": 4,
            "text": "report invokerr"
        },
        {
            "time": 1996.58377,
            "slot": 7,
            "text": "ez"
        },
        {
            "time": 1998.45677,
            "slot": 0,
            "text": "GG"
        },
        {
            "time": 2005.61457,
            "slot": 0,
            "text": "MIREN A INDOKER"
        },
        {
            "time": 2014.44457,
            "slot": 0,
            "text": "MUERETE"
        },
        {
            "time": 2015.98317,
            "slot": 0,
            "text": "MALDITA"
        },
        {
            "time": 2016.65217,
            "slot": 0,
            "text": "RATA"
        },
        {
            "time": 2027.82347,
            "slot": 0,
            "text": "TIENE"
        },
        {
            "time": 2038.52667,
            "slot": 0,
            "text": "384 de opm "
        },
        {
            "time": 2053.17657,
            "slot": 7,
            "text": "no gank bara"
        },
        {
            "time": 2060.26737,
            "slot": 7,
            "text": "ez gank "
        },
        {
            "time": 2062.07347,
            "slot": 7,
            "text": "ez mid"
        },
        {
            "time": 2067.29127,
            "slot": 4,
            "text": "Ez mid report"
        },
        {
            "time": 2070.70287,
            "slot": 4,
            "text": "only that"
        },
        {
            "time": 2080.53637,
            "slot": 7,
            "text": "ez"
        },
        {
            "time": 2088.56377,
            "slot": 7,
            "text": "lol"
        },
        {
            "time": 2092.04227,
            "slot": 1,
            "text": "ez mid "
        },
        {
            "time": 2097.79517,
            "slot": 4,
            "text": "report invokerr"
        },
        {
            "time": 2099.06617,
            "slot": 0,
            "text": "MALDITA"
        },
        {
            "time": 2099.73517,
            "slot": 0,
            "text": "RATA"
        },
        {
            "time": 2100.00277,
            "slot": 7,
            "text": "gg commend me"
        },
        {
            "time": 2100.40407,
            "slot": 4,
            "text": "please"
        },
        {
            "time": 2109.50177,
            "slot": 0,
            "text": "387 de opm y va mid con invoker "
        },
        {
            "time": 2111.24097,
            "slot": 0,
            "text": "EN MID"
        },
        {
            "time": 2118.13117,
            "slot": 7,
            "text": "xd"
        },
        {
            "time": 2119.80347,
            "slot": 7,
            "text": "xd"
        },
        {
            "time": 2137.66437,
            "slot": 0,
            "text": "Y CONCHA"
        },
        {
            "time": 2138.73477,
            "slot": 0,
            "text": "TU MADRE"
        },
        {
            "time": 2141.74487,
            "slot": 0,
            "text": "QUE CHUCHA HACIAS "
        },
        {
            "time": 2143.21657,
            "slot": 0,
            "text": "TU SALIR "
        },
        {
            "time": 2144.62137,
            "slot": 0,
            "text": "DE TU TORRE"
        },
        {
            "time": 2145.89237,
            "slot": 0,
            "text": "A MORIR "
        },
        {
            "time": 2147.29717,
            "slot": 0,
            "text": "RATA DE MRDA"
        },
        {
            "time": 2177.13207,
            "slot": 0,
            "text": "ACABEN"
        },
        {
            "time": 2190.84547,
            "slot": 4,
            "text": "}"
        },
        {
            "time": 2193.45437,
            "slot": 4,
            "text": "somen te"
        },
        {
            "time": 2203.02027,
            "slot": 7,
            "text": "lol"
        },
        {
            "time": 2223.48997,
            "slot": 0,
            "text": "GG"
        },
        {
            "time": 2227.63747,
            "slot": 0,
            "text": "REPORTEN AL MID DE MRDA"
        },
        {
            "time": 2229.30977,
            "slot": 0,
            "text": "QUE ME TOCO "
        },
        {
            "time": 2268.61037,
            "slot": 4,
            "text": "Ez"
        },
        {
            "time": 2271.68757,
            "slot": 7,
            "text": "VERY"
        },
        {
            "time": 2279.28007,
            "slot": 7,
            "text": "SPEC IN THE BAG!"
        }
    ],
    "84": [
        {
            "time": -279.107806,
            "slot": 4,
            "text": "luigi"
        },
        {
            "time": -269.674617,
            "slot": 4,
            "text": "stream sniper!"
        },
        {
            "time": 572.22698,
            "slot": 3,
            "text": "Wtf"
        },
        {
            "time": 1300.91568,
            "slot": 4,
            "text": "techies go kill yourself"
        },
        {
            "time": 1575.51528,
            "slot": 3,
            "text": "AHAH"
        },
        {
            "time": 1579.11438,
            "slot": 4,
            "text": "xaxa"
        },
        {
            "time": 1593.91078,
            "slot": 3,
            "text": "AHHA"
        },
        {
            "time": 1595.17718,
            "slot": 5,
            "text": "please i begging you "
        },
        {
            "time": 1595.51038,
            "slot": 4,
            "text": "ole"
        },
        {
            "time": 1600.44258,
            "slot": 5,
            "text": "report void "
        },
        {
            "time": 1851.13858,
            "slot": 3,
            "text": "aim me more"
        },
        {
            "time": 1853.47998,
            "slot": 0,
            "text": "GOD. "
        },
        {
            "time": 1857.89498,
            "slot": 0,
            "text": "techies makes the game boring"
        },
        {
            "time": 1860.83828,
            "slot": 0,
            "text": "For everyone but one."
        },
        {
            "time": 1861.97548,
            "slot": 0,
            "text": ":)"
        },
        {
            "time": 1866.18988,
            "slot": 4,
            "text": "+"
        },
        {
            "time": 2281.16998,
            "slot": 2,
            "text": "gg"
        },
        {
            "time": 2295.88698,
            "slot": 3,
            "text": "AHHA"
        },
        {
            "time": 2297.89368,
            "slot": 3,
            "text": "gg"
        },
        {
            "time": 2300.70328,
            "slot": 8,
            "text": "gg"
        },
        {
            "time": 2301.23848,
            "slot": 0,
            "text": "gg"
        },
        {
            "time": 2308.12858,
            "slot": 8,
            "text": "void "
        }
    ],
    "85": [
        {
            "time": 319.75528,
            "slot": 0,
            "text": "yo"
        },
        {
            "time": 323.82093,
            "slot": 0,
            "text": "where the fuck is snow"
        },
        {
            "time": 327.22013,
            "slot": 0,
            "text": "snowy terrain"
        },
        {
            "time": 910.74433,
            "slot": 4,
            "text": "happy new year _)"
        },
        {
            "time": 1042.77873,
            "slot": 6,
            "text": "rotated 2 players top"
        },
        {
            "time": 1045.57803,
            "slot": 6,
            "text": "and u got to b"
        },
        {
            "time": 1051.11003,
            "slot": 6,
            "text": "i won"
        },
        {
            "time": 1055.50893,
            "slot": 0,
            "text": "juked "
        },
        {
            "time": 1056.70863,
            "slot": 0,
            "text": "bby"
        },
        {
            "time": 1059.84123,
            "slot": 6,
            "text": "leaped"
        },
        {
            "time": 1065.17323,
            "slot": 0,
            "text": "nope"
        },
        {
            "time": 1068.10583,
            "slot": 0,
            "text": "u burned my mana"
        },
        {
            "time": 1068.23913,
            "slot": 1,
            "text": "Nah just other route"
        },
        {
            "time": 1072.03823,
            "slot": 6,
            "text": "i juked es"
        },
        {
            "time": 1077.57023,
            "slot": 0,
            "text": "good still"
        },
        {
            "time": 1080.63613,
            "slot": 0,
            "text": "funny situation"
        },
        {
            "time": 1081.70253,
            "slot": 6,
            "text": "gj man"
        },
        {
            "time": 1085.23503,
            "slot": 0,
            "text": "almost pooped myself xD"
        },
        {
            "time": 1087.90103,
            "slot": 0,
            "text": "when u burned mana"
        },
        {
            "time": 1371.79833,
            "slot": 0,
            "text": "kamil stoch to ciota i chuj Xd"
        },
        {
            "time": 1375.26423,
            "slot": 1,
            "text": "ggwp"
        },
        {
            "time": 1378.06353,
            "slot": 6,
            "text": "well"
        },
        {
            "time": 1379.72973,
            "slot": 7,
            "text": "close game"
        },
        {
            "time": 1387.79443,
            "slot": 8,
            "text": "sf is account buyer ;x"
        },
        {
            "time": 1388.32763,
            "slot": 6,
            "text": "i never seen some1 lose mid that hard with sf"
        },
        {
            "time": 1389.46073,
            "slot": 6,
            "text": "wp"
        },
        {
            "time": 1389.72733,
            "slot": 1,
            "text": "Why did you leave Jugger all by himself?"
        },
        {
            "time": 1395.59253,
            "slot": 0,
            "text": "no "
        },
        {
            "time": 1396.45903,
            "slot": 0,
            "text": "Xd"
        },
        {
            "time": 1400.12483,
            "slot": 0,
            "text": "on nic nie ma w 23 minuty"
        },
        {
            "time": 1400.45803,
            "slot": 8,
            "text": "twoja matka tak mowilas o tobie jak mi ciagnela druta"
        },
        {
            "time": 1401.92433,
            "slot": 3,
            "text": "was a pleasure 1v4 mid though"
        },
        {
            "time": 1405.39013,
            "slot": 0,
            "text": "a huskar mial 1/4"
        },
        {
            "time": 1407.18973,
            "slot": 0,
            "text": "xDDDDD"
        },
        {
            "time": 1409.05593,
            "slot": 3,
            "text": "worked out well"
        },
        {
            "time": 1409.45583,
            "slot": 0,
            "text": "nie sraj"
        },
        {
            "time": 1421.31963,
            "slot": 0,
            "text": "druzyna gierki Ci przegrywa"
        },
        {
            "time": 1424.25223,
            "slot": 0,
            "text": "a tak to bys mial 6k?"
        },
        {
            "time": 1424.98543,
            "slot": 0,
            "text": ":/"
        },
        {
            "time": 1424.98543,
            "slot": 6,
            "text": "when we lost top tower sf was lvl 7"
        },
        {
            "time": 1429.25103,
            "slot": 6,
            "text": "well wp"
        },
        {
            "time": 1489.16973,
            "slot": 2,
            "text": "gg"
        },
        {
            "time": 1492.16903,
            "slot": 7,
            "text": "gg"
        },
        {
            "time": 1494.56843,
            "slot": 4,
            "text": "GG"
        }
    ],
    "86": [
        {
            "time": 236.70889,
            "slot": 9,
            "text": "wtf"
        },
        {
            "time": 243.70718,
            "slot": 9,
            "text": "oh right"
        },
        {
            "time": 248.10611,
            "slot": 9,
            "text": "true sight is 100 longer"
        },
        {
            "time": 306.1586,
            "slot": 6,
            "text": "dude"
        },
        {
            "time": 307.35831,
            "slot": 6,
            "text": "i see u"
        },
        {
            "time": 520.37295,
            "slot": 9,
            "text": "nice duist"
        },
        {
            "time": 587.82315,
            "slot": 9,
            "text": "nice dust"
        },
        {
            "time": 1886.43505,
            "slot": 7,
            "text": "?"
        },
        {
            "time": 1950.92145,
            "slot": 6,
            "text": "gg"
        },
        {
            "time": 2127.99125,
            "slot": 1,
            "text": "!"
        },
        {
            "time": 2153.37775,
            "slot": 6,
            "text": "gg"
        },
        {
            "time": 2153.57835,
            "slot": 5,
            "text": "gg wp"
        }
    ],
    "87": [
        {
            "time": 488.41685,
            "slot": 3,
            "text": "??"
        },
        {
            "time": 497.74791,
            "slot": 3,
            "text": "suicidio grupal"
        },
        {
            "time": 512.34435,
            "slot": 3,
            "text": "xD"
        },
        {
            "time": 532.20615,
            "slot": 7,
            "text": "gg"
        },
        {
            "time": 542.20375,
            "slot": 7,
            "text": "acaben mid"
        },
        {
            "time": 550.73495,
            "slot": 7,
            "text": "no la  alarguen"
        },
        {
            "time": 581.1942,
            "slot": 3,
            "text": "=z"
        },
        {
            "time": 587.52599,
            "slot": 3,
            "text": "report tiny"
        },
        {
            "time": 594.79088,
            "slot": 3,
            "text": "pick de vcs nao faz sentido algum"
        },
        {
            "time": 621.85095,
            "slot": 0,
            "text": "ez meeepo"
        },
        {
            "time": 628.51595,
            "slot": 8,
            "text": "very6 ez meepo"
        },
        {
            "time": 642.51255,
            "slot": 3,
            "text": "coitado"
        },
        {
            "time": 644.31215,
            "slot": 3,
            "text": "ele solo eu"
        },
        {
            "time": 644.37875,
            "slot": 6,
            "text": "o cara de sniper querendo falar alguma coisa"
        },
        {
            "time": 646.51158,
            "slot": 3,
            "text": "ai e hard"
        },
        {
            "time": 647.51135,
            "slot": 6,
            "text": "melhor ficar quietinho"
        },
        {
            "time": 794.87535,
            "slot": 3,
            "text": "=z"
        },
        {
            "time": 803.20665,
            "slot": 3,
            "text": "dk e roubado d+"
        },
        {
            "time": 807.07235,
            "slot": 3,
            "text": "nem da graca"
        }
    ],
    "88": [
        {
            "time": 1596.9434,
            "slot": 5,
            "text": "hm"
        },
        {
            "time": 2019.2449,
            "slot": 6,
            "text": "Rekt"
        },
        {
            "time": 2019.2449,
            "slot": 9,
            "text": "gg"
        },
        {
            "time": 2028.7439,
            "slot": 6,
            "text": "Big nigga tree hrs"
        }
    ],
    "89": [
        {
            "time": 41.88977,
            "slot": 4,
            "text": "wtf"
        },
        {
            "time": 43.82262,
            "slot": 4,
            "text": "why"
        },
        {
            "time": 1770.50382,
            "slot": 8,
            "text": "Gege"
        },
        {
            "time": 1776.39042,
            "slot": 8,
            "text": "lets go pats"
        },
        {
            "time": 1778.12982,
            "slot": 1,
            "text": "gggg"
        }
    ],
    "90": [
        {
            "time": 2275.4693,
            "slot": 6,
            "text": ")"
        }
    ]
}