{
    "119": [
        {
            "time": 621.3483,
            "slot": 9,
            "text": "ghhaha"
        },
        {
            "time": 1362.70063,
            "slot": 3,
            "text": "my fucking tide"
        },
        {
            "time": 1364.16693,
            "slot": 3,
            "text": "running"
        },
        {
            "time": 1365.96643,
            "slot": 3,
            "text": "he not"
        },
        {
            "time": 1368.76573,
            "slot": 3,
            "text": "even hitting"
        },
        {
            "time": 1370.69863,
            "slot": 3,
            "text": "fucker"
        },
        {
            "time": 1372.69813,
            "slot": 3,
            "text": "why"
        },
        {
            "time": 1374.16443,
            "slot": 3,
            "text": "5k"
        },
        {
            "time": 1375.56413,
            "slot": 3,
            "text": "all suck"
        },
        {
            "time": 1383.22893,
            "slot": 5,
            "text": "same like u"
        },
        {
            "time": 1578.31463,
            "slot": 5,
            "text": "end"
        },
        {
            "time": 1671.02533,
            "slot": 9,
            "text": "gg"
        },
        {
            "time": 1900.80073,
            "slot": 9,
            "text": "str8 end i wont def"
        },
        {
            "time": 1919.19673,
            "slot": 5,
            "text": "lul"
        },
        {
            "time": 1960.13613,
            "slot": 8,
            "text": ")"
        },
        {
            "time": 1965.62143,
            "slot": 8,
            "text": "can we guys"
        },
        {
            "time": 1966.95943,
            "slot": 8,
            "text": "together"
        },
        {
            "time": 1969.90273,
            "slot": 8,
            "text": "report our midder"
        },
        {
            "time": 1970.70543,
            "slot": 8,
            "text": "thx"
        },
        {
            "time": 1972.24403,
            "slot": 9,
            "text": "rofl"
        },
        {
            "time": 1975.12043,
            "slot": 5,
            "text": "sure"
        },
        {
            "time": 1976.05703,
            "slot": 9,
            "text": "they blame me"
        },
        {
            "time": 1977.12743,
            "slot": 9,
            "text": "HAHA"
        },
        {
            "time": 1979.73623,
            "slot": 5,
            "text": "Read he name"
        },
        {
            "time": 1982.01063,
            "slot": 9,
            "text": "typical sea"
        },
        {
            "time": 1982.94713,
            "slot": 8,
            "text": "hes hero"
        },
        {
            "time": 1984.55263,
            "slot": 8,
            "text": "can solo"
        },
        {
            "time": 1986.96083,
            "slot": 8,
            "text": "win this game"
        },
        {
            "time": 1992.24543,
            "slot": 5,
            "text": "just nothing"
        },
        {
            "time": 1992.31243,
            "slot": 8,
            "text": "but he braindead"
        },
        {
            "time": 1993.44963,
            "slot": 5,
            "text": "lul"
        },
        {
            "time": 2004.88863,
            "slot": 9,
            "text": "he braindead?"
        },
        {
            "time": 2009.37043,
            "slot": 9,
            "text": "rip english"
        },
        {
            "time": 2010.17323,
            "slot": 5,
            "text": "3-8 and 6-9"
        },
        {
            "time": 2037.60003,
            "slot": 6,
            "text": "report"
        },
        {
            "time": 2039.53993,
            "slot": 6,
            "text": "viper"
        },
        {
            "time": 2040.14203,
            "slot": 6,
            "text": "Ty"
        },
        {
            "time": 2050.34343,
            "slot": 0,
            "text": "hehe"
        }
    ],
    "120": [
        {
            "time": 1586.47924,
            "slot": 5,
            "text": "No desire to play"
        },
        {
            "time": 1589.61184,
            "slot": 5,
            "text": "go end"
        },
        {
            "time": 2256.48184,
            "slot": 6,
            "text": "gg"
        },
        {
            "time": 2318.82754,
            "slot": 8,
            "text": "ggwp"
        }
    ],
    "121": [
        {
            "time": -70.34948,
            "slot": 8,
            "text": "ayna"
        },
        {
            "time": -65.55066,
            "slot": 8,
            "text": "ndevovo"
        },
        {
            "time": -60.75183,
            "slot": 2,
            "text": "ayna .?"
        },
        {
            "time": -52.42053,
            "slot": 9,
            "text": "nde vovooo"
        },
        {
            "time": -49.02136,
            "slot": 8,
            "text": "perdon kp, no termine el tercer grado"
        },
        {
            "time": -44.95568,
            "slot": 2,
            "text": "vovovovovo?"
        },
        {
            "time": -29.09288,
            "slot": 9,
            "text": "por lo menos fuiste a la escuela"
        },
        {
            "time": -22.96106,
            "slot": 2,
            "text": "jaja"
        },
        {
            "time": -6.09851,
            "slot": 1,
            "text": "TOMA TU LIKE POR EL POTO "
        },
        {
            "time": 710.95972,
            "slot": 2,
            "text": "ember ember"
        },
        {
            "time": 719.09112,
            "slot": 2,
            "text": "focus  ya veras"
        },
        {
            "time": 731.82132,
            "slot": 5,
            "text": "oka"
        },
        {
            "time": 761.54742,
            "slot": 2,
            "text": "te dije rmd"
        },
        {
            "time": 768.61232,
            "slot": 5,
            "text": "oka"
        },
        {
            "time": 930.17292,
            "slot": 6,
            "text": "izi necro"
        },
        {
            "time": 941.63672,
            "slot": 2,
            "text": "ok"
        },
        {
            "time": 1355.33572,
            "slot": 2,
            "text": "perras"
        },
        {
            "time": 2207.81942,
            "slot": 4,
            "text": "gg "
        },
        {
            "time": 2209.89322,
            "slot": 4,
            "text": "comend me"
        },
        {
            "time": 2214.17442,
            "slot": 2,
            "text": "commed"
        }
    ],
    "122": [
        {
            "time": 2004.1883,
            "slot": 8,
            "text": "?"
        },
        {
            "time": 2087.2044,
            "slot": 8,
            "text": "66"
        },
        {
            "time": 2108.9451,
            "slot": 8,
            "text": "md"
        }
    ],
    "123": [
        {
            "time": 246.3732,
            "slot": 1,
            "text": "haha"
        },
        {
            "time": 248.57267,
            "slot": 9,
            "text": "HAHA"
        },
        {
            "time": 249.7724,
            "slot": 1,
            "text": "LOL"
        },
        {
            "time": 250.8388,
            "slot": 5,
            "text": "hahah "
        },
        {
            "time": 351.58085,
            "slot": 1,
            "text": "HAHA"
        },
        {
            "time": 584.35734,
            "slot": 5,
            "text": "ezz"
        },
        {
            "time": 587.55655,
            "slot": 9,
            "text": "HAHA"
        },
        {
            "time": 645.0758,
            "slot": 0,
            "text": "nice hook"
        },
        {
            "time": 653.5404,
            "slot": 5,
            "text": "lol "
        },
        {
            "time": 670.1364,
            "slot": 5,
            "text": "nc blink "
        },
        {
            "time": 679.8007,
            "slot": 9,
            "text": "lol"
        },
        {
            "time": 697.2631,
            "slot": 5,
            "text": "hahaha "
        },
        {
            "time": 849.8592,
            "slot": 1,
            "text": "???"
        },
        {
            "time": 856.7908,
            "slot": 9,
            "text": "?"
        },
        {
            "time": 861.3897,
            "slot": 1,
            "text": "?????????"
        },
        {
            "time": 950.8345,
            "slot": 1,
            "text": "?"
        },
        {
            "time": 952.6341,
            "slot": 1,
            "text": "fat boi"
        },
        {
            "time": 988.6919,
            "slot": 1,
            "text": "haha"
        },
        {
            "time": 990.2915,
            "slot": 1,
            "text": "nice deny"
        },
        {
            "time": 995.4236,
            "slot": 9,
            "text": "fuck u man"
        },
        {
            "time": 1173.9134,
            "slot": 3,
            "text": "LOL"
        },
        {
            "time": 1175.0464,
            "slot": 9,
            "text": "wew"
        },
        {
            "time": 1345.7381,
            "slot": 5,
            "text": "ezz"
        },
        {
            "time": 1380.1297,
            "slot": 1,
            "text": "?"
        },
        {
            "time": 1383.7288,
            "slot": 4,
            "text": "?"
        },
        {
            "time": 1384.9951,
            "slot": 1,
            "text": "worth?"
        },
        {
            "time": 1432.2503,
            "slot": 3,
            "text": "?"
        },
        {
            "time": 1433.6499,
            "slot": 1,
            "text": "?"
        },
        {
            "time": 1434.4497,
            "slot": 9,
            "text": "??"
        },
        {
            "time": 1435.1162,
            "slot": 1,
            "text": "worth?"
        },
        {
            "time": 1437.5157,
            "slot": 4,
            "text": "?"
        },
        {
            "time": 1440.2483,
            "slot": 0,
            "text": "EASY PUDGE"
        },
        {
            "time": 1440.3816,
            "slot": 6,
            "text": "just shut up"
        },
        {
            "time": 1442.1145,
            "slot": 9,
            "text": "?"
        },
        {
            "time": 1442.9143,
            "slot": 0,
            "text": "EASYY"
        },
        {
            "time": 1443.9141,
            "slot": 1,
            "text": "easy"
        },
        {
            "time": 1444.4473,
            "slot": 5,
            "text": "hahaha "
        },
        {
            "time": 1447.18,
            "slot": 1,
            "text": "noob jugg"
        },
        {
            "time": 1450.1126,
            "slot": 6,
            "text": "?"
        },
        {
            "time": 1451.7122,
            "slot": 1,
            "text": "1/8?"
        },
        {
            "time": 1453.6451,
            "slot": 1,
            "text": "tsk"
        },
        {
            "time": 1454.1783,
            "slot": 6,
            "text": "?"
        },
        {
            "time": 1456.1778,
            "slot": 6,
            "text": "?"
        },
        {
            "time": 1457.2442,
            "slot": 6,
            "text": "?"
        },
        {
            "time": 1460.3101,
            "slot": 1,
            "text": "getting destroyed by herald axe"
        },
        {
            "time": 1466.3753,
            "slot": 6,
            "text": "?"
        },
        {
            "time": 1467.1751,
            "slot": 5,
            "text": "ezz"
        },
        {
            "time": 1472.5738,
            "slot": 5,
            "text": "die "
        },
        {
            "time": 1479.3721,
            "slot": 4,
            "text": "?"
        },
        {
            "time": 1481.3716,
            "slot": 5,
            "text": "ezz"
        },
        {
            "time": 1482.3047,
            "slot": 2,
            "text": "worth?"
        },
        {
            "time": 1482.3047,
            "slot": 5,
            "text": "wtf "
        },
        {
            "time": 1487.7367,
            "slot": 4,
            "text": "worth?"
        },
        {
            "time": 1487.9367,
            "slot": 6,
            "text": "fucking guardian"
        },
        {
            "time": 1491.1359,
            "slot": 0,
            "text": "haha"
        },
        {
            "time": 1495.8681,
            "slot": 4,
            "text": "losing to herald bro"
        },
        {
            "time": 1496.3346,
            "slot": 0,
            "text": "then what r u jug"
        },
        {
            "time": 1500.9335,
            "slot": 5,
            "text": "hahah "
        },
        {
            "time": 1508.7983,
            "slot": 0,
            "text": "herald 1 jug"
        },
        {
            "time": 1513.1972,
            "slot": 1,
            "text": "haha"
        },
        {
            "time": 1515.2633,
            "slot": 6,
            "text": "?"
        },
        {
            "time": 1531.526,
            "slot": 1,
            "text": "???"
        },
        {
            "time": 1551.9877,
            "slot": 9,
            "text": "?"
        },
        {
            "time": 1557.3197,
            "slot": 9,
            "text": "sad kunnka"
        },
        {
            "time": 1562.7851,
            "slot": 6,
            "text": "?"
        },
        {
            "time": 1564.3847,
            "slot": 1,
            "text": "say that when u win"
        },
        {
            "time": 1565.2511,
            "slot": 1,
            "text": "lol"
        },
        {
            "time": 1577.0483,
            "slot": 6,
            "text": "just wait bitch"
        },
        {
            "time": 1579.4477,
            "slot": 1,
            "text": "ok"
        },
        {
            "time": 1583.0468,
            "slot": 0,
            "text": "lets go late game"
        },
        {
            "time": 1583.5133,
            "slot": 1,
            "text": "i shall wait"
        },
        {
            "time": 1655.8571,
            "slot": 9,
            "text": "wew"
        },
        {
            "time": 1658.5331,
            "slot": 0,
            "text": "?"
        },
        {
            "time": 1661.8777,
            "slot": 0,
            "text": "why blink in to fee"
        },
        {
            "time": 1664.1521,
            "slot": 9,
            "text": "?"
        },
        {
            "time": 1664.1521,
            "slot": 0,
            "text": "Feed"
        },
        {
            "time": 1734.9601,
            "slot": 1,
            "text": "xd"
        },
        {
            "time": 1738.1041,
            "slot": 1,
            "text": "jugg?"
        },
        {
            "time": 1747.8037,
            "slot": 0,
            "text": "jugg so scary"
        },
        {
            "time": 1757.0351,
            "slot": 5,
            "text": "trash talk pa guys"
        },
        {
            "time": 1769.3438,
            "slot": 0,
            "text": "u started it pudge"
        },
        {
            "time": 1779.5786,
            "slot": 1,
            "text": "haha"
        },
        {
            "time": 1828.0771,
            "slot": 9,
            "text": "GG"
        },
        {
            "time": 1829.2144,
            "slot": 7,
            "text": "end"
        },
        {
            "time": 1844.7339,
            "slot": 9,
            "text": "EZ"
        },
        {
            "time": 1854.7681,
            "slot": 3,
            "text": "you got 1877 gold"
        },
        {
            "time": 1855.7046,
            "slot": 9,
            "text": "eZ"
        },
        {
            "time": 1856.5074,
            "slot": 9,
            "text": "?"
        },
        {
            "time": 1858.5141,
            "slot": 1,
            "text": "lol"
        },
        {
            "time": 1859.7183,
            "slot": 0,
            "text": "???"
        },
        {
            "time": 1860.4541,
            "slot": 1,
            "text": "ez jugg"
        },
        {
            "time": 1861.3238,
            "slot": 1,
            "text": "haha"
        },
        {
            "time": 1864.0664,
            "slot": 6,
            "text": "?"
        },
        {
            "time": 1864.1333,
            "slot": 0,
            "text": "jugg"
        },
        {
            "time": 1866.4078,
            "slot": 0,
            "text": "where u"
        },
        {
            "time": 1866.5415,
            "slot": 6,
            "text": "ez?"
        },
        {
            "time": 1869.4181,
            "slot": 0,
            "text": "i save my ulti for u"
        },
        {
            "time": 1874.2344,
            "slot": 5,
            "text": "trash talk pa kunnka "
        },
        {
            "time": 1875.3716,
            "slot": 6,
            "text": "really"
        },
        {
            "time": 1877.1109,
            "slot": 5,
            "text": "eh ang bobo mo naman "
        },
        {
            "time": 1878.1811,
            "slot": 5,
            "text": "hahaha "
        },
        {
            "time": 1878.5157,
            "slot": 0,
            "text": "ya"
        },
        {
            "time": 1879.3853,
            "slot": 5,
            "text": "tae ka "
        },
        {
            "time": 1880.7231,
            "slot": 6,
            "text": "lets see"
        },
        {
            "time": 1886.3423,
            "slot": 4,
            "text": "trash talk pa"
        },
        {
            "time": 1886.4761,
            "slot": 5,
            "text": "ako pa sayu kunkka quit kana bata "
        },
        {
            "time": 1889.8208,
            "slot": 5,
            "text": "shet you "
        },
        {
            "time": 1890.8911,
            "slot": 5,
            "text": "hahah "
        },
        {
            "time": 1891.1587,
            "slot": 0,
            "text": "i dont speak poor"
        },
        {
            "time": 1904.1363,
            "slot": 5,
            "text": "lol "
        },
        {
            "time": 1905.2735,
            "slot": 5,
            "text": "hahaha "
        },
        {
            "time": 1907.7486,
            "slot": 5,
            "text": "buyer am "
        },
        {
            "time": 1909.2203,
            "slot": 5,
            "text": "fuck you "
        },
        {
            "time": 1913.7691,
            "slot": 0,
            "text": "??"
        },
        {
            "time": 1919.7896,
            "slot": 5,
            "text": "dont know how to play your hero am "
        },
        {
            "time": 1927.0141,
            "slot": 5,
            "text": "because your a buyer you shet hahaha "
        },
        {
            "time": 1929.0879,
            "slot": 5,
            "text": "go away "
        },
        {
            "time": 1930.0913,
            "slot": 0,
            "text": "what happened to your mid?"
        },
        {
            "time": 1933.3691,
            "slot": 0,
            "text": "why make am so fat"
        },
        {
            "time": 1933.3691,
            "slot": 5,
            "text": "hahah "
        },
        {
            "time": 1937.9181,
            "slot": 0,
            "text": "indog are poor"
        },
        {
            "time": 1940.2593,
            "slot": 0,
            "text": "do u need money"
        },
        {
            "time": 1946.1461,
            "slot": 0,
            "text": "im in singapore"
        },
        {
            "time": 1949.6914,
            "slot": 0,
            "text": "come suck my dick"
        },
        {
            "time": 1951.7651,
            "slot": 0,
            "text": "i pay u"
        },
        {
            "time": 1959.3243,
            "slot": 1,
            "text": "?"
        },
        {
            "time": 1961.6656,
            "slot": 9,
            "text": "??"
        },
        {
            "time": 1964.8096,
            "slot": 9,
            "text": "GAY"
        },
        {
            "time": 1965.8131,
            "slot": 9,
            "text": "RUN"
        },
        {
            "time": 1970.7631,
            "slot": 9,
            "text": "why run?"
        },
        {
            "time": 1974.409,
            "slot": 5,
            "text": "runner buyer "
        },
        {
            "time": 1975.1448,
            "slot": 1,
            "text": "cuz i scared"
        },
        {
            "time": 1976.5496,
            "slot": 0,
            "text": "u run from me slardar"
        },
        {
            "time": 1981.7005,
            "slot": 0,
            "text": "?"
        },
        {
            "time": 1983.2391,
            "slot": 0,
            "text": ">.<"
        },
        {
            "time": 2025.3157,
            "slot": 0,
            "text": "?"
        },
        {
            "time": 2029.3963,
            "slot": 4,
            "text": "?"
        },
        {
            "time": 2029.6639,
            "slot": 0,
            "text": "buye"
        },
        {
            "time": 2034.0789,
            "slot": 5,
            "text": "fuck you buyer "
        },
        {
            "time": 2034.7478,
            "slot": 1,
            "text": "ez"
        },
        {
            "time": 2035.1491,
            "slot": 5,
            "text": "hahah "
        },
        {
            "time": 2036.9554,
            "slot": 1,
            "text": "jugg"
        },
        {
            "time": 2041.3035,
            "slot": 0,
            "text": "buyer just shit on u dude"
        },
        {
            "time": 2044.5813,
            "slot": 5,
            "text": "hahaha "
        },
        {
            "time": 2047.993,
            "slot": 5,
            "text": "buyer be like "
        },
        {
            "time": 2049.0633,
            "slot": 5,
            "text": "hahaha "
        },
        {
            "time": 2050.2005,
            "slot": 5,
            "text": "buyr "
        },
        {
            "time": 2050.4681,
            "slot": 4,
            "text": "pls quit alr"
        },
        {
            "time": 2051.4715,
            "slot": 5,
            "text": "buyer "
        },
        {
            "time": 2052.4749,
            "slot": 5,
            "text": "wtf "
        },
        {
            "time": 2053.6791,
            "slot": 5,
            "text": "buyer "
        },
        {
            "time": 2054.6824,
            "slot": 5,
            "text": "buyer "
        },
        {
            "time": 2055.8196,
            "slot": 5,
            "text": "buyer "
        },
        {
            "time": 2055.8196,
            "slot": 9,
            "text": "EN D"
        },
        {
            "time": 2057.0906,
            "slot": 1,
            "text": "jugg?"
        },
        {
            "time": 2058.6961,
            "slot": 4,
            "text": "at least got money to buy"
        },
        {
            "time": 2059.4319,
            "slot": 0,
            "text": "i rich what"
        },
        {
            "time": 2059.6995,
            "slot": 1,
            "text": "ez"
        },
        {
            "time": 2061.8401,
            "slot": 0,
            "text": "how bout u"
        },
        {
            "time": 2062.3084,
            "slot": 4,
            "text": "so stfu"
        },
        {
            "time": 2064.3151,
            "slot": 5,
            "text": "hahah "
        },
        {
            "time": 2064.7835,
            "slot": 0,
            "text": "are u rich"
        },
        {
            "time": 2065.3186,
            "slot": 1,
            "text": "ez jugg"
        },
        {
            "time": 2065.5861,
            "slot": 5,
            "text": "buyer "
        },
        {
            "time": 2066.6565,
            "slot": 5,
            "text": "buyer "
        },
        {
            "time": 2067.6599,
            "slot": 5,
            "text": "hahaha "
        },
        {
            "time": 2069.1316,
            "slot": 5,
            "text": "wtf noob "
        },
        {
            "time": 2070.2019,
            "slot": 5,
            "text": "buyer "
        },
        {
            "time": 2075.7541,
            "slot": 5,
            "text": "trash talk "
        },
        {
            "time": 2077.9617,
            "slot": 5,
            "text": "buyer"
        },
        {
            "time": 2078.9651,
            "slot": 5,
            "text": "hahah "
        },
        {
            "time": 2079.9016,
            "slot": 5,
            "text": "buyer "
        },
        {
            "time": 2081.4401,
            "slot": 0,
            "text": "???"
        },
        {
            "time": 2082.8451,
            "slot": 0,
            "text": "jhahaa"
        },
        {
            "time": 2085.4204,
            "slot": 0,
            "text": "u calling me rich"
        },
        {
            "time": 2089.0996,
            "slot": 0,
            "text": "thanks poor fagot"
        },
        {
            "time": 2090.5044,
            "slot": 5,
            "text": "buyer "
        },
        {
            "time": 2095.6553,
            "slot": 5,
            "text": "noob "
        },
        {
            "time": 2104.0171,
            "slot": 0,
            "text": "noob?"
        },
        {
            "time": 2105.8233,
            "slot": 0,
            "text": "kill me"
        },
        {
            "time": 2107.2281,
            "slot": 0,
            "text": "daddy"
        },
        {
            "time": 2108.9004,
            "slot": 5,
            "text": "come "
        },
        {
            "time": 2112.1783,
            "slot": 0,
            "text": "i came alr"
        },
        {
            "time": 2124.42,
            "slot": 1,
            "text": "jugg"
        },
        {
            "time": 2124.5537,
            "slot": 5,
            "text": "dagg "
        },
        {
            "time": 2125.8916,
            "slot": 1,
            "text": "omni me"
        },
        {
            "time": 2166.5635,
            "slot": 1,
            "text": "?"
        },
        {
            "time": 2174.1895,
            "slot": 0,
            "text": "creeps died"
        },
        {
            "time": 2181.9493,
            "slot": 1,
            "text": "haha"
        },
        {
            "time": 2185.6285,
            "slot": 1,
            "text": "ez"
        },
        {
            "time": 2198.9405,
            "slot": 5,
            "text": "hahaha "
        },
        {
            "time": 2201.6162,
            "slot": 5,
            "text": "buyer "
        },
        {
            "time": 2203.5561,
            "slot": 5,
            "text": "kill me hahah "
        },
        {
            "time": 2206.0981,
            "slot": 3,
            "text": "gg"
        },
        {
            "time": 2206.2989,
            "slot": 4,
            "text": "gege"
        },
        {
            "time": 2206.5999,
            "slot": 5,
            "text": "hahaha "
        },
        {
            "time": 2210.8811,
            "slot": 0,
            "text": "radian victory"
        },
        {
            "time": 2210.9481,
            "slot": 5,
            "text": "its not ezz"
        },
        {
            "time": 2213.5569,
            "slot": 5,
            "text": "36 min ez?"
        },
        {
            "time": 2215.6975,
            "slot": 5,
            "text": "lol"
        }
    ],
    "124": [
        {
            "time": 532.30338,
            "slot": 9,
            "text": "LOL"
        },
        {
            "time": 891.74893,
            "slot": 0,
            "text": "gt"
        },
        {
            "time": 928.40663,
            "slot": 9,
            "text": "get off my dick pudge"
        },
        {
            "time": 940.20373,
            "slot": 2,
            "text": "i like big dick "
        },
        {
            "time": 951.60103,
            "slot": 9,
            "text": "u lost 2 towers 2 kill me"
        },
        {
            "time": 954.80023,
            "slot": 9,
            "text": "morons"
        },
        {
            "time": 1490.06953,
            "slot": 9,
            "text": "great tp sniper"
        },
        {
            "time": 1960.02713,
            "slot": 4,
            "text": "gg"
        },
        {
            "time": 1963.57253,
            "slot": 4,
            "text": "nic am"
        },
        {
            "time": 2033.87873,
            "slot": 1,
            "text": "Gg"
        },
        {
            "time": 2034.88213,
            "slot": 7,
            "text": "GGWP"
        },
        {
            "time": 2036.48763,
            "slot": 9,
            "text": "rough game"
        }
    ],
    "125": [
        {
            "time": 1453.09791,
            "slot": 0,
            "text": "takbo tinker"
        },
        {
            "time": 2083.18591,
            "slot": 1,
            "text": "gg"
        },
        {
            "time": 2085.52731,
            "slot": 1,
            "text": "RIP"
        },
        {
            "time": 3091.45371,
            "slot": 9,
            "text": "hahahha"
        },
        {
            "time": 3095.06601,
            "slot": 9,
            "text": "scare"
        }
    ],
    "126": [
        {
            "time": -80.04712,
            "slot": 9,
            "text": "GLHF"
        },
        {
            "time": -71.04932,
            "slot": 8,
            "text": "GLHF!"
        },
        {
            "time": 769.0456,
            "slot": 9,
            "text": "?"
        },
        {
            "time": 2940.5857,
            "slot": 7,
            "text": "niet"
        },
        {
            "time": 3432.4947,
            "slot": 9,
            "text": "Cooldown?"
        },
        {
            "time": 3506.1455,
            "slot": 1,
            "text": "ggwp gl next"
        },
        {
            "time": 3507.8848,
            "slot": 8,
            "text": "GGWP"
        },
        {
            "time": 3514.1394,
            "slot": 4,
            "text": "gg"
        }
    ],
    "127": [
        {
            "time": -35.60078,
            "slot": 2,
            "text": "of"
        },
        {
            "time": 2430.24634,
            "slot": 9,
            "text": "GG"
        },
        {
            "time": 3780.01084,
            "slot": 9,
            "text": "GG"
        },
        {
            "time": 4081.82864,
            "slot": 9,
            "text": ")"
        },
        {
            "time": 4511.84234,
            "slot": 9,
            "text": "GG"
        }
    ],
    "128": [
        {
            "time": 466.85269,
            "slot": 2,
            "text": "o_O"
        },
        {
            "time": 467.9191,
            "slot": 7,
            "text": "AHSDUH#@$UJMSD"
        },
        {
            "time": 2624.04286,
            "slot": 7,
            "text": "wt"
        },
        {
            "time": 2827.93746,
            "slot": 9,
            "text": "gg"
        }
    ],
    "129": [
        {
            "time": 130.63479,
            "slot": 6,
            "text": "1 min"
        },
        {
            "time": 132.50103,
            "slot": 6,
            "text": "g"
        }
    ],
    "130": [
        {
            "time": -272.25878,
            "slot": 7,
            "text": "?"
        }
    ],
    "131": [
        {
            "time": 1364.26683,
            "slot": 6,
            "text": "gg ffs"
        },
        {
            "time": 1365.13333,
            "slot": 5,
            "text": "ff no def"
        },
        {
            "time": 1372.39823,
            "slot": 4,
            "text": "ok"
        },
        {
            "time": 2075.38533,
            "slot": 5,
            "text": "pls ff"
        },
        {
            "time": 2079.19823,
            "slot": 5,
            "text": "dont back"
        },
        {
            "time": 2091.30623,
            "slot": 9,
            "text": "gg wp"
        }
    ],
    "132": [
        {
            "time": -33.15858,
            "slot": 1,
            "text": "is there a point to these predictions"
        },
        {
            "time": -23.36097,
            "slot": 1,
            "text": "other than showing off ur winning streak"
        },
        {
            "time": -18.3622,
            "slot": 6,
            "text": "^"
        },
        {
            "time": -18.3622,
            "slot": 7,
            "text": "nope"
        },
        {
            "time": -16.49598,
            "slot": 6,
            "text": "pay to win"
        },
        {
            "time": 0.96642,
            "slot": 2,
            "text": "thats all it otok?"
        },
        {
            "time": 15.3629,
            "slot": 2,
            "text": "one curse and you boys run?"
        },
        {
            "time": 452.1896,
            "slot": 2,
            "text": "i dont need 3 people"
        },
        {
            "time": 456.5885,
            "slot": 9,
            "text": "?"
        },
        {
            "time": 1524.5944,
            "slot": 3,
            "text": "gg"
        },
        {
            "time": 1526.4606,
            "slot": 4,
            "text": "gg"
        },
        {
            "time": 1536.9247,
            "slot": 7,
            "text": "gg wp"
        },
        {
            "time": 1541.7235,
            "slot": 6,
            "text": "GEGE"
        },
        {
            "time": 1543.2565,
            "slot": 0,
            "text": "commend"
        },
        {
            "time": 1543.6564,
            "slot": 2,
            "text": "maybe gank luna next time"
        },
        {
            "time": 1554.8537,
            "slot": 0,
            "text": "gank more cm"
        },
        {
            "time": 1731.4485,
            "slot": 0,
            "text": "gg wp comend"
        },
        {
            "time": 1743.7905,
            "slot": 3,
            "text": "gg"
        }
    ],
    "133": [
        {
            "time": 245.3734,
            "slot": 6,
            "text": "lol"
        },
        {
            "time": 275.0328,
            "slot": 0,
            "text": "lol"
        },
        {
            "time": 412.86583,
            "slot": 1,
            "text": "4"
        },
        {
            "time": 419.3309,
            "slot": 5,
            "text": "that's how we roll"
        },
        {
            "time": 894.4816,
            "slot": 1,
            "text": "haha"
        },
        {
            "time": 895.7479,
            "slot": 5,
            "text": "kamehameha"
        },
        {
            "time": 1092.4999,
            "slot": 1,
            "text": "k"
        },
        {
            "time": 1738.5345,
            "slot": 5,
            "text": "gg"
        },
        {
            "time": 2496.9514,
            "slot": 5,
            "text": "ggwp"
        },
        {
            "time": 2497.2858,
            "slot": 1,
            "text": "ggwp"
        },
        {
            "time": 2507.4872,
            "slot": 5,
            "text": "ggwp"
        }
    ],
    "134": [
        {
            "time": 987.15896,
            "slot": 9,
            "text": "FFS"
        },
        {
            "time": 1380.06306,
            "slot": 9,
            "text": "ROSH?"
        },
        {
            "time": 1381.12946,
            "slot": 9,
            "text": "ffs"
        },
        {
            "time": 1383.79546,
            "slot": 9,
            "text": "afk"
        },
        {
            "time": 1528.02686,
            "slot": 0,
            "text": "ez"
        },
        {
            "time": 1533.62556,
            "slot": 9,
            "text": "ez"
        }
    ],
    "135": [
        {
            "time": 1124.75067,
            "slot": 4,
            "text": ":))"
        },
        {
            "time": 1387.81977,
            "slot": 4,
            "text": ":)) "
        },
        {
            "time": 2574.15047,
            "slot": 2,
            "text": "gg wp"
        },
        {
            "time": 2630.84357,
            "slot": 9,
            "text": "axaxax"
        }
    ],
    "136": [
        {
            "time": 606.91848,
            "slot": 6,
            "text": "gj"
        },
        {
            "time": 1792.63355,
            "slot": 7,
            "text": "gg"
        },
        {
            "time": 1794.77415,
            "slot": 3,
            "text": "gg"
        },
        {
            "time": 1857.95605,
            "slot": 0,
            "text": "GE GE"
        },
        {
            "time": 1858.42435,
            "slot": 1,
            "text": "gg"
        }
    ],
    "137": [
        {
            "time": -87.67858,
            "slot": 5,
            "text": "beklesene orospu cocugu"
        },
        {
            "time": -86.54552,
            "slot": 8,
            "text": "can u just wait ?"
        },
        {
            "time": -86.54552,
            "slot": 3,
            "text": "reprot legion"
        },
        {
            "time": -86.54552,
            "slot": 5,
            "text": "naber reis"
        },
        {
            "time": -85.5791,
            "slot": 7,
            "text": "ty"
        },
        {
            "time": -71.44922,
            "slot": 7,
            "text": "31"
        },
        {
            "time": -60.1853,
            "slot": 9,
            "text": "32"
        },
        {
            "time": -57.11938,
            "slot": 8,
            "text": "33"
        },
        {
            "time": -54.25342,
            "slot": 7,
            "text": "lul"
        },
        {
            "time": -53.65356,
            "slot": 3,
            "text": "35"
        },
        {
            "time": 1358.30168,
            "slot": 8,
            "text": "?"
        },
        {
            "time": 1542.85658,
            "slot": 8,
            "text": "?"
        },
        {
            "time": 3097.34388,
            "slot": 8,
            "text": "my god this team"
        },
        {
            "time": 3101.49138,
            "slot": 8,
            "text": "no bb"
        },
        {
            "time": 3104.56848,
            "slot": 8,
            "text": "jugg so useless"
        },
        {
            "time": 3111.05738,
            "slot": 8,
            "text": "dark willow doesnt terrorize mk ult"
        },
        {
            "time": 3115.47238,
            "slot": 8,
            "text": "wtf am i supposed to do ?"
        },
        {
            "time": 3123.13178,
            "slot": 3,
            "text": "gg wp"
        },
        {
            "time": 3124.13518,
            "slot": 4,
            "text": "gege"
        },
        {
            "time": 3124.33588,
            "slot": 9,
            "text": "gg"
        },
        {
            "time": 3126.74408,
            "slot": 9,
            "text": "fuck this team"
        },
        {
            "time": 3128.21578,
            "slot": 8,
            "text": "report noob team"
        }
    ],
    "138": [
        {
            "time": 713.6924,
            "slot": 8,
            "text": "hi"
        },
        {
            "time": 2531.9054,
            "slot": 8,
            "text": "gg"
        },
        {
            "time": 2534.9824,
            "slot": 7,
            "text": "GG"
        }
    ],
    "139": [
        {
            "time": 2271.45214,
            "slot": 6,
            "text": "gg"
        },
        {
            "time": 2275.93414,
            "slot": 3,
            "text": " a ti dizmaralil"
        },
        {
            "time": 2342.86214,
            "slot": 0,
            "text": "GG"
        }
    ],
    "140": [
        {
            "time": 771.41168,
            "slot": 0,
            "text": "fck"
        },
        {
            "time": 911.27748,
            "slot": 7,
            "text": "end please"
        },
        {
            "time": 1043.51188,
            "slot": 1,
            "text": "REALLY"
        },
        {
            "time": 1043.51188,
            "slot": 1,
            "text": "WHAT THE"
        },
        {
            "time": 1043.51188,
            "slot": 5,
            "text": "g"
        },
        {
            "time": 1376.53058,
            "slot": 1,
            "text": "GG"
        },
        {
            "time": 1496.63458,
            "slot": 1,
            "text": "AHAHHA"
        },
        {
            "time": 1507.49858,
            "slot": 1,
            "text": "REALLY /"
        },
        {
            "time": 1508.96488,
            "slot": 2,
            "text": "lel"
        },
        {
            "time": 1509.83128,
            "slot": 1,
            "text": "WHAT THE"
        },
        {
            "time": 1735.31658,
            "slot": 5,
            "text": "GG LS"
        },
        {
            "time": 1905.02798,
            "slot": 5,
            "text": "just report LS"
        },
        {
            "time": 1906.56658,
            "slot": 5,
            "text": "Fucking noisyt"
        },
        {
            "time": 1911.24918,
            "slot": 5,
            "text": "cant even help"
        },
        {
            "time": 1914.12558,
            "slot": 3,
            "text": "Too ez"
        },
        {
            "time": 1917.00208,
            "slot": 5,
            "text": "Lol"
        },
        {
            "time": 1918.27308,
            "slot": 5,
            "text": "ur lucky"
        },
        {
            "time": 1921.41718,
            "slot": 5,
            "text": "got noob LS"
        },
        {
            "time": 1921.55098,
            "slot": 7,
            "text": "Pick pho as offlane rofl"
        },
        {
            "time": 1924.62808,
            "slot": 5,
            "text": "he's at base"
        },
        {
            "time": 1925.23018,
            "slot": 5,
            "text": "LOL"
        },
        {
            "time": 1927.10318,
            "slot": 3,
            "text": "im strong"
        },
        {
            "time": 1928.90938,
            "slot": 3,
            "text": "not lucky"
        },
        {
            "time": 1929.17688,
            "slot": 7,
            "text": "how to win then no one can kill weaver and am"
        },
        {
            "time": 1963.82828,
            "slot": 9,
            "text": "report LS"
        },
        {
            "time": 1971.85558,
            "slot": 2,
            "text": "Wtf"
        },
        {
            "time": 1983.99698,
            "slot": 5,
            "text": "Lucky"
        },
        {
            "time": 1985.60248,
            "slot": 3,
            "text": "Ez win"
        },
        {
            "time": 1986.40518,
            "slot": 5,
            "text": "report LS pls thanks"
        },
        {
            "time": 1986.60588,
            "slot": 2,
            "text": "nice ward"
        },
        {
            "time": 1988.67958,
            "slot": 5,
            "text": "fucking noob"
        }
    ],
    "141": [
        {
            "time": -352.42078,
            "slot": 3,
            "text": "PUDGE"
        },
        {
            "time": -350.020816,
            "slot": 3,
            "text": "WHY PUDGE"
        },
        {
            "time": -348.28751,
            "slot": 3,
            "text": "PIOCK MID"
        },
        {
            "time": -346.62087,
            "slot": 3,
            "text": "TRASH"
        },
        {
            "time": 840.26147,
            "slot": 3,
            "text": "yebiowe"
        },
        {
            "time": 843.39407,
            "slot": 3,
            "text": "na pucky"
        },
        {
            "time": 1198.57397,
            "slot": 9,
            "text": "u can straight top"
        },
        {
            "time": 1199.64037,
            "slot": 9,
            "text": "no def"
        },
        {
            "time": 1206.30547,
            "slot": 1,
            "text": "THX"
        },
        {
            "time": 1216.96947,
            "slot": 3,
            "text": "destory items"
        },
        {
            "time": 1285.41947,
            "slot": 1,
            "text": "gg"
        },
        {
            "time": 1375.13087,
            "slot": 1,
            "text": "xd"
        },
        {
            "time": 1391.02697,
            "slot": 3,
            "text": "why u pick supp pudge"
        },
        {
            "time": 1392.95987,
            "slot": 3,
            "text": "u top mider"
        }
    ],
    "142": [
        {
            "time": -36.69104,
            "slot": 3,
            "text": "wait i pee"
        },
        {
            "time": 37.6908,
            "slot": 6,
            "text": "?"
        },
        {
            "time": 37.6908,
            "slot": 1,
            "text": "UNDYING MID?"
        },
        {
            "time": 39.09046,
            "slot": 0,
            "text": "is this game serious"
        },
        {
            "time": 84.41272,
            "slot": 4,
            "text": "lag"
        },
        {
            "time": 256.43741,
            "slot": 0,
            "text": "this game"
        },
        {
            "time": 292.69522,
            "slot": 0,
            "text": "SERIOUSLY MOTHER FUCKERS"
        },
        {
            "time": 2162.72036,
            "slot": 2,
            "text": "Wait"
        },
        {
            "time": 2162.72036,
            "slot": 3,
            "text": "wait"
        },
        {
            "time": 2162.72036,
            "slot": 0,
            "text": "wet"
        },
        {
            "time": 3271.16266,
            "slot": 0,
            "text": "GG"
        },
        {
            "time": 3317.52066,
            "slot": 6,
            "text": "this is undying"
        }
    ],
    "143": [
        {
            "time": 227.14456,
            "slot": 4,
            "text": "rip farm"
        },
        {
            "time": 323.521,
            "slot": 0,
            "text": "how often"
        },
        {
            "time": 331.21914,
            "slot": 0,
            "text": "are you gonna suicide kill me"
        },
        {
            "time": 643.4096,
            "slot": 1,
            "text": "?"
        },
        {
            "time": 714.4589,
            "slot": 1,
            "text": "?"
        },
        {
            "time": 1780.1596,
            "slot": 5,
            "text": "its fp jugg"
        },
        {
            "time": 1787.3842,
            "slot": 5,
            "text": "rly i hope you report him"
        },
        {
            "time": 1794.4081,
            "slot": 4,
            "text": "he h"
        },
        {
            "time": 1804.2416,
            "slot": 4,
            "text": "he had a hard lane"
        },
        {
            "time": 1809.9276,
            "slot": 4,
            "text": "very hard"
        },
        {
            "time": 1810.6635,
            "slot": 5,
            "text": "ye 3 vs 2"
        },
        {
            "time": 1810.7973,
            "slot": 4,
            "text": "lmao"
        },
        {
            "time": 1812.1352,
            "slot": 5,
            "text": "hard"
        },
        {
            "time": 1818.6908,
            "slot": 4,
            "text": "you need trilane"
        },
        {
            "time": 1821.4335,
            "slot": 4,
            "text": "u need sb"
        },
        {
            "time": 1824.5106,
            "slot": 4,
            "text": "vs bbb"
        },
        {
            "time": 1832.6048,
            "slot": 6,
            "text": "u had so much luck. 100% chance for that fucking skill"
        },
        {
            "time": 1935.9569,
            "slot": 4,
            "text": "pls commend me"
        },
        {
            "time": 1945.7904,
            "slot": 4,
            "text": "guys pls"
        },
        {
            "time": 1954.3195,
            "slot": 4,
            "text": "commend for strong independent offlaner"
        }
    ],
    "144": [
        {
            "time": 418.26454,
            "slot": 0,
            "text": "tengo 3 "
        },
        {
            "time": 419.46424,
            "slot": 0,
            "text": "En bot"
        },
        {
            "time": 421.33047,
            "slot": 0,
            "text": "y mi suport"
        },
        {
            "time": 423.26334,
            "slot": 0,
            "text": "sta farmeando"
        },
        {
            "time": 424.92959,
            "slot": 0,
            "text": "Wtf"
        },
        {
            "time": 426.72914,
            "slot": 0,
            "text": "En mid"
        },
        {
            "time": 427.46231,
            "slot": 0,
            "text": "Wtf"
        },
        {
            "time": 429.46184,
            "slot": 9,
            "text": "no lores por mi argentina"
        },
        {
            "time": 2852.75824,
            "slot": 1,
            "text": "no carry"
        },
        {
            "time": 3173.18304,
            "slot": 9,
            "text": "BLACKHOLE"
        },
        {
            "time": 3282.89004,
            "slot": 6,
            "text": "serio?"
        },
        {
            "time": 3408.01634,
            "slot": 6,
            "text": "e particular bara?"
        },
        {
            "time": 3419.92354,
            "slot": 1,
            "text": "sim"
        },
        {
            "time": 3490.96544,
            "slot": 6,
            "text": "vish"
        },
        {
            "time": 3724.30534,
            "slot": 8,
            "text": "ez"
        },
        {
            "time": 3726.62974,
            "slot": 8,
            "text": "jugger fregues"
        },
        {
            "time": 3728.55534,
            "slot": 7,
            "text": "esses zeus boiola nao vai dar rampage"
        },
        {
            "time": 3729.08684,
            "slot": 7,
            "text": "gg"
        }
    ],
    "145": [
        {
            "time": 1132.55676,
            "slot": 7,
            "text": "gg"
        },
        {
            "time": 1141.28796,
            "slot": 7,
            "text": "monkey blocks my hook, i said he was going to pick huskar what a game."
        },
        {
            "time": 1155.28456,
            "slot": 7,
            "text": "twice i get this shitty brood as  a core."
        },
        {
            "time": 1158.08386,
            "slot": 1,
            "text": "ez mid"
        },
        {
            "time": 1159.15026,
            "slot": 1,
            "text": "xD"
        }
    ],
    "146": [
        {
            "time": 1543.72303,
            "slot": 2,
            "text": "pq em im invoker?"
        },
        {
            "time": 1543.72303,
            "slot": 2,
            "text": "wtf"
        },
        {
            "time": 1543.72303,
            "slot": 5,
            "text": "?"
        },
        {
            "time": 1543.72303,
            "slot": 2,
            "text": "cold snap"
        },
        {
            "time": 1543.72303,
            "slot": 5,
            "text": "tem restricao pr ausar"
        },
        {
            "time": 1543.72303,
            "slot": 5,
            "text": "so nos outros agora?"
        },
        {
            "time": 1543.72303,
            "slot": 5,
            "text": "nao sabia"
        },
        {
            "time": 1543.72303,
            "slot": 2,
            "text": "sla tem slark e tide"
        },
        {
            "time": 1543.72303,
            "slot": 5,
            "text": "que bh n tomava cold"
        },
        {
            "time": 1543.72303,
            "slot": 0,
            "text": "kek"
        },
        {
            "time": 1543.72303,
            "slot": 5,
            "text": "claro que vou usar em slark"
        },
        {
            "time": 1543.72303,
            "slot": 5,
            "text": "pacto dele"
        },
        {
            "time": 1543.72303,
            "slot": 5,
            "text": "Kkkk"
        },
        {
            "time": 1543.72303,
            "slot": 5,
            "text": "fica calado bh"
        },
        {
            "time": 1543.72303,
            "slot": 0,
            "text": "nem upei samerda"
        },
        {
            "time": 1543.72303,
            "slot": 2,
            "text": "eu tava recuando"
        },
        {
            "time": 1543.72303,
            "slot": 2,
            "text": "e uma merda assim com isso"
        },
        {
            "time": 1543.72303,
            "slot": 5,
            "text": "tendi"
        },
        {
            "time": 1719.81853,
            "slot": 4,
            "text": "nice traid"
        },
        {
            "time": 1780.69253,
            "slot": 2,
            "text": "krl KKKK"
        },
        {
            "time": 2302.93813,
            "slot": 2,
            "text": "LOL"
        },
        {
            "time": 2309.09243,
            "slot": 5,
            "text": "ez mid pra nda"
        }
    ],
    "147": [
        {
            "time": 498.7088,
            "slot": 1,
            "text": "rofl"
        },
        {
            "time": 500.7083,
            "slot": 3,
            "text": "AHHA"
        },
        {
            "time": 501.6414,
            "slot": 7,
            "text": "hghaha"
        },
        {
            "time": 735.25105,
            "slot": 5,
            "text": "end pls"
        },
        {
            "time": 770.17585,
            "slot": 1,
            "text": "if u know"
        },
        {
            "time": 778.64045,
            "slot": 1,
            "text": "even ur ember cant last hit lul"
        },
        {
            "time": 787.305,
            "slot": 7,
            "text": "Useless allies"
        },
        {
            "time": 795.7696,
            "slot": 2,
            "text": "youre no diff"
        },
        {
            "time": 811.03254,
            "slot": 7,
            "text": "Do I call myself as an allies?"
        },
        {
            "time": 818.16414,
            "slot": 7,
            "text": "Dumbfuck"
        },
        {
            "time": 827.69514,
            "slot": 2,
            "text": "sure"
        },
        {
            "time": 999.2532,
            "slot": 5,
            "text": "end"
        },
        {
            "time": 1007.3179,
            "slot": 2,
            "text": "pick a shaman more"
        },
        {
            "time": 1057.3391,
            "slot": 5,
            "text": "Ty"
        }
    ],
    "148": [
        {
            "time": 665.10428,
            "slot": 4,
            "text": "WOLE"
        },
        {
            "time": 802.00418,
            "slot": 4,
            "text": "EZ"
        },
        {
            "time": 806.06988,
            "slot": 4,
            "text": "2K"
        },
        {
            "time": 1763.33708,
            "slot": 4,
            "text": "Gg"
        },
        {
            "time": 1876.65638,
            "slot": 4,
            "text": "EZ TRILANE"
        },
        {
            "time": 1879.06458,
            "slot": 4,
            "text": ":D "
        },
        {
            "time": 1883.47968,
            "slot": 3,
            "text": "very ez"
        }
    ],
    "149": [
        {
            "time": -41.88977,
            "slot": 7,
            "text": "wow"
        },
        {
            "time": -14.49647,
            "slot": 8,
            "text": "dont be worry , we have god father of drug"
        },
        {
            "time": -6.76502,
            "slot": 6,
            "text": "hahaha"
        },
        {
            "time": 26.02697,
            "slot": 9,
            "text": "hi "
        },
        {
            "time": 1482.20473,
            "slot": 5,
            "text": "lol"
        },
        {
            "time": 1787.44263,
            "slot": 5,
            "text": "ez predicted pango"
        },
        {
            "time": 1791.72393,
            "slot": 3,
            "text": "ez"
        },
        {
            "time": 1798.27953,
            "slot": 4,
            "text": "pro pango las pick"
        },
        {
            "time": 1799.88503,
            "slot": 3,
            "text": "i see medusa mid"
        },
        {
            "time": 1802.76153,
            "slot": 3,
            "text": "i see lose"
        },
        {
            "time": 1819.08373,
            "slot": 3,
            "text": "i see noob at satrt]"
        },
        {
            "time": 1822.76303,
            "slot": 3,
            "text": "too much talk"
        },
        {
            "time": 1827.78003,
            "slot": 5,
            "text": "and u noob tpp"
        },
        {
            "time": 1829.25173,
            "slot": 5,
            "text": "too"
        },
        {
            "time": 1831.25853,
            "slot": 5,
            "text": "ez predicted"
        },
        {
            "time": 1835.27223,
            "slot": 3,
            "text": "heh"
        },
        {
            "time": 1859.15363,
            "slot": 3,
            "text": "you feel good?"
        },
        {
            "time": 1925.24543,
            "slot": 5,
            "text": "|Ez"
        },
        {
            "time": 2007.59253,
            "slot": 7,
            "text": "Ggwp"
        },
        {
            "time": 2010.46903,
            "slot": 7,
            "text": "Cp,,emd me"
        },
        {
            "time": 2010.93733,
            "slot": 1,
            "text": "END"
        },
        {
            "time": 2017.69363,
            "slot": 5,
            "text": "Ez mid"
        },
        {
            "time": 2029.40013,
            "slot": 3,
            "text": "uberlord farm for???"
        },
        {
            "time": 2084.08643,
            "slot": 7,
            "text": "Ggwp"
        },
        {
            "time": 2085.49123,
            "slot": 8,
            "text": "HAHA"
        },
        {
            "time": 2087.96633,
            "slot": 5,
            "text": "noob pango"
        },
        {
            "time": 2089.30423,
            "slot": 7,
            "text": "Commend me"
        }
    ],
    "150": [
        {
            "time": -28.42638,
            "slot": 5,
            "text": "REPORT URSA"
        },
        {
            "time": 1761.317,
            "slot": 2,
            "text": "ajajaja"
        },
        {
            "time": 1894.1027,
            "slot": 6,
            "text": "IZI"
        },
        {
            "time": 1904.0365,
            "slot": 4,
            "text": "haha"
        },
        {
            "time": 1906.311,
            "slot": 7,
            "text": "ez"
        }
    ],
    "151": [
        {
            "time": 4.3676,
            "slot": 1,
            "text": "lol"
        },
        {
            "time": 14.03633,
            "slot": 1,
            "text": "|ty for rune"
        },
        {
            "time": 44.37615,
            "slot": 2,
            "text": "report jugg"
        },
        {
            "time": 446.19412,
            "slot": 2,
            "text": "lol"
        },
        {
            "time": 682.53642,
            "slot": 1,
            "text": "?"
        },
        {
            "time": 962.50142,
            "slot": 0,
            "text": "wohohoh huskar commended :D"
        },
        {
            "time": 985.29582,
            "slot": 2,
            "text": "lol"
        },
        {
            "time": 1429.15412,
            "slot": 2,
            "text": "gg wp"
        },
        {
            "time": 1430.62042,
            "slot": 0,
            "text": "its ez"
        },
        {
            "time": 1431.42022,
            "slot": 3,
            "text": "COMMEND ME  TY"
        },
        {
            "time": 1432.28662,
            "slot": 2,
            "text": "report juggernaut"
        },
        {
            "time": 1438.38512,
            "slot": 2,
            "text": "team commended but juggernaut"
        },
        {
            "time": 1438.91832,
            "slot": 3,
            "text": "TY FOR A GAME"
        },
        {
            "time": 1443.51722,
            "slot": 0,
            "text": "commend me ty"
        }
    ],
    "152": [
        {
            "time": -7.13486,
            "slot": 1,
            "text": "glhf"
        },
        {
            "time": -4.8677,
            "slot": 1,
            "text": "<3"
        },
        {
            "time": -3.4674,
            "slot": 6,
            "text": "gl"
        },
        {
            "time": 440.8649,
            "slot": 1,
            "text": "ten dota two heroes top"
        },
        {
            "time": 503.3163,
            "slot": 9,
            "text": "no sound no mine blows up"
        },
        {
            "time": 508.3151,
            "slot": 9,
            "text": "OK ICEFRAUD"
        },
        {
            "time": 510.8478,
            "slot": 1,
            "text": "i eat cum"
        },
        {
            "time": 557.96965,
            "slot": 1,
            "text": "what sound do you think i make when i eat cum"
        },
        {
            "time": 1107.2355,
            "slot": 1,
            "text": "!!!!"
        },
        {
            "time": 1471.2799,
            "slot": 7,
            "text": "gg"
        },
        {
            "time": 1483.0771,
            "slot": 6,
            "text": "GG"
        },
        {
            "time": 1484.4101,
            "slot": 1,
            "text": "gg wp"
        },
        {
            "time": 1492.8747,
            "slot": 6,
            "text": "drow strat"
        }
    ],
    "153": [
        {
            "time": -70.34948,
            "slot": 6,
            "text": "?"
        },
        {
            "time": -69.84961,
            "slot": 4,
            "text": "ty"
        },
        {
            "time": 2478.08452,
            "slot": 0,
            "text": "report rubick pls"
        },
        {
            "time": 2560.23102,
            "slot": 5,
            "text": "lol"
        },
        {
            "time": 2563.91022,
            "slot": 0,
            "text": "report sups pls"
        },
        {
            "time": 2569.32862,
            "slot": 4,
            "text": "REPORTA SHAMAN E RUBICK = COMEND"
        },
        {
            "time": 2591.53762,
            "slot": 7,
            "text": "commend brasil"
        },
        {
            "time": 2616.82382,
            "slot": 6,
            "text": "comend me"
        },
        {
            "time": 2618.42922,
            "slot": 6,
            "text": "ez game"
        },
        {
            "time": 2619.70022,
            "slot": 6,
            "text": "ez mid"
        },
        {
            "time": 2621.30572,
            "slot": 7,
            "text": "commend :D"
        }
    ],
    "154": [
        {
            "time": 2.93263,
            "slot": 7,
            "text": "if you could speak that AM afk or dc i would not resume "
        },
        {
            "time": 2.93263,
            "slot": 7,
            "text": "but those alien signs tell nothing "
        },
        {
            "time": 2.93263,
            "slot": 7,
            "text": "is that your tawarisz  ?"
        },
        {
            "time": 2.93263,
            "slot": 7,
            "text": "what !?"
        },
        {
            "time": 2.93263,
            "slot": 7,
            "text": "%%#@@#$@*@^@"
        },
        {
            "time": 680.93373,
            "slot": 7,
            "text": "rage "
        },
        {
            "time": 680.93373,
            "slot": 7,
            "text": "he cant farm "
        },
        {
            "time": 784.44183,
            "slot": 8,
            "text": "Ez troll"
        },
        {
            "time": 790.70693,
            "slot": 3,
            "text": ":)"
        },
        {
            "time": 837.76213,
            "slot": 8,
            "text": "later it will not be funny for me"
        },
        {
            "time": 1826.22543,
            "slot": 1,
            "text": "gg"
        },
        {
            "time": 1833.78453,
            "slot": 8,
            "text": "Ez trol"
        },
        {
            "time": 2210.09973,
            "slot": 8,
            "text": "GG"
        },
        {
            "time": 2210.63493,
            "slot": 7,
            "text": "G  g"
        }
    ]
}