{
    "91": [
        {
            "time": -85.14588,
            "slot": 2,
            "text": "MAN DOWN"
        },
        {
            "time": -84.34608,
            "slot": 4,
            "text": "ABORT ABORT"
        },
        {
            "time": -84.34608,
            "slot": 2,
            "text": "calling emergency personnel"
        },
        {
            "time": -58.61902,
            "slot": 2,
            "text": "shadow fiend"
        },
        {
            "time": -56.15296,
            "slot": 2,
            "text": "i will burn you alive"
        },
        {
            "time": -52.55384,
            "slot": 8,
            "text": "??"
        },
        {
            "time": -49.15468,
            "slot": 4,
            "text": "finger you to death"
        },
        {
            "time": -43.28943,
            "slot": 2,
            "text": "yes with my ultimate fingering skill"
        },
        {
            "time": 392.83742,
            "slot": 3,
            "text": "ty"
        },
        {
            "time": 1933.09032,
            "slot": 1,
            "text": "gg"
        },
        {
            "time": 2040.18852,
            "slot": 8,
            "text": "i did not see u finger me to death even once?"
        },
        {
            "time": 2041.79402,
            "slot": 5,
            "text": "GG Ez"
        },
        {
            "time": 2054.57082,
            "slot": 2,
            "text": "sorry, was fingering your mum"
        },
        {
            "time": 2087.14842,
            "slot": 5,
            "text": "Ez"
        },
        {
            "time": 2091.76422,
            "slot": 5,
            "text": "GG"
        },
        {
            "time": 2093.73762,
            "slot": 8,
            "text": "ez"
        },
        {
            "time": 2098.88842,
            "slot": 7,
            "text": "babyrage"
        }
    ],
    "92": [
        {
            "time": -2.46719,
            "slot": 7,
            "text": "gg"
        },
        {
            "time": 275.44054,
            "slot": 7,
            "text": "AND?"
        },
        {
            "time": 286.90442,
            "slot": 2,
            "text": "what"
        },
        {
            "time": 290.70349,
            "slot": 2,
            "text": "do you want"
        },
        {
            "time": 293.36951,
            "slot": 2,
            "text": "its only turbo"
        },
        {
            "time": 304.23352,
            "slot": 7,
            "text": "IDC!"
        },
        {
            "time": 312.76477,
            "slot": 2,
            "text": "lol"
        },
        {
            "time": 399.91019,
            "slot": 7,
            "text": "AND ?"
        },
        {
            "time": 403.37601,
            "slot": 7,
            "text": "UR HANDSOME WITH THAT ?"
        },
        {
            "time": 409.17459,
            "slot": 2,
            "text": "why are you so pissed"
        },
        {
            "time": 417.17264,
            "slot": 7,
            "text": "BECAUSE UR FUCKIN PRO"
        },
        {
            "time": 424.17094,
            "slot": 2,
            "text": "i main supp dude"
        },
        {
            "time": 445.76564,
            "slot": 7,
            "text": "HEHE"
        },
        {
            "time": 446.63214,
            "slot": 7,
            "text": "PRO"
        },
        {
            "time": 453.6304,
            "slot": 7,
            "text": "WHY SO FAST LIKE BOT"
        },
        {
            "time": 461.62844,
            "slot": 7,
            "text": "FIGHT HIM HAHA"
        },
        {
            "time": 503.7515,
            "slot": 7,
            "text": "GG"
        },
        {
            "time": 515.08204,
            "slot": 7,
            "text": "SORRY FOR FEEDING MID"
        },
        {
            "time": 561.87064,
            "slot": 7,
            "text": "HEHE"
        },
        {
            "time": 574.13434,
            "slot": 7,
            "text": "PROEST TA EVER"
        },
        {
            "time": 588.39749,
            "slot": 2,
            "text": "i'm really not, sry man"
        },
        {
            "time": 594.79594,
            "slot": 7,
            "text": "SHUT UP UR PRO"
        },
        {
            "time": 602.59404,
            "slot": 2,
            "text": "3k mmr is decent not pro"
        },
        {
            "time": 603.59378,
            "slot": 7,
            "text": "FUCK UR REFRACT LOL"
        },
        {
            "time": 632.5867,
            "slot": 8,
            "text": "end"
        },
        {
            "time": 638.65189,
            "slot": 7,
            "text": "END :)"
        },
        {
            "time": 646.98319,
            "slot": 8,
            "text": "pro they"
        },
        {
            "time": 761.95514,
            "slot": 7,
            "text": "END HEHE"
        },
        {
            "time": 909.18584,
            "slot": 2,
            "text": "see, we are not ro"
        },
        {
            "time": 909.31914,
            "slot": 7,
            "text": "BLAME ME TEAM :("
        },
        {
            "time": 912.91824,
            "slot": 2,
            "text": "pro*"
        },
        {
            "time": 1184.58524,
            "slot": 7,
            "text": "HEHE"
        },
        {
            "time": 1186.18484,
            "slot": 7,
            "text": "WIPE"
        },
        {
            "time": 1203.64724,
            "slot": 7,
            "text": "IM PASSIVBE EHHE"
        },
        {
            "time": 1210.04564,
            "slot": 2,
            "text": "he has gone mad"
        },
        {
            "time": 1248.16974,
            "slot": 7,
            "text": "|YAH"
        },
        {
            "time": 1316.21974,
            "slot": 7,
            "text": "HEHE GG"
        },
        {
            "time": 1387.66894,
            "slot": 3,
            "text": "def"
        },
        {
            "time": 1401.99884,
            "slot": 7,
            "text": "HEHE GG"
        },
        {
            "time": 1408.93044,
            "slot": 7,
            "text": "GG REPORT ME SIR"
        }
    ],
    "93": [
        {
            "time": -13.96965,
            "slot": 2,
            "text": "gl hf"
        },
        {
            "time": -5.7679,
            "slot": 4,
            "text": "lul"
        },
        {
            "time": -5.7679,
            "slot": 0,
            "text": "get leaver have feeder huh?"
        },
        {
            "time": -5.7679,
            "slot": 2,
            "text": "please dont kill me"
        },
        {
            "time": -5.7679,
            "slot": 2,
            "text": "im kinda learning here"
        },
        {
            "time": -5.7679,
            "slot": 6,
            "text": "enigma script test?"
        },
        {
            "time": 0.03334,
            "slot": 3,
            "text": "script for what?"
        },
        {
            "time": 23.30498,
            "slot": 3,
            "text": "there are scripts for enigma?"
        },
        {
            "time": 211.42865,
            "slot": 7,
            "text": "lol"
        },
        {
            "time": 1291.16501,
            "slot": 2,
            "text": "2 slow"
        },
        {
            "time": 1439.99531,
            "slot": 2,
            "text": "nop"
        },
        {
            "time": 1449.12641,
            "slot": 6,
            "text": "nice cheat"
        },
        {
            "time": 1461.72331,
            "slot": 8,
            "text": "bash=bash"
        },
        {
            "time": 1533.10591,
            "slot": 2,
            "text": "tiny"
        },
        {
            "time": 1535.23871,
            "slot": 2,
            "text": "small favor"
        },
        {
            "time": 1539.77101,
            "slot": 2,
            "text": "STOP THROWING ME"
        },
        {
            "time": 1546.23601,
            "slot": 2,
            "text": "get a hobby or smthing"
        },
        {
            "time": 1555.36711,
            "slot": 2,
            "text": "lol"
        },
        {
            "time": 1564.89821,
            "slot": 8,
            "text": "5 x bf?"
        },
        {
            "time": 1566.56441,
            "slot": 5,
            "text": "bug?"
        },
        {
            "time": 1571.29661,
            "slot": 8,
            "text": "no"
        },
        {
            "time": 1571.36321,
            "slot": 0,
            "text": "like your ex"
        },
        {
            "time": 1573.36281,
            "slot": 2,
            "text": "ninja"
        },
        {
            "time": 1577.62841,
            "slot": 8,
            "text": "++"
        },
        {
            "time": 1580.62761,
            "slot": 0,
            "text": ":D"
        },
        {
            "time": 1581.69411,
            "slot": 8,
            "text": "ultraninja"
        },
        {
            "time": 1584.29341,
            "slot": 8,
            "text": "D"
        },
        {
            "time": 1625.08351,
            "slot": 2,
            "text": "fu"
        },
        {
            "time": 1663.20751,
            "slot": 4,
            "text": "Ggwp"
        },
        {
            "time": 1664.74041,
            "slot": 0,
            "text": "gg"
        },
        {
            "time": 1666.54001,
            "slot": 8,
            "text": "GG"
        },
        {
            "time": 1670.93891,
            "slot": 2,
            "text": "gg"
        },
        {
            "time": 1671.50551,
            "slot": 2,
            "text": "ez"
        }
    ],
    "94": [
        {
            "time": 3.5658,
            "slot": 6,
            "text": "pussies"
        },
        {
            "time": 8.03136,
            "slot": 2,
            "text": "meow"
        },
        {
            "time": 13.03014,
            "slot": 6,
            "text": "sry"
        },
        {
            "time": 618.9489,
            "slot": 5,
            "text": "blinlk ? "
        },
        {
            "time": 621.4816,
            "slot": 5,
            "text": "up ? "
        },
        {
            "time": 908.5115,
            "slot": 4,
            "text": "4 bot"
        },
        {
            "time": 918.709,
            "slot": 2,
            "text": "damn, now they know there are 4 of them bot"
        },
        {
            "time": 1054.3426,
            "slot": 8,
            "text": "he survived "
        },
        {
            "time": 1054.3426,
            "slot": 8,
            "text": "relax"
        },
        {
            "time": 1234.4652,
            "slot": 4,
            "text": "wait?"
        },
        {
            "time": 1254.627,
            "slot": 5,
            "text": "what kind of vision is this "
        },
        {
            "time": 1816.7508,
            "slot": 9,
            "text": "gg"
        },
        {
            "time": 1993.0847,
            "slot": 2,
            "text": "they didn't wait"
        },
        {
            "time": 2001.5803,
            "slot": 2,
            "text": "how rude, right"
        },
        {
            "time": 2110.0164,
            "slot": 5,
            "text": "impossible game gg "
        },
        {
            "time": 2112.6922,
            "slot": 0,
            "text": "ez am"
        },
        {
            "time": 2115.7024,
            "slot": 5,
            "text": "sure "
        },
        {
            "time": 2126.4056,
            "slot": 2,
            "text": "gg"
        }
    ],
    "95": [
        {
            "time": 73.24878,
            "slot": 2,
            "text": "?"
        },
        {
            "time": 324.9207,
            "slot": 9,
            "text": "okay"
        },
        {
            "time": 331.919,
            "slot": 0,
            "text": "miss click"
        },
        {
            "time": 339.3838,
            "slot": 9,
            "text": "feelsbadman"
        },
        {
            "time": 340.98343,
            "slot": 0,
            "text": "lol i win game "
        },
        {
            "time": 518.6734,
            "slot": 0,
            "text": "ty pudge"
        },
        {
            "time": 523.80545,
            "slot": 9,
            "text": "4what"
        },
        {
            "time": 535.9358,
            "slot": 0,
            "text": "noting"
        },
        {
            "time": 541.93436,
            "slot": 9,
            "text": "k"
        },
        {
            "time": 543.7339,
            "slot": 9,
            "text": "XD"
        },
        {
            "time": 547.46634,
            "slot": 0,
            "text": "you will see"
        },
        {
            "time": 614.64993,
            "slot": 9,
            "text": "hi"
        },
        {
            "time": 620.0486,
            "slot": 0,
            "text": "hi"
        },
        {
            "time": 621.6482,
            "slot": 0,
            "text": "broooo"
        },
        {
            "time": 624.58084,
            "slot": 9,
            "text": "xD"
        },
        {
            "time": 627.64676,
            "slot": 9,
            "text": "300 games pudge"
        },
        {
            "time": 628.2466,
            "slot": 0,
            "text": "i win game "
        },
        {
            "time": 631.6458,
            "slot": 9,
            "text": "whatya gonna do"
        },
        {
            "time": 637.17777,
            "slot": 0,
            "text": "you will see"
        },
        {
            "time": 665.5042,
            "slot": 9,
            "text": "xD"
        },
        {
            "time": 701.6953,
            "slot": 0,
            "text": "hi ez gold"
        },
        {
            "time": 706.6275,
            "slot": 9,
            "text": "ahah"
        },
        {
            "time": 711.2263,
            "slot": 9,
            "text": "salty? :)"
        },
        {
            "time": 714.6922,
            "slot": 0,
            "text": "ya"
        },
        {
            "time": 717.2915,
            "slot": 0,
            "text": "S"
        },
        {
            "time": 729.022,
            "slot": 9,
            "text": "mhm"
        },
        {
            "time": 732.8877,
            "slot": 9,
            "text": "12 / 1 mid"
        },
        {
            "time": 735.1538,
            "slot": 9,
            "text": "sure salry"
        },
        {
            "time": 768.9456,
            "slot": 0,
            "text": "hhahahaha"
        },
        {
            "time": 807.2029,
            "slot": 2,
            "text": "reported"
        },
        {
            "time": 807.2696,
            "slot": 4,
            "text": "+"
        },
        {
            "time": 813.6013,
            "slot": 9,
            "text": "lol"
        },
        {
            "time": 815.0677,
            "slot": 9,
            "text": "xD"
        },
        {
            "time": 821.7327,
            "slot": 9,
            "text": "imf rkin dendi guys"
        },
        {
            "time": 828.6643,
            "slot": 0,
            "text": "suck my dick idito"
        },
        {
            "time": 832.4634,
            "slot": 0,
            "text": "dont follow me"
        },
        {
            "time": 837.6621,
            "slot": 9,
            "text": ";D"
        },
        {
            "time": 853.9248,
            "slot": 0,
            "text": "I see you "
        },
        {
            "time": 974.8953,
            "slot": 9,
            "text": "dondo confirmed"
        },
        {
            "time": 983.0266,
            "slot": 5,
            "text": "xDDDD"
        },
        {
            "time": 1137.7889,
            "slot": 0,
            "text": "no ramapge"
        },
        {
            "time": 1139.855,
            "slot": 0,
            "text": "pf"
        },
        {
            "time": 1174.8465,
            "slot": 9,
            "text": "hahahah"
        },
        {
            "time": 1208.7049,
            "slot": 9,
            "text": "ayayayay"
        },
        {
            "time": 1216.6363,
            "slot": 9,
            "text": "almost 1000 gold"
        },
        {
            "time": 1377.2637,
            "slot": 0,
            "text": "wtf you want"
        },
        {
            "time": 2048.4187,
            "slot": 6,
            "text": "LOOOL"
        },
        {
            "time": 2127.1536,
            "slot": 5,
            "text": "man, 3 for me"
        },
        {
            "time": 2359.2776,
            "slot": 6,
            "text": "FUCK YOU LIFE"
        },
        {
            "time": 2380.5501,
            "slot": 0,
            "text": "omfg"
        },
        {
            "time": 2396.8723,
            "slot": 0,
            "text": "i FEED PUDEG AND LOOK MY LIFESTEALR ITEMS IN 40"
        },
        {
            "time": 2442.5613,
            "slot": 9,
            "text": "gg"
        },
        {
            "time": 2442.5613,
            "slot": 6,
            "text": "gg"
        },
        {
            "time": 2445.1703,
            "slot": 0,
            "text": "Gg "
        }
    ],
    "96": [
        {
            "time": 1824.7814,
            "slot": 3,
            "text": "WORTH"
        },
        {
            "time": 1898.031,
            "slot": 2,
            "text": "digembyok doyok"
        },
        {
            "time": 1899.2685,
            "slot": 2,
            "text": "ggwp"
        },
        {
            "time": 1902.3456,
            "slot": 0,
            "text": "gg"
        },
        {
            "time": 1905.222,
            "slot": 0,
            "text": "doyok"
        }
    ],
    "97": [
        {
            "time": 1072.3048,
            "slot": 4,
            "text": "please"
        },
        {
            "time": 2416.2912,
            "slot": 3,
            "text": "gg"
        },
        {
            "time": 2426.1915,
            "slot": 4,
            "text": "gg"
        }
    ],
    "98": [
        {
            "time": 19.46191,
            "slot": 5,
            "text": "mas estupidos"
        },
        {
            "time": 19.92847,
            "slot": 1,
            "text": "AHHAHHAHA["
        },
        {
            "time": 20.79492,
            "slot": 5,
            "text": "kakaka"
        },
        {
            "time": 23.72753,
            "slot": 0,
            "text": "Q TIME NOJENTO"
        },
        {
            "time": 23.99414,
            "slot": 6,
            "text": "jaja"
        },
        {
            "time": 28.39307,
            "slot": 0,
            "text": "ASQUEROSO"
        },
        {
            "time": 116.77147,
            "slot": 7,
            "text": "lol"
        },
        {
            "time": 127.36889,
            "slot": 1,
            "text": "Sai fora"
        },
        {
            "time": 132.90087,
            "slot": 1,
            "text": "ahhahaa"
        },
        {
            "time": 261.46951,
            "slot": 8,
            "text": "?"
        },
        {
            "time": 516.97377,
            "slot": 7,
            "text": ":("
        },
        {
            "time": 523.43887,
            "slot": 6,
            "text": "xd"
        },
        {
            "time": 616.41617,
            "slot": 7,
            "text": "lol"
        },
        {
            "time": 736.45347,
            "slot": 8,
            "text": "El rubick hase nice hock's"
        },
        {
            "time": 860.82317,
            "slot": 4,
            "text": "gg ez mid"
        },
        {
            "time": 864.62217,
            "slot": 8,
            "text": ":'v"
        },
        {
            "time": 892.81537,
            "slot": 1,
            "text": "e ta nao ta feedada?"
        },
        {
            "time": 960.33217,
            "slot": 1,
            "text": "TIMAAACO!"
        },
        {
            "time": 965.39767,
            "slot": 4,
            "text": "gg ez pudge"
        },
        {
            "time": 1003.45497,
            "slot": 7,
            "text": ":("
        },
        {
            "time": 1009.85347,
            "slot": 4,
            "text": "ez pudge"
        },
        {
            "time": 1063.24037,
            "slot": 8,
            "text": "Guradian <3 "
        },
        {
            "time": 1135.02287,
            "slot": 4,
            "text": "gg ez hook"
        },
        {
            "time": 1155.95107,
            "slot": 6,
            "text": "xd"
        },
        {
            "time": 1158.75037,
            "slot": 9,
            "text": "lol"
        },
        {
            "time": 1159.81677,
            "slot": 5,
            "text": "jajaja"
        },
        {
            "time": 1161.21647,
            "slot": 5,
            "text": "looser"
        },
        {
            "time": 1544.32287,
            "slot": 8,
            "text": "Comen rubick buen super .) "
        },
        {
            "time": 1549.65497,
            "slot": 8,
            "text": "Suport*"
        },
        {
            "time": 2474.13267,
            "slot": 7,
            "text": "ff plis"
        },
        {
            "time": 2540.49207,
            "slot": 7,
            "text": "gg wp"
        },
        {
            "time": 2543.16787,
            "slot": 7,
            "text": "report "
        },
        {
            "time": 2545.50917,
            "slot": 7,
            "text": "TA plis"
        }
    ],
    "99": [
        {
            "time": -61.59149,
            "slot": 6,
            "text": "?"
        },
        {
            "time": 1429.151,
            "slot": 5,
            "text": "COMEND PLZ"
        },
        {
            "time": 1436.6825,
            "slot": 4,
            "text": "??"
        },
        {
            "time": 1438.0822,
            "slot": 4,
            "text": "report"
        },
        {
            "time": 1448.3463,
            "slot": 5,
            "text": "QUE,?"
        },
        {
            "time": 1881.8078,
            "slot": 5,
            "text": "EZ MID"
        },
        {
            "time": 1885.8883,
            "slot": 4,
            "text": "??"
        },
        {
            "time": 1887.7615,
            "slot": 4,
            "text": "xd"
        },
        {
            "time": 1891.3737,
            "slot": 2,
            "text": "ez top also"
        },
        {
            "time": 1891.9757,
            "slot": 6,
            "text": "ez mid"
        },
        {
            "time": 1897.7287,
            "slot": 2,
            "text": "and bot"
        },
        {
            "time": 1899.0665,
            "slot": 4,
            "text": "ok"
        },
        {
            "time": 1902.6789,
            "slot": 5,
            "text": "AND ALL"
        },
        {
            "time": 1902.6789,
            "slot": 7,
            "text": "ez bot !/"
        },
        {
            "time": 1905.5553,
            "slot": 5,
            "text": "AND JUNGLE"
        },
        {
            "time": 1909.5021,
            "slot": 2,
            "text": "we lost all lanes"
        },
        {
            "time": 1910.6393,
            "slot": 6,
            "text": "and roshan"
        },
        {
            "time": 1918.7335,
            "slot": 5,
            "text": "fudido"
        },
        {
            "time": 1926.8278,
            "slot": 5,
            "text": "a coitada da wind ta desnorteada"
        },
        {
            "time": 1929.236,
            "slot": 2,
            "text": "e mal pago"
        },
        {
            "time": 1932.0455,
            "slot": 0,
            "text": "kkkkkkkkkkkkkkkkkkkkkkkkk"
        },
        {
            "time": 2010.1449,
            "slot": 5,
            "text": "comend plz"
        },
        {
            "time": 2013.2221,
            "slot": 4,
            "text": "??"
        },
        {
            "time": 2014.2255,
            "slot": 4,
            "text": "report"
        }
    ],
    "100": [
        {
            "time": 841.69447,
            "slot": 3,
            "text": "lol slar"
        },
        {
            "time": 854.89127,
            "slot": 4,
            "text": "lol"
        },
        {
            "time": 856.09097,
            "slot": 4,
            "text": "slardar"
        },
        {
            "time": 859.62347,
            "slot": 9,
            "text": "saad"
        },
        {
            "time": 862.35607,
            "slot": 3,
            "text": "hhe"
        },
        {
            "time": 1113.69477,
            "slot": 4,
            "text": "gg"
        },
        {
            "time": 1565.51777,
            "slot": 4,
            "text": "recon"
        },
        {
            "time": 1581.21387,
            "slot": 4,
            "text": "coming"
        },
        {
            "time": 1581.21387,
            "slot": 4,
            "text": "please wait"
        },
        {
            "time": 1765.40897,
            "slot": 0,
            "text": "am2"
        },
        {
            "time": 1769.22187,
            "slot": 8,
            "text": "sad"
        },
        {
            "time": 1770.42597,
            "slot": 4,
            "text": "am more"
        },
        {
            "time": 1774.70717,
            "slot": 8,
            "text": "lel"
        },
        {
            "time": 1775.84437,
            "slot": 1,
            "text": "first pick"
        },
        {
            "time": 1776.84777,
            "slot": 1,
            "text": "btw"
        },
        {
            "time": 1782.53397,
            "slot": 8,
            "text": "why mad bro"
        },
        {
            "time": 1839.52797,
            "slot": 0,
            "text": "why am solo on top..:9"
        },
        {
            "time": 1847.02017,
            "slot": 6,
            "text": "ya"
        },
        {
            "time": 1858.45917,
            "slot": 6,
            "text": "rubick pro brain"
        },
        {
            "time": 1863.97797,
            "slot": 5,
            "text": "sad"
        },
        {
            "time": 1864.88097,
            "slot": 5,
            "text": "carry"
        },
        {
            "time": 1864.94797,
            "slot": 0,
            "text": "tq2"
        }
    ],
    "101": [
        {
            "time": 125.83594,
            "slot": 5,
            "text": "g"
        },
        {
            "time": 171.45818,
            "slot": 5,
            "text": "delay shit"
        },
        {
            "time": 198.65152,
            "slot": 5,
            "text": "can i recon "
        },
        {
            "time": 202.58388,
            "slot": 6,
            "text": "*snore snore*"
        },
        {
            "time": 360.64528,
            "slot": 1,
            "text": "u okay dk?"
        },
        {
            "time": 367.37698,
            "slot": 5,
            "text": "not at all"
        },
        {
            "time": 387.97198,
            "slot": 5,
            "text": "at some way ill be stuck "
        },
        {
            "time": 398.30278,
            "slot": 1,
            "text": "its best for you to leave"
        },
        {
            "time": 1055.67558,
            "slot": 6,
            "text": "haha"
        },
        {
            "time": 1056.34208,
            "slot": 0,
            "text": "wp"
        },
        {
            "time": 1068.33918,
            "slot": 8,
            "text": ":D"
        },
        {
            "time": 1938.89788,
            "slot": 5,
            "text": "IM SO DDELAY MAN"
        },
        {
            "time": 3087.44348,
            "slot": 0,
            "text": "nice try  "
        },
        {
            "time": 3097.67838,
            "slot": 3,
            "text": "def am"
        },
        {
            "time": 3101.12338,
            "slot": 4,
            "text": "ggwp"
        },
        {
            "time": 3102.52828,
            "slot": 3,
            "text": "to late"
        }
    ],
    "102": [
        {
            "time": 287.29654,
            "slot": 5,
            "text": "Gg"
        },
        {
            "time": 290.89568,
            "slot": 5,
            "text": "Faggots"
        },
        {
            "time": 295.49454,
            "slot": 2,
            "text": "is only game"
        },
        {
            "time": 368.87662,
            "slot": 5,
            "text": "que trihards"
        },
        {
            "time": 373.20888,
            "slot": 5,
            "text": "por una pub"
        },
        {
            "time": 376.94131,
            "slot": 2,
            "text": "you guys literally have a tri top"
        },
        {
            "time": 382.33998,
            "slot": 2,
            "text": "shut up "
        },
        {
            "time": 385.00598,
            "slot": 2,
            "text": "you suck at dota"
        },
        {
            "time": 389.60488,
            "slot": 2,
            "text": "get over it"
        },
        {
            "time": 407.00064,
            "slot": 2,
            "text": "learn to not overextend in solo lane"
        },
        {
            "time": 412.33268,
            "slot": 0,
            "text": "they speak taco"
        },
        {
            "time": 415.93178,
            "slot": 0,
            "text": "They cant understand you"
        },
        {
            "time": 437.39322,
            "slot": 5,
            "text": "miss"
        },
        {
            "time": 439.25943,
            "slot": 5,
            "text": "miss and miss"
        },
        {
            "time": 445.79118,
            "slot": 3,
            "text": "I am PA"
        },
        {
            "time": 535.10268,
            "slot": 5,
            "text": "Reprot invoker"
        },
        {
            "time": 536.43568,
            "slot": 5,
            "text": "please"
        },
        {
            "time": 538.90178,
            "slot": 5,
            "text": "0 suns"
        },
        {
            "time": 538.96841,
            "slot": 2,
            "text": "why"
        },
        {
            "time": 540.50138,
            "slot": 0,
            "text": "reporting lc got it"
        },
        {
            "time": 543.16738,
            "slot": 5,
            "text": "0 dude"
        },
        {
            "time": 543.50064,
            "slot": 2,
            "text": ">0 suns"
        },
        {
            "time": 545.43348,
            "slot": 0,
            "text": "Stfu LC"
        },
        {
            "time": 546.63318,
            "slot": 2,
            "text": "nigga he killed me"
        },
        {
            "time": 548.09952,
            "slot": 2,
            "text": "with 2"
        },
        {
            "time": 549.36588,
            "slot": 2,
            "text": "already"
        },
        {
            "time": 552.83168,
            "slot": 2,
            "text": "you dumb and blind?"
        },
        {
            "time": 555.36438,
            "slot": 0,
            "text": "stupid taco"
        },
        {
            "time": 557.69718,
            "slot": 4,
            "text": "i mean he isnt grossly incandescent"
        },
        {
            "time": 565.22868,
            "slot": 4,
            "text": "but that's hardly his fault"
        },
        {
            "time": 595.62124,
            "slot": 2,
            "text": "its pretty dumb you're complaining, you're literally doing the worst on your team and holding them back LC"
        },
        {
            "time": 661.67178,
            "slot": 5,
            "text": "cagad ade pudge cagada de invoker"
        },
        {
            "time": 666.07068,
            "slot": 5,
            "text": "7 muertoes en bot"
        },
        {
            "time": 669.73648,
            "slot": 5,
            "text": "minuto 4 sunstrikes"
        },
        {
            "time": 670.20303,
            "slot": 2,
            "text": ":C"
        },
        {
            "time": 671.80264,
            "slot": 5,
            "text": "No tiro aqui"
        },
        {
            "time": 676.53482,
            "slot": 4,
            "text": "no"
        },
        {
            "time": 683.39978,
            "slot": 4,
            "text": "un solo muerto"
        },
        {
            "time": 686.59903,
            "slot": 4,
            "text": "7 veces"
        },
        {
            "time": 689.26504,
            "slot": 0,
            "text": "ZERO SUNSTRIKES"
        },
        {
            "time": 690.99798,
            "slot": 0,
            "text": "LC REPORTED"
        },
        {
            "time": 700.79558,
            "slot": 6,
            "text": "solo sabe quejarse"
        },
        {
            "time": 700.86221,
            "slot": 5,
            "text": "0 in bot"
        },
        {
            "time": 701.99528,
            "slot": 5,
            "text": "REtard"
        },
        {
            "time": 718.59118,
            "slot": 0,
            "text": "you said zero in the first statement"
        },
        {
            "time": 720.19078,
            "slot": 0,
            "text": "RETARD"
        },
        {
            "time": 865.52198,
            "slot": 5,
            "text": "tienen stack ahi "
        },
        {
            "time": 867.85478,
            "slot": 5,
            "text": "fast noma"
        },
        {
            "time": 874.91968,
            "slot": 5,
            "text": "Comelo pa"
        },
        {
            "time": 881.51808,
            "slot": 5,
            "text": "A mi me da igual "
        },
        {
            "time": 893.31518,
            "slot": 0,
            "text": "WOAH SUNSTRIKE"
        },
        {
            "time": 898.24738,
            "slot": 2,
            "text": "wow a sunstrike"
        },
        {
            "time": 903.04618,
            "slot": 2,
            "text": "LOL 0 SUNSTRIKES SHIT INVO"
        },
        {
            "time": 904.84578,
            "slot": 2,
            "text": "reported"
        },
        {
            "time": 910.71098,
            "slot": 5,
            "text": "miracle"
        },
        {
            "time": 912.51048,
            "slot": 0,
            "text": "DIDNT KNOW YOU KNEW THAT ONE INVOKER"
        },
        {
            "time": 917.44268,
            "slot": 9,
            "text": "Can you guys report lc please"
        },
        {
            "time": 923.50788,
            "slot": 0,
            "text": "yup np"
        },
        {
            "time": 925.50738,
            "slot": 2,
            "text": "YOU GUYS MUST BE SO THANKFUL TO HAVE THIS AMAZING LC ON YOUR TEAM"
        },
        {
            "time": 929.70628,
            "slot": 9,
            "text": "thx bru"
        },
        {
            "time": 938.57078,
            "slot": 0,
            "text": "you english?"
        },
        {
            "time": 940.57038,
            "slot": 5,
            "text": "Reprot lc? haha"
        },
        {
            "time": 950.10138,
            "slot": 9,
            "text": "First time playing offlane"
        },
        {
            "time": 954.63358,
            "slot": 5,
            "text": "ahaha"
        },
        {
            "time": 957.23298,
            "slot": 5,
            "text": "retard"
        },
        {
            "time": 983.22658,
            "slot": 2,
            "text": "ESKEETIT"
        },
        {
            "time": 1147.65308,
            "slot": 0,
            "text": "gg"
        },
        {
            "time": 1185.17728,
            "slot": 5,
            "text": "proqueria de pudge no jala nada"
        },
        {
            "time": 1187.11008,
            "slot": 5,
            "text": "Ese tipejo"
        },
        {
            "time": 1190.30938,
            "slot": 5,
            "text": "Ni parado"
        },
        {
            "time": 1190.37598,
            "slot": 0,
            "text": "TACOTACOTACO"
        },
        {
            "time": 1198.57398,
            "slot": 0,
            "text": "Get on your own servers retard"
        },
        {
            "time": 1202.83958,
            "slot": 6,
            "text": "quien te armo tan feo pa "
        },
        {
            "time": 1267.82378,
            "slot": 2,
            "text": "not a difficult task"
        },
        {
            "time": 1275.35528,
            "slot": 0,
            "text": "not at all"
        },
        {
            "time": 1279.82078,
            "slot": 6,
            "text": "es normal"
        },
        {
            "time": 1285.68608,
            "slot": 6,
            "text": "no me interresa la verdad"
        },
        {
            "time": 1289.28518,
            "slot": 0,
            "text": "tacotaco"
        },
        {
            "time": 1299.61598,
            "slot": 2,
            "text": "SO CLOSE"
        },
        {
            "time": 1380.86278,
            "slot": 9,
            "text": "ez"
        },
        {
            "time": 1382.32908,
            "slot": 9,
            "text": "report lc"
        },
        {
            "time": 1383.12898,
            "slot": 9,
            "text": "thx"
        },
        {
            "time": 1384.46198,
            "slot": 9,
            "text": "end"
        },
        {
            "time": 1390.66038,
            "slot": 5,
            "text": "haha report lc?"
        },
        {
            "time": 1393.85968,
            "slot": 5,
            "text": "SErrano idiota"
        },
        {
            "time": 1398.65848,
            "slot": 0,
            "text": "REPORT LC"
        },
        {
            "time": 1401.39118,
            "slot": 5,
            "text": "tu pudge no jala nada"
        },
        {
            "time": 1402.25758,
            "slot": 1,
            "text": "We are"
        },
        {
            "time": 1402.52418,
            "slot": 5,
            "text": "viejo "
        },
        {
            "time": 1403.99048,
            "slot": 5,
            "text": "en serio "
        },
        {
            "time": 1407.18968,
            "slot": 0,
            "text": "ARCANA TO EVERYONE THAT DOES"
        },
        {
            "time": 1408.05618,
            "slot": 1,
            "text": "Not gonna lie"
        },
        {
            "time": 1409.18928,
            "slot": 5,
            "text": "no se jala ni el pene"
        },
        {
            "time": 1415.98758,
            "slot": 4,
            "text": "remember when legion died 7 times bot and then just kept dying?"
        },
        {
            "time": 1416.58748,
            "slot": 3,
            "text": "oh damn"
        },
        {
            "time": 1418.45368,
            "slot": 4,
            "text": "i do"
        },
        {
            "time": 1420.45318,
            "slot": 3,
            "text": "I want me some arcana"
        },
        {
            "time": 1429.58428,
            "slot": 0,
            "text": "Then blamed invoker?"
        },
        {
            "time": 1434.38308,
            "slot": 0,
            "text": "sorry pa im not that rich"
        },
        {
            "time": 1437.58228,
            "slot": 9,
            "text": "here"
        },
        {
            "time": 1439.91508,
            "slot": 0,
            "text": "but fuck LC"
        },
        {
            "time": 1459.11038,
            "slot": 0,
            "text": "Lc gave you ez"
        },
        {
            "time": 1534.55858,
            "slot": 9,
            "text": "oh"
        },
        {
            "time": 1535.75828,
            "slot": 3,
            "text": "gg sorry about lc"
        },
        {
            "time": 1538.15778,
            "slot": 5,
            "text": "gg this shit "
        },
        {
            "time": 1538.49098,
            "slot": 9,
            "text": "sad game"
        },
        {
            "time": 1542.02348,
            "slot": 1,
            "text": "Yall didn'"
        }
    ],
    "103": [
        {
            "time": -6.13183,
            "slot": 7,
            "text": "sec"
        },
        {
            "time": -3.99902,
            "slot": 9,
            "text": "hi"
        },
        {
            "time": -3.99902,
            "slot": 9,
            "text": "have fun!"
        },
        {
            "time": -3.99902,
            "slot": 6,
            "text": "ho"
        },
        {
            "time": -3.99902,
            "slot": 2,
            "text": "no fun"
        },
        {
            "time": -3.99902,
            "slot": 5,
            "text": "holaa"
        },
        {
            "time": -3.99902,
            "slot": 2,
            "text": "strictly bussiness"
        },
        {
            "time": -3.99902,
            "slot": 6,
            "text": "juanitoooooooo"
        },
        {
            "time": -3.99902,
            "slot": 4,
            "text": "yaaaaaa"
        },
        {
            "time": -3.99902,
            "slot": 0,
            "text": "kos sher nago"
        },
        {
            "time": -3.99902,
            "slot": 0,
            "text": "mese adam harf bezan"
        },
        {
            "time": -3.99902,
            "slot": 6,
            "text": "mastodonte"
        },
        {
            "time": -3.99902,
            "slot": 2,
            "text": "ekho de puta"
        },
        {
            "time": -3.99902,
            "slot": 7,
            "text": "g"
        },
        {
            "time": -3.99902,
            "slot": 6,
            "text": "hijo*"
        },
        {
            "time": -3.99902,
            "slot": 7,
            "text": "ty"
        },
        {
            "time": -3.99902,
            "slot": 6,
            "text": "g"
        },
        {
            "time": -2.16614,
            "slot": 0,
            "text": "w8 2 more sex"
        },
        {
            "time": 2.79933,
            "slot": 2,
            "text": "report"
        },
        {
            "time": 2.79933,
            "slot": 2,
            "text": "mamad akbari"
        },
        {
            "time": 296.6276,
            "slot": 6,
            "text": "fireworks?"
        },
        {
            "time": 1527.79363,
            "slot": 5,
            "text": "XAXAXAXAXAXAA"
        },
        {
            "time": 1701.01923,
            "slot": 7,
            "text": "gg"
        },
        {
            "time": 1701.55433,
            "slot": 2,
            "text": "XD"
        },
        {
            "time": 1702.75843,
            "slot": 9,
            "text": "gg"
        },
        {
            "time": 1703.49433,
            "slot": 2,
            "text": "ez"
        },
        {
            "time": 1705.03293,
            "slot": 2,
            "text": "sg"
        },
        {
            "time": 1705.23353,
            "slot": 7,
            "text": "ez"
        },
        {
            "time": 1705.70193,
            "slot": 6,
            "text": "DIVINE 3-2 LUL"
        },
        {
            "time": 1705.90253,
            "slot": 2,
            "text": "ez"
        }
    ],
    "104": [
        {
            "time": 539.98229,
            "slot": 1,
            "text": "BRUV"
        },
        {
            "time": 1043.79259,
            "slot": 6,
            "text": "wp"
        },
        {
            "time": 1428.46529,
            "slot": 3,
            "text": "haahha"
        },
        {
            "time": 1429.13189,
            "slot": 2,
            "text": "haha"
        },
        {
            "time": 1431.93119,
            "slot": 2,
            "text": "wowkwok"
        },
        {
            "time": 1592.19199,
            "slot": 0,
            "text": "snipers don't come better than this my friends"
        },
        {
            "time": 1713.36239,
            "slot": 6,
            "text": "wew"
        },
        {
            "time": 1742.88859,
            "slot": 3,
            "text": "gg"
        },
        {
            "time": 1743.22179,
            "slot": 6,
            "text": "nc try nigga"
        },
        {
            "time": 1744.02159,
            "slot": 3,
            "text": "agg"
        },
        {
            "time": 1744.95469,
            "slot": 3,
            "text": "G"
        },
        {
            "time": 1748.75379,
            "slot": 3,
            "text": "GG"
        },
        {
            "time": 1749.75359,
            "slot": 3,
            "text": "GG"
        },
        {
            "time": 1750.48669,
            "slot": 3,
            "text": "GG"
        },
        {
            "time": 1753.08609,
            "slot": 3,
            "text": "GGG"
        },
        {
            "time": 1753.41929,
            "slot": 0,
            "text": "gg wp"
        },
        {
            "time": 1754.15249,
            "slot": 3,
            "text": "gGG"
        },
        {
            "time": 1755.21889,
            "slot": 3,
            "text": "gGG"
        },
        {
            "time": 1755.95209,
            "slot": 4,
            "text": "sad mid"
        },
        {
            "time": 1756.01869,
            "slot": 3,
            "text": "GG"
        },
        {
            "time": 1756.95179,
            "slot": 3,
            "text": "gG"
        },
        {
            "time": 1759.15129,
            "slot": 3,
            "text": "GG"
        },
        {
            "time": 1759.55119,
            "slot": 0,
            "text": "pls commend sniper"
        },
        {
            "time": 1760.15099,
            "slot": 3,
            "text": "GG"
        },
        {
            "time": 1761.21739,
            "slot": 3,
            "text": "GG"
        },
        {
            "time": 1765.94959,
            "slot": 3,
            "text": "COMEND MID "
        },
        {
            "time": 1768.24899,
            "slot": 6,
            "text": "ggwp"
        },
        {
            "time": 1769.11549,
            "slot": 5,
            "text": "Ez"
        },
        {
            "time": 1772.71459,
            "slot": 3,
            "text": "PRO"
        },
        {
            "time": 1772.71459,
            "slot": 6,
            "text": "wp"
        }
    ],
    "105": [
        {
            "time": -394.01563,
            "slot": 2,
            "text": "hey"
        },
        {
            "time": -388.94904,
            "slot": 4,
            "text": "dit me m"
        },
        {
            "time": 708.76032,
            "slot": 0,
            "text": "LMAO"
        },
        {
            "time": 1351.40332,
            "slot": 0,
            "text": "AD"
        },
        {
            "time": 1362.20072,
            "slot": 0,
            "text": "TUOI LOZ XAN HVAI"
        },
        {
            "time": 1381.86262,
            "slot": 0,
            "text": "GG"
        },
        {
            "time": 1384.79522,
            "slot": 0,
            "text": "VIETCOING HAHA"
        },
        {
            "time": 1570.41652,
            "slot": 3,
            "text": "ez"
        },
        {
            "time": 1579.21442,
            "slot": 3,
            "text": "next"
        },
        {
            "time": 1585.01292,
            "slot": 0,
            "text": "LMAO"
        },
        {
            "time": 1586.17932,
            "slot": 1,
            "text": "try hard ^^"
        },
        {
            "time": 1587.24572,
            "slot": 3,
            "text": "noob"
        },
        {
            "time": 1590.41162,
            "slot": 1,
            "text": "so try hard"
        },
        {
            "time": 1594.87722,
            "slot": 5,
            "text": "ez game tryhard fucker nice viper no skill hero pick"
        }
    ],
    "106": [
        {
            "time": 2379.6349,
            "slot": 0,
            "text": "dolbaeb"
        },
        {
            "time": 2380.4377,
            "slot": 0,
            "text": "gii"
        },
        {
            "time": 3573.4347,
            "slot": 3,
            "text": "EZ"
        },
        {
            "time": 3605.0758,
            "slot": 4,
            "text": "commend"
        },
        {
            "time": 3620.1271,
            "slot": 1,
            "text": "JUST"
        },
        {
            "time": 3628.8903,
            "slot": 1,
            "text": "JUST ULT ME"
        },
        {
            "time": 3630.8302,
            "slot": 1,
            "text": "SHIT BS"
        },
        {
            "time": 3638.9245,
            "slot": 6,
            "text": "lol"
        },
        {
            "time": 3640.463,
            "slot": 6,
            "text": "relax"
        },
        {
            "time": 3642.0017,
            "slot": 6,
            "text": "hahahahayha"
        },
        {
            "time": 3646.6842,
            "slot": 6,
            "text": "JUST"
        },
        {
            "time": 3648.758,
            "slot": 6,
            "text": "govorit"
        },
        {
            "time": 3650.0959,
            "slot": 6,
            "text": "ahaghahahaha"
        },
        {
            "time": 3651.6344,
            "slot": 4,
            "text": "HAHAHA"
        },
        {
            "time": 3658.1232,
            "slot": 3,
            "text": "what a game"
        },
        {
            "time": 3675.6496,
            "slot": 4,
            "text": "SEE ME ROLLIN"
        },
        {
            "time": 3831.7653,
            "slot": 1,
            "text": "gg noobs"
        },
        {
            "time": 3833.4254,
            "slot": 4,
            "text": "EZ"
        },
        {
            "time": 3835.4177,
            "slot": 2,
            "text": "gege"
        },
        {
            "time": 3836.4801,
            "slot": 4,
            "text": "commend"
        },
        {
            "time": 3837.609,
            "slot": 2,
            "text": "COMMEND ALL"
        },
        {
            "time": 3839.6677,
            "slot": 6,
            "text": "gg"
        }
    ],
    "107": [
        {
            "time": 3005.66484,
            "slot": 4,
            "text": "1 0"
        },
        {
            "time": 3131.22584,
            "slot": 5,
            "text": "ez"
        }
    ],
    "108": [
        {
            "time": 84.44856,
            "slot": 5,
            "text": "wtf"
        },
        {
            "time": 85.7149,
            "slot": 5,
            "text": "Really"
        },
        {
            "time": 196.1546,
            "slot": 5,
            "text": "this is jsut stupid, im out"
        },
        {
            "time": 206.81866,
            "slot": 8,
            "text": "++"
        }
    ],
    "109": [
        {
            "time": -31.79324,
            "slot": 6,
            "text": "yanga"
        },
        {
            "time": -31.79324,
            "slot": 8,
            "text": "XSID"
        },
        {
            "time": -31.79324,
            "slot": 6,
            "text": "yganda"
        },
        {
            "time": 1686.9214,
            "slot": 8,
            "text": "gg"
        }
    ],
    "110": [
        {
            "time": -657.122182,
            "slot": 5,
            "text": "OMG"
        },
        {
            "time": -649.78896,
            "slot": 5,
            "text": "IT'S REALLY HAPPENING"
        }
    ],
    "111": [
        {
            "time": -1.53296,
            "slot": 9,
            "text": "xD"
        },
        {
            "time": 1480.5052,
            "slot": 9,
            "text": "he's not invis breh"
        },
        {
            "time": 2614.1807,
            "slot": 9,
            "text": "gg"
        },
        {
            "time": 2644.8853,
            "slot": 4,
            "text": "gg"
        },
        {
            "time": 2645.2198,
            "slot": 9,
            "text": "wp"
        },
        {
            "time": 2645.4873,
            "slot": 2,
            "text": "gg"
        },
        {
            "time": 2647.6949,
            "slot": 5,
            "text": "gg"
        },
        {
            "time": 2653.8157,
            "slot": 0,
            "text": "gg"
        },
        {
            "time": 2654.2171,
            "slot": 3,
            "text": "gg"
        }
    ],
    "112": [
        {
            "time": 10.5974,
            "slot": 0,
            "text": "Why"
        },
        {
            "time": 1583.8132,
            "slot": 8,
            "text": "maswerte may clinckz"
        },
        {
            "time": 1661.0611,
            "slot": 0,
            "text": "hahaha"
        },
        {
            "time": 1669.5923,
            "slot": 8,
            "text": "maswerte kayo"
        },
        {
            "time": 1679.9231,
            "slot": 0,
            "text": "nope"
        },
        {
            "time": 1680.1231,
            "slot": 8,
            "text": "hindi marunong mag backup kasama ko"
        },
        {
            "time": 1688.3211,
            "slot": 0,
            "text": "kaw din"
        },
        {
            "time": 1731.7763,
            "slot": 0,
            "text": "Ez"
        },
        {
            "time": 1744.0849,
            "slot": 0,
            "text": "HAhaha"
        },
        {
            "time": 1842.955,
            "slot": 0,
            "text": "Hahaha"
        },
        {
            "time": 1847.6377,
            "slot": 8,
            "text": "ayan magaling na ksama ko"
        },
        {
            "time": 2018.3524,
            "slot": 0,
            "text": "Haha"
        },
        {
            "time": 2077.3534,
            "slot": 8,
            "text": "Haha"
        },
        {
            "time": 2095.6157,
            "slot": 8,
            "text": "aray"
        },
        {
            "time": 2096.4184,
            "slot": 8,
            "text": "haha"
        },
        {
            "time": 2096.6859,
            "slot": 0,
            "text": "Haha"
        },
        {
            "time": 2101.3685,
            "slot": 6,
            "text": "report luna"
        },
        {
            "time": 2112.0047,
            "slot": 1,
            "text": "ano gngwa"
        },
        {
            "time": 2116.286,
            "slot": 0,
            "text": "eh ikaw?"
        },
        {
            "time": 2138.0937,
            "slot": 8,
            "text": "wag ka humarang axe di namn ikaw talaga target ko . hahaha :D"
        },
        {
            "time": 2328.5424,
            "slot": 8,
            "text": "haha"
        },
        {
            "time": 2329.2113,
            "slot": 0,
            "text": "Hahaha"
        },
        {
            "time": 2486.8483,
            "slot": 8,
            "text": "patay ako"
        },
        {
            "time": 2487.8517,
            "slot": 8,
            "text": "hahaha"
        },
        {
            "time": 2493.3371,
            "slot": 8,
            "text": "GG na"
        },
        {
            "time": 2494.8087,
            "slot": 8,
            "text": "hahaha"
        },
        {
            "time": 2542.0363,
            "slot": 0,
            "text": "Hahaha"
        },
        {
            "time": 2545.7155,
            "slot": 8,
            "text": "SS"
        },
        {
            "time": 2714.089,
            "slot": 0,
            "text": "Shower"
        },
        {
            "time": 2719.3067,
            "slot": 0,
            "text": "too ez"
        },
        {
            "time": 2721.9826,
            "slot": 4,
            "text": "lol"
        },
        {
            "time": 2744.9274,
            "slot": 0,
            "text": "Hahaha"
        },
        {
            "time": 2747.8707,
            "slot": 8,
            "text": "haha"
        },
        {
            "time": 2752.754,
            "slot": 0,
            "text": "too ez"
        },
        {
            "time": 2753.0217,
            "slot": 8,
            "text": "buti nalang tanga OD namin"
        },
        {
            "time": 2754.025,
            "slot": 8,
            "text": "hahaa"
        },
        {
            "time": 2761.4503,
            "slot": 0,
            "text": "ikaw din tanga eh"
        },
        {
            "time": 2766.0995,
            "slot": 3,
            "text": "gg"
        },
        {
            "time": 2769.0094,
            "slot": 8,
            "text": "kwawa ka nga sa bot"
        },
        {
            "time": 2775.6989,
            "slot": 0,
            "text": "kaya pala taba ko"
        }
    ],
    "113": [
        {
            "time": -76.3147,
            "slot": 3,
            "text": "no"
        },
        {
            "time": -64.25098,
            "slot": 3,
            "text": "no"
        },
        {
            "time": -49.85449,
            "slot": 3,
            "text": "yes"
        },
        {
            "time": -41.18994,
            "slot": 4,
            "text": "maibe"
        },
        {
            "time": 1335.14066,
            "slot": 7,
            "text": "q oferton!"
        },
        {
            "time": 1593.54426,
            "slot": 9,
            "text": "shdow demon carry"
        },
        {
            "time": 1857.72766,
            "slot": 6,
            "text": "AJJAA"
        },
        {
            "time": 1858.53036,
            "slot": 6,
            "text": "WTF"
        },
        {
            "time": 1865.88886,
            "slot": 4,
            "text": "yolo"
        },
        {
            "time": 1885.28826,
            "slot": 4,
            "text": "kawabancaaa"
        },
        {
            "time": 1903.78456,
            "slot": 7,
            "text": "nyestra en la casa"
        },
        {
            "time": 1929.33836,
            "slot": 4,
            "text": "pls report sd. he is a russian scim"
        },
        {
            "time": 1933.88716,
            "slot": 4,
            "text": "kappa"
        },
        {
            "time": 1942.24896,
            "slot": 5,
            "text": "Nyestra is life"
        },
        {
            "time": 1943.78746,
            "slot": 2,
            "text": "nn"
        },
        {
            "time": 1946.59706,
            "slot": 4,
            "text": "niet"
        },
        {
            "time": 1948.00186,
            "slot": 0,
            "text": "NN"
        },
        {
            "time": 1953.21966,
            "slot": 7,
            "text": "add unity"
        },
        {
            "time": 1975.76306,
            "slot": 5,
            "text": "Ragnaros is life"
        },
        {
            "time": 2000.41376,
            "slot": 4,
            "text": "wc"
        },
        {
            "time": 2000.41376,
            "slot": 2,
            "text": "wait"
        },
        {
            "time": 2000.41376,
            "slot": 4,
            "text": "wait"
        },
        {
            "time": 2000.68136,
            "slot": 6,
            "text": ">Game is Hard"
        }
    ],
    "114": [
        {
            "time": 132.16773,
            "slot": 9,
            "text": "lol"
        },
        {
            "time": 132.16773,
            "slot": 5,
            "text": "y"
        },
        {
            "time": 132.16773,
            "slot": 9,
            "text": "why even try?"
        },
        {
            "time": 134.53383,
            "slot": 2,
            "text": "\\"
        },
        {
            "time": 900.41353,
            "slot": 6,
            "text": "?"
        },
        {
            "time": 1994.74043,
            "slot": 9,
            "text": "Weaver"
        },
        {
            "time": 2130.93763,
            "slot": 1,
            "text": "gg"
        },
        {
            "time": 2232.55043,
            "slot": 6,
            "text": "????"
        },
        {
            "time": 2453.90443,
            "slot": 5,
            "text": "lmao"
        },
        {
            "time": 2480.26093,
            "slot": 2,
            "text": "gg"
        },
        {
            "time": 2480.46153,
            "slot": 6,
            "text": "GG"
        },
        {
            "time": 2481.46503,
            "slot": 8,
            "text": "gg wp"
        }
    ],
    "115": [
        {
            "time": 94.64356,
            "slot": 5,
            "text": "wow"
        },
        {
            "time": 1523.52796,
            "slot": 5,
            "text": "Worth ?"
        }
    ],
    "116": [
        {
            "time": 915.20984,
            "slot": 2,
            "text": "a gente vai perder"
        },
        {
            "time": 919.80874,
            "slot": 2,
            "text": "mas nao porque voces sao bons"
        },
        {
            "time": 925.34074,
            "slot": 2,
            "text": "e sim porque esse time e horrivel"
        },
        {
            "time": 1062.64054,
            "slot": 8,
            "text": "ez"
        },
        {
            "time": 1161.74964,
            "slot": 3,
            "text": "ez"
        },
        {
            "time": 1244.19624,
            "slot": 4,
            "text": "hahhaahaha"
        },
        {
            "time": 1359.70134,
            "slot": 3,
            "text": "ta jogando bem"
        },
        {
            "time": 1372.56484,
            "slot": 5,
            "text": "tu mama"
        },
        {
            "time": 1878.72754,
            "slot": 4,
            "text": "gg jug"
        },
        {
            "time": 1949.23424,
            "slot": 8,
            "text": "gg wp"
        }
    ],
    "117": [
        {
            "time": 646.8463,
            "slot": 9,
            "text": "baited"
        },
        {
            "time": 654.37779,
            "slot": 2,
            "text": "no team xd"
        },
        {
            "time": 698.70033,
            "slot": 5,
            "text": "ROFL"
        },
        {
            "time": 1097.13633,
            "slot": 4,
            "text": ";D"
        },
        {
            "time": 1134.06063,
            "slot": 3,
            "text": "xD"
        },
        {
            "time": 1136.46003,
            "slot": 1,
            "text": "anal"
        },
        {
            "time": 1141.85873,
            "slot": 4,
            "text": "porno en dotsa"
        },
        {
            "time": 1185.74803,
            "slot": 7,
            "text": "ggwp"
        },
        {
            "time": 1185.88133,
            "slot": 3,
            "text": "X"
        },
        {
            "time": 1187.08103,
            "slot": 3,
            "text": "XD"
        },
        {
            "time": 1188.28073,
            "slot": 3,
            "text": "XD"
        }
    ],
    "118": [
        {
            "time": 1970.22114,
            "slot": 3,
            "text": "ez"
        },
        {
            "time": 2186.02284,
            "slot": 3,
            "text": "END"
        },
        {
            "time": 2268.03554,
            "slot": 3,
            "text": "LUL"
        },
        {
            "time": 2311.51704,
            "slot": 8,
            "text": "uu"
        },
        {
            "time": 2315.96544,
            "slot": 5,
            "text": "gg like"
        }
    ],
    "229": [
        {
            "time": 282.56436,
            "slot": 3,
            "text": "very interesting hero"
        },
        {
            "time": 378.74086,
            "slot": 0,
            "text": "yo invo"
        },
        {
            "time": 378.74086,
            "slot": 0,
            "text": "stop "
        },
        {
            "time": 660.20546,
            "slot": 2,
            "text": "u cant stay solo @  mid"
        },
        {
            "time": 666.87052,
            "slot": 2,
            "text": "with sf w/o bounty ?"
        },
        {
            "time": 672.2692,
            "slot": 6,
            "text": "coolstorybob"
        },
        {
            "time": 1103.36396,
            "slot": 3,
            "text": "lol"
        },
        {
            "time": 1104.03046,
            "slot": 0,
            "text": "?"
        },
        {
            "time": 1106.02996,
            "slot": 3,
            "text": "nice combo"
        },
        {
            "time": 1119.49336,
            "slot": 0,
            "text": ":("
        }
    ]
}